Date,open,high,low,close,adjclose,volume,ingested_at_utc
2016-01-04,25.65250015258789,26.342500686645508,25.5,26.337499618530273,23.730947494506836,270597600,2026-03-09 06:50:08.447594+00:00
2016-01-05,26.4375,26.462499618530273,25.602500915527344,25.677499771118164,23.136266708374023,223164000,2026-03-09 06:50:08.447594+00:00
2016-01-06,25.139999389648438,25.592500686645508,24.967500686645508,25.174999237060547,22.68349838256836,273829600,2026-03-09 06:50:08.447594+00:00
2016-01-07,24.670000076293945,25.032499313354492,24.107500076293945,24.112499237060547,21.726152420043945,324377600,2026-03-09 06:50:08.447594+00:00
2016-01-08,24.637500762939453,24.77750015258789,24.190000534057617,24.239999771118164,21.841028213500977,283192000,2026-03-09 06:50:08.447594+00:00
2016-01-11,24.74250030517578,24.764999389648438,24.334999084472656,24.63249969482422,22.194686889648438,198957600,2026-03-09 06:50:08.447594+00:00
2016-01-12,25.137500762939453,25.172500610351562,24.709999084472656,24.989999771118164,22.516807556152344,196616800,2026-03-09 06:50:08.447594+00:00
2016-01-13,25.079999923706055,25.297500610351562,24.325000762939453,24.34749984741211,21.937891006469727,249758400,2026-03-09 06:50:08.447594+00:00
2016-01-14,24.489999771118164,25.1200008392334,23.934999465942383,24.8799991607666,22.417694091796875,252680400,2026-03-09 06:50:08.447594+00:00
2016-01-15,24.049999237060547,24.427499771118164,23.84000015258789,24.282499313354492,21.87932586669922,319335600,2026-03-09 06:50:08.447594+00:00
2016-01-19,24.602500915527344,24.662500381469727,23.875,24.165000915527344,21.77345085144043,212350800,2026-03-09 06:50:08.447594+00:00
2016-01-20,23.774999618530273,24.547500610351562,23.354999542236328,24.197500228881836,21.80274200439453,289337600,2026-03-09 06:50:08.447594+00:00
2016-01-21,24.264999389648438,24.469999313354492,23.735000610351562,24.075000762939453,21.692363739013672,208646000,2026-03-09 06:50:08.447594+00:00
2016-01-22,24.657499313354492,25.364999771118164,24.592500686645508,25.354999542236328,22.845685958862305,263202000,2026-03-09 06:50:08.447594+00:00
2016-01-25,25.3799991607666,25.38249969482422,24.802499771118164,24.860000610351562,22.39966583251953,207178000,2026-03-09 06:50:08.447594+00:00
2016-01-26,24.982500076293945,25.219999313354492,24.517499923706055,24.997499465942383,22.523563385009766,300308000,2026-03-09 06:50:08.447594+00:00
2016-01-27,24.010000228881836,24.157499313354492,23.334999084472656,23.354999542236328,21.043617248535156,533478800,2026-03-09 06:50:08.447594+00:00
2016-01-28,23.447500228881836,23.6299991607666,23.09749984741211,23.522499084472656,21.194543838500977,222715200,2026-03-09 06:50:08.447594+00:00
2016-01-29,23.697500228881836,24.334999084472656,23.587499618530273,24.334999084472656,21.92662239074707,257666000,2026-03-09 06:50:08.447594+00:00
2016-02-01,24.11750030517578,24.177499771118164,23.850000381469727,24.107500076293945,21.721647262573242,163774000,2026-03-09 06:50:08.447594+00:00
2016-02-02,23.854999542236328,24.010000228881836,23.56999969482422,23.6200008392334,21.28238868713379,149428800,2026-03-09 06:50:08.447594+00:00
2016-02-03,23.75,24.209999084472656,23.520000457763672,24.087499618530273,21.70362663269043,183857200,2026-03-09 06:50:08.447594+00:00
2016-02-04,23.96500015258789,24.332500457763672,23.797500610351562,24.149999618530273,21.878013610839844,185886800,2026-03-09 06:50:08.447594+00:00
2016-02-05,24.1299991607666,24.229999542236328,23.422500610351562,23.5049991607666,21.293691635131836,185672400,2026-03-09 06:50:08.447594+00:00
2016-02-08,23.282499313354492,23.924999237060547,23.260000228881836,23.752500534057617,21.517911911010742,216085600,2026-03-09 06:50:08.447594+00:00
2016-02-09,23.572500228881836,23.985000610351562,23.482500076293945,23.747499465942383,21.51337432861328,177324800,2026-03-09 06:50:08.447594+00:00
2016-02-10,23.979999542236328,24.087499618530273,23.524999618530273,23.5674991607666,21.35031509399414,169374400,2026-03-09 06:50:08.447594+00:00
2016-02-11,23.447500228881836,23.68000030517578,23.147499084472656,23.424999237060547,21.221216201782227,200298800,2026-03-09 06:50:08.447594+00:00
2016-02-12,23.547500610351562,23.625,23.252500534057617,23.497499465942383,21.286903381347656,161405600,2026-03-09 06:50:08.447594+00:00
2016-02-16,23.7549991607666,24.212499618530273,23.65250015258789,24.15999984741211,21.887073516845703,196231600,2026-03-09 06:50:08.447594+00:00
2016-02-17,24.167499542236328,24.552499771118164,24.037500381469727,24.530000686645508,22.222261428833008,179452800,2026-03-09 06:50:08.447594+00:00
2016-02-18,24.709999084472656,24.72249984741211,24.022499084472656,24.065000534057617,21.801013946533203,156084000,2026-03-09 06:50:08.447594+00:00
2016-02-19,24.0,24.190000534057617,23.950000762939453,24.010000228881836,21.751188278198242,141496800,2026-03-09 06:50:08.447594+00:00
2016-02-22,24.077499389648438,24.225000381469727,23.979999542236328,24.219999313354492,21.941423416137695,137123200,2026-03-09 06:50:08.447594+00:00
2016-02-23,24.100000381469727,24.125,23.637500762939453,23.672500610351562,21.445436477661133,127770400,2026-03-09 06:50:08.447594+00:00
2016-02-24,23.4950008392334,24.094999313354492,23.329999923706055,24.024999618530273,21.764774322509766,145022800,2026-03-09 06:50:08.447594+00:00
2016-02-25,24.012500762939453,24.190000534057617,23.8125,24.190000534057617,21.91425323486328,110330800,2026-03-09 06:50:08.447594+00:00
2016-02-26,24.299999237060547,24.5049991607666,24.145000457763672,24.227500915527344,21.948225021362305,115964400,2026-03-09 06:50:08.447594+00:00
2016-02-29,24.21500015258789,24.5575008392334,24.162500381469727,24.172500610351562,21.898399353027344,140865200,2026-03-09 06:50:08.447594+00:00
2016-03-01,24.412500381469727,25.1924991607666,24.354999542236328,25.13249969482422,22.768081665039062,201628400,2026-03-09 06:50:08.447594+00:00
2016-03-02,25.127500534057617,25.22249984741211,24.90999984741211,25.1875,22.817909240722656,132678400,2026-03-09 06:50:08.447594+00:00
2016-03-03,25.145000457763672,25.427499771118164,25.112499237060547,25.375,22.987768173217773,147822800,2026-03-09 06:50:08.447594+00:00
2016-03-04,25.592500686645508,25.9375,25.342500686645508,25.752500534057617,23.329755783081055,184220400,2026-03-09 06:50:08.447594+00:00
2016-03-07,25.59749984741211,25.707500457763672,25.239999771118164,25.467500686645508,23.071561813354492,143315600,2026-03-09 06:50:08.447594+00:00
2016-03-08,25.19499969482422,25.440000534057617,25.100000381469727,25.25749969482422,22.88131332397461,126247600,2026-03-09 06:50:08.447594+00:00
2016-03-09,25.327499389648438,25.395000457763672,25.0674991607666,25.280000686645508,22.901702880859375,108806800,2026-03-09 06:50:08.447594+00:00
2016-03-10,25.352500915527344,25.559999465942383,25.037500381469727,25.292499542236328,22.913022994995117,134054400,2026-03-09 06:50:08.447594+00:00
2016-03-11,25.559999465942383,25.56999969482422,25.375,25.565000534057617,23.159894943237305,109632800,2026-03-09 06:50:08.447594+00:00
2016-03-14,25.477500915527344,25.727500915527344,25.44499969482422,25.6299991607666,23.21877670288086,100304400,2026-03-09 06:50:08.447594+00:00
2016-03-15,25.989999771118164,26.295000076293945,25.962499618530273,26.145000457763672,23.685327529907227,160270800,2026-03-09 06:50:08.447594+00:00
2016-03-16,26.15250015258789,26.577499389648438,26.147499084472656,26.49250030517578,24.000133514404297,153214000,2026-03-09 06:50:08.447594+00:00
2016-03-17,26.3799991607666,26.61750030517578,26.239999771118164,26.450000762939453,23.96163558959961,137682800,2026-03-09 06:50:08.447594+00:00
2016-03-18,26.584999084472656,26.625,26.297500610351562,26.479999542236328,23.988813400268555,176820800,2026-03-09 06:50:08.447594+00:00
2016-03-21,26.482500076293945,26.912500381469727,26.28499984741211,26.477500915527344,23.986547470092773,142010800,2026-03-09 06:50:08.447594+00:00
2016-03-22,26.3125,26.822500228881836,26.302499771118164,26.68000030517578,24.169992446899414,129777600,2026-03-09 06:50:08.447594+00:00
2016-03-23,26.6200008392334,26.767499923706055,26.475000381469727,26.532499313354492,24.036365509033203,102814000,2026-03-09 06:50:08.447594+00:00
2016-03-24,26.36750030517578,26.5625,26.22249984741211,26.417499542236328,23.932188034057617,104532000,2026-03-09 06:50:08.447594+00:00
2016-03-28,26.5,26.547500610351562,26.264999389648438,26.297500610351562,23.8234806060791,77645600,2026-03-09 06:50:08.447594+00:00
2016-03-29,26.22249984741211,26.947500228881836,26.219999313354492,26.920000076293945,24.387414932250977,124760400,2026-03-09 06:50:08.447594+00:00
2016-03-30,27.162500381469727,27.604999542236328,27.149999618530273,27.389999389648438,24.81320571899414,182404400,2026-03-09 06:50:08.447594+00:00
2016-03-31,27.43000030517578,27.475000381469727,27.219999313354492,27.247499465942383,24.684106826782227,103553600,2026-03-09 06:50:08.447594+00:00
2016-04-01,27.19499969482422,27.5,27.049999237060547,27.497499465942383,24.910581588745117,103496000,2026-03-09 06:50:08.447594+00:00
2016-04-04,27.604999542236328,28.047500610351562,27.5674991607666,27.780000686645508,25.16651153564453,149424800,2026-03-09 06:50:08.447594+00:00
2016-04-05,27.377500534057617,27.6825008392334,27.354999542236328,27.452499389648438,24.86981964111328,106314800,2026-03-09 06:50:08.447594+00:00
2016-04-06,27.5575008392334,27.7450008392334,27.299999237060547,27.739999771118164,25.130271911621094,105616400,2026-03-09 06:50:08.447594+00:00
2016-04-07,27.487499237060547,27.604999542236328,27.030000686645508,27.135000228881836,24.582191467285156,127207600,2026-03-09 06:50:08.447594+00:00
2016-04-08,27.227500915527344,27.4424991607666,27.042499542236328,27.165000915527344,24.609371185302734,94326800,2026-03-09 06:50:08.447594+00:00
2016-04-11,27.24250030517578,27.65250015258789,27.207500457763672,27.2549991607666,24.69089698791504,117630000,2026-03-09 06:50:08.447594+00:00
2016-04-12,27.334999084472656,27.625,27.165000915527344,27.610000610351562,25.01250457763672,108929200,2026-03-09 06:50:08.447594+00:00
2016-04-13,27.700000762939453,28.084999084472656,27.700000762939453,28.010000228881836,25.374876022338867,133029200,2026-03-09 06:50:08.447594+00:00
2016-04-14,27.905000686645508,28.09749984741211,27.832500457763672,28.024999618530273,25.388456344604492,101895600,2026-03-09 06:50:08.447594+00:00
2016-04-15,28.02750015258789,28.075000762939453,27.4325008392334,27.462499618530273,24.878873825073242,187756000,2026-03-09 06:50:08.447594+00:00
2016-04-18,27.22249984741211,27.237499237060547,26.735000610351562,26.8700008392334,24.34212303161621,243286000,2026-03-09 06:50:08.447594+00:00
2016-04-19,26.969999313354492,27.0,26.5575008392334,26.727500915527344,24.213027954101562,129539600,2026-03-09 06:50:08.447594+00:00
2016-04-20,26.65999984741211,27.022499084472656,26.514999389648438,26.782499313354492,24.262855529785156,122444000,2026-03-09 06:50:08.447594+00:00
2016-04-21,26.732500076293945,26.732500076293945,26.3799991607666,26.49250030517578,24.000133514404297,126210000,2026-03-09 06:50:08.447594+00:00
2016-04-22,26.252500534057617,26.6200008392334,26.155000686645508,26.420000076293945,23.934452056884766,134732400,2026-03-09 06:50:08.447594+00:00
2016-04-25,26.25,26.412500381469727,26.127500534057617,26.270000457763672,23.798566818237305,112126400,2026-03-09 06:50:08.447594+00:00
2016-04-26,25.977500915527344,26.325000762939453,25.977500915527344,26.087499618530273,23.633241653442383,224064800,2026-03-09 06:50:08.447594+00:00
2016-04-27,24.0,24.677499771118164,23.920000076293945,24.454999923706055,22.15431785583496,458408400,2026-03-09 06:50:08.447594+00:00
2016-04-28,24.40250015258789,24.469999313354492,23.5625,23.707500457763672,21.477149963378906,328970800,2026-03-09 06:50:08.447594+00:00
2016-04-29,23.497499465942383,23.68000030517578,23.127500534057617,23.434999465942383,21.230281829833984,274126000,2026-03-09 06:50:08.447594+00:00
2016-05-02,23.49250030517578,23.520000457763672,23.100000381469727,23.40999984741211,21.207626342773438,192640400,2026-03-09 06:50:08.447594+00:00
2016-05-03,23.549999237060547,23.934999465942383,23.420000076293945,23.795000076293945,21.55641746520996,227325200,2026-03-09 06:50:08.447594+00:00
2016-05-04,23.799999237060547,23.975000381469727,23.454999923706055,23.547500610351562,21.332199096679688,164102000,2026-03-09 06:50:08.447594+00:00
2016-05-05,23.5,23.517499923706055,23.170000076293945,23.309999465942383,21.245607376098633,143562000,2026-03-09 06:50:08.447594+00:00
2016-05-06,23.342500686645508,23.362499237060547,22.962499618530273,23.18000030517578,21.127124786376953,174799600,2026-03-09 06:50:08.447594+00:00
2016-05-09,23.25,23.4424991607666,23.147499084472656,23.197500228881836,21.14307403564453,131745600,2026-03-09 06:50:08.447594+00:00
2016-05-10,23.332500457763672,23.392499923706055,23.02750015258789,23.354999542236328,21.286623001098633,134747200,2026-03-09 06:50:08.447594+00:00
2016-05-11,23.3700008392334,23.392499923706055,23.114999771118164,23.127500534057617,21.079265594482422,114876400,2026-03-09 06:50:08.447594+00:00
2016-05-12,23.18000030517578,23.19499969482422,22.36750030517578,22.584999084472656,20.584808349609375,305258800,2026-03-09 06:50:08.447594+00:00
2016-05-13,22.5,22.917499542236328,22.5,22.6299991607666,20.62583351135254,177571200,2026-03-09 06:50:08.447594+00:00
2016-05-16,23.09749984741211,23.59749984741211,22.912500381469727,23.469999313354492,21.391437530517578,245039200,2026-03-09 06:50:08.447594+00:00
2016-05-17,23.637500762939453,23.674999237060547,23.252500534057617,23.372499465942383,21.30257225036621,187667600,2026-03-09 06:50:08.447594+00:00
2016-05-18,23.540000915527344,23.802499771118164,23.47249984741211,23.639999389648438,21.546384811401367,168249600,2026-03-09 06:50:08.447594+00:00
2016-05-19,23.65999984741211,23.65999984741211,23.392499923706055,23.549999237060547,21.464357376098633,121768400,2026-03-09 06:50:08.447594+00:00
2016-05-20,23.65999984741211,23.857500076293945,23.6299991607666,23.80500030517578,21.696767807006836,128104000,2026-03-09 06:50:08.447594+00:00
2016-05-23,23.967500686645508,24.297500610351562,23.917499542236328,24.107500076293945,21.97247886657715,152074400,2026-03-09 06:50:08.447594+00:00
2016-05-24,24.30500030517578,24.522499084472656,24.209999084472656,24.475000381469727,22.307435989379883,140560800,2026-03-09 06:50:08.447594+00:00
2016-05-25,24.667499542236328,24.934999465942383,24.52750015258789,24.905000686645508,22.69935417175293,152675200,2026-03-09 06:50:08.447594+00:00
2016-05-26,24.920000076293945,25.1825008392334,24.65999984741211,25.102500915527344,22.879364013671875,225324800,2026-03-09 06:50:08.447594+00:00
2016-05-27,24.860000610351562,25.11750030517578,24.8125,25.087499618530273,22.86568260192871,145364800,2026-03-09 06:50:08.447594+00:00
2016-05-31,24.899999618530273,25.100000381469727,24.704999923706055,24.96500015258789,22.7540340423584,169228800,2026-03-09 06:50:08.447594+00:00
2016-06-01,24.7549991607666,24.885000228881836,24.582500457763672,24.614999771118164,22.435029983520508,116693200,2026-03-09 06:50:08.447594+00:00
2016-06-02,24.399999618530273,24.459999084472656,24.157499313354492,24.43000030517578,22.26641273498535,160766400,2026-03-09 06:50:08.447594+00:00
2016-06-03,24.447500228881836,24.5674991607666,24.362499237060547,24.479999542236328,22.311994552612305,114019600,2026-03-09 06:50:08.447594+00:00
2016-06-06,24.497499465942383,25.47249984741211,24.387500762939453,24.657499313354492,22.47377586364746,93170000,2026-03-09 06:50:08.447594+00:00
2016-06-07,24.8125,24.967500686645508,24.739999771118164,24.75749969482422,22.564916610717773,89638000,2026-03-09 06:50:08.447594+00:00
2016-06-08,24.7549991607666,24.889999389648438,24.670000076293945,24.735000610351562,22.544403076171875,83392400,2026-03-09 06:50:08.447594+00:00
2016-06-09,24.625,24.997499465942383,24.614999771118164,24.912500381469727,22.70619010925293,106405600,2026-03-09 06:50:08.447594+00:00
2016-06-10,24.63249969482422,24.837499618530273,24.6200008392334,24.707500457763672,22.51934242248535,126851600,2026-03-09 06:50:08.447594+00:00
2016-06-13,24.672500610351562,24.780000686645508,24.274999618530273,24.334999084472656,22.179824829101562,152082000,2026-03-09 06:50:08.447594+00:00
2016-06-14,24.329999923706055,24.6200008392334,24.1875,24.364999771118164,22.207178115844727,127727600,2026-03-09 06:50:08.447594+00:00
2016-06-15,24.454999923706055,24.602500915527344,24.25749969482422,24.28499984741211,22.134258270263672,117780800,2026-03-09 06:50:08.447594+00:00
2016-06-16,24.112499237060547,24.4375,24.017499923706055,24.387500762939453,22.227678298950195,125307200,2026-03-09 06:50:08.447594+00:00
2016-06-17,24.155000686645508,24.162500381469727,23.825000762939453,23.832500457763672,21.721837997436523,244032800,2026-03-09 06:50:08.447594+00:00
2016-06-20,24.0,24.142499923706055,23.75749969482422,23.774999618530273,21.66942596435547,137647600,2026-03-09 06:50:08.447594+00:00
2016-06-21,23.735000610351562,24.087499618530273,23.670000076293945,23.977500915527344,21.85399627685547,142185600,2026-03-09 06:50:08.447594+00:00
2016-06-22,24.0625,24.22249984741211,23.837499618530273,23.887500762939453,21.7719669342041,116876400,2026-03-09 06:50:08.447594+00:00
2016-06-23,23.985000610351562,24.072500228881836,23.8125,24.024999618530273,21.897287368774414,128960800,2026-03-09 06:50:08.447594+00:00
2016-06-24,23.227500915527344,23.665000915527344,23.162500381469727,23.350000381469727,21.282066345214844,301245600,2026-03-09 06:50:08.447594+00:00
2016-06-27,23.25,23.262500762939453,22.875,23.010000228881836,20.972169876098633,181958400,2026-03-09 06:50:08.447594+00:00
2016-06-28,23.225000381469727,23.415000915527344,23.03499984741211,23.397499084472656,21.325361251831055,161779600,2026-03-09 06:50:08.447594+00:00
2016-06-29,23.49250030517578,23.637500762939453,23.407499313354492,23.600000381469727,21.50992774963379,146124000,2026-03-09 06:50:08.447594+00:00
2016-06-30,23.610000610351562,23.9424991607666,23.575000762939453,23.899999618530273,21.783355712890625,143345600,2026-03-09 06:50:08.447594+00:00
2016-07-01,23.872499465942383,24.11750030517578,23.832500457763672,23.97249984741211,21.84943962097168,104106000,2026-03-09 06:50:08.447594+00:00
2016-07-05,23.84749984741211,23.850000381469727,23.614999771118164,23.747499465942383,21.64435577392578,110820800,2026-03-09 06:50:08.447594+00:00
2016-07-06,23.649999618530273,23.915000915527344,23.592500686645508,23.88249969482422,21.76740264892578,123796400,2026-03-09 06:50:08.447594+00:00
2016-07-07,23.924999237060547,24.125,23.905000686645508,23.985000610351562,21.86082649230957,100558400,2026-03-09 06:50:08.447594+00:00
2016-07-08,24.122499465942383,24.22249984741211,24.012500762939453,24.170000076293945,22.029443740844727,115648400,2026-03-09 06:50:08.447594+00:00
2016-07-11,24.1875,24.412500381469727,24.1825008392334,24.2450008392334,22.097803115844727,95179600,2026-03-09 06:50:08.447594+00:00
2016-07-12,24.292499542236328,24.424999237060547,24.280000686645508,24.354999542236328,22.198060989379883,96670000,2026-03-09 06:50:08.447594+00:00
2016-07-13,24.352500915527344,24.417499542236328,24.209999084472656,24.217500686645508,22.072734832763672,103568800,2026-03-09 06:50:08.447594+00:00
2016-07-14,24.34749984741211,24.747499465942383,24.329999923706055,24.697500228881836,22.510223388671875,155676000,2026-03-09 06:50:08.447594+00:00
2016-07-15,24.729999542236328,24.825000762939453,24.625,24.69499969482422,22.50794792175293,120548000,2026-03-09 06:50:08.447594+00:00
2016-07-18,24.674999237060547,25.032499313354492,24.649999618530273,24.957500457763672,22.747207641601562,145975600,2026-03-09 06:50:08.447594+00:00
2016-07-19,24.889999389648438,25.0,24.834999084472656,24.967500686645508,22.756317138671875,95119600,2026-03-09 06:50:08.447594+00:00
2016-07-20,25.0,25.114999771118164,24.934999465942383,24.989999771118164,22.776824951171875,105104000,2026-03-09 06:50:08.447594+00:00
2016-07-21,24.957500457763672,25.25,24.782499313354492,24.857500076293945,22.656055450439453,130808000,2026-03-09 06:50:08.447594+00:00
2016-07-22,24.815000534057617,24.825000762939453,24.577499389648438,24.665000915527344,22.48060417175293,113254800,2026-03-09 06:50:08.447594+00:00
2016-07-25,24.5625,24.709999084472656,24.229999542236328,24.334999084472656,22.179824829101562,161531600,2026-03-09 06:50:08.447594+00:00
2016-07-26,24.204999923706055,24.49250030517578,24.104999542236328,24.167499542236328,22.027170181274414,224959200,2026-03-09 06:50:08.447594+00:00
2016-07-27,26.0674991607666,26.087499618530273,25.6875,25.737499237060547,23.45812225341797,369379200,2026-03-09 06:50:08.447594+00:00
2016-07-28,25.707500457763672,26.112499237060547,25.704999923706055,26.084999084472656,23.77483558654785,159479200,2026-03-09 06:50:08.447594+00:00
2016-07-29,26.047500610351562,26.137500762939453,25.920000076293945,26.052499771118164,23.745227813720703,110934800,2026-03-09 06:50:08.447594+00:00
2016-08-01,26.102500915527344,26.537500381469727,26.102500915527344,26.512500762939453,24.164485931396484,152671600,2026-03-09 06:50:08.447594+00:00
2016-08-02,26.512500762939453,26.517499923706055,26.0,26.1200008392334,23.80674934387207,135266400,2026-03-09 06:50:08.447594+00:00
2016-08-03,26.202499389648438,26.459999084472656,26.1924991607666,26.447500228881836,24.105243682861328,120810400,2026-03-09 06:50:08.447594+00:00
2016-08-04,26.395000457763672,26.5,26.31999969482422,26.467500686645508,24.2541561126709,109634800,2026-03-09 06:50:08.447594+00:00
2016-08-05,26.5674991607666,26.912500381469727,26.545000076293945,26.8700008392334,24.62299919128418,162213600,2026-03-09 06:50:08.447594+00:00
2016-08-08,26.8799991607666,27.092500686645508,26.790000915527344,27.092500686645508,24.826881408691406,112148800,2026-03-09 06:50:08.447594+00:00
2016-08-09,27.0575008392334,27.235000610351562,27.002500534057617,27.202499389648438,24.927692413330078,105260800,2026-03-09 06:50:08.447594+00:00
2016-08-10,27.177499771118164,27.225000381469727,26.940000534057617,27.0,24.74212646484375,96034000,2026-03-09 06:50:08.447594+00:00
2016-08-11,27.1299991607666,27.232500076293945,26.962499618530273,26.982500076293945,24.726083755493164,109938000,2026-03-09 06:50:08.447594+00:00
2016-08-12,26.94499969482422,27.110000610351562,26.94499969482422,27.045000076293945,24.783357620239258,74641600,2026-03-09 06:50:08.447594+00:00
2016-08-15,27.03499984741211,27.385000228881836,27.020000457763672,27.3700008392334,25.08118438720703,103472800,2026-03-09 06:50:08.447594+00:00
2016-08-16,27.407499313354492,27.5575008392334,27.302499771118164,27.344999313354492,25.058271408081055,135177600,2026-03-09 06:50:08.447594+00:00
2016-08-17,27.274999618530273,27.342500686645508,27.084999084472656,27.30500030517578,25.02161979675293,101424000,2026-03-09 06:50:08.447594+00:00
2016-08-18,27.3075008392334,27.399999618530273,27.2549991607666,27.270000457763672,24.98954963684082,87938800,2026-03-09 06:50:08.447594+00:00
2016-08-19,27.1924991607666,27.422500610351562,27.09000015258789,27.34000015258789,25.053691864013672,101472400,2026-03-09 06:50:08.447594+00:00
2016-08-22,27.21500015258789,27.274999618530273,26.962499618530273,27.127500534057617,24.858959197998047,103280800,2026-03-09 06:50:08.447594+00:00
2016-08-23,27.147499084472656,27.329999923706055,27.13249969482422,27.212499618530273,24.93684959411621,85030800,2026-03-09 06:50:08.447594+00:00
2016-08-24,27.142499923706055,27.1875,26.920000076293945,27.00749969482422,24.74899673461914,94700400,2026-03-09 06:50:08.447594+00:00
2016-08-25,26.84749984741211,26.969999313354492,26.670000076293945,26.892499923706055,24.643613815307617,100344800,2026-03-09 06:50:08.447594+00:00
2016-08-26,26.852500915527344,26.987499237060547,26.577499389648438,26.735000610351562,24.499286651611328,111065200,2026-03-09 06:50:08.447594+00:00
2016-08-29,26.655000686645508,26.860000610351562,26.572500228881836,26.704999923706055,24.4717960357666,99881200,2026-03-09 06:50:08.447594+00:00
2016-08-30,26.450000762939453,26.625,26.375,26.5,24.283935546875,99455600,2026-03-09 06:50:08.447594+00:00
2016-08-31,26.415000915527344,26.642499923706055,26.40999984741211,26.524999618530273,24.306842803955078,118649600,2026-03-09 06:50:08.447594+00:00
2016-09-01,26.53499984741211,26.700000762939453,26.405000686645508,26.6825008392334,24.451175689697266,106806000,2026-03-09 06:50:08.447594+00:00
2016-09-02,26.924999237060547,27.0,26.704999923706055,26.9325008392334,24.680267333984375,107210000,2026-03-09 06:50:08.447594+00:00
2016-09-06,26.975000381469727,27.075000762939453,26.877500534057617,26.924999237060547,24.67340087890625,107521600,2026-03-09 06:50:08.447594+00:00
2016-09-07,26.957500457763672,27.190000534057617,26.767499923706055,27.09000015258789,24.824596405029297,169457200,2026-03-09 06:50:08.447594+00:00
2016-09-08,26.8125,26.8174991607666,26.309999465942383,26.3799991607666,24.173973083496094,212008000,2026-03-09 06:50:08.447594+00:00
2016-09-09,26.15999984741211,26.43000030517578,25.782499313354492,25.782499313354492,23.626432418823242,186228000,2026-03-09 06:50:08.447594+00:00
2016-09-12,25.662500381469727,26.43000030517578,25.63249969482422,26.360000610351562,24.1556453704834,181171200,2026-03-09 06:50:08.447594+00:00
2016-09-13,26.877500534057617,27.197500228881836,26.809999465942383,26.987499237060547,24.730669021606445,248704800,2026-03-09 06:50:08.447594+00:00
2016-09-14,27.1825008392334,28.25749969482422,27.149999618530273,27.9424991607666,25.605806350708008,443554800,2026-03-09 06:50:08.447594+00:00
2016-09-15,28.46500015258789,28.9325008392334,28.372499465942383,28.892499923706055,26.476369857788086,359934400,2026-03-09 06:50:08.447594+00:00
2016-09-16,28.780000686645508,29.032499313354492,28.510000228881836,28.729999542236328,26.327449798583984,319547600,2026-03-09 06:50:08.447594+00:00
2016-09-19,28.797500610351562,29.045000076293945,28.3125,28.395000457763672,26.020465850830078,188092000,2026-03-09 06:50:08.447594+00:00
2016-09-20,28.262500762939453,28.530000686645508,28.127500534057617,28.392499923706055,26.018177032470703,138057200,2026-03-09 06:50:08.447594+00:00
2016-09-21,28.462499618530273,28.497499465942383,28.110000610351562,28.387500762939453,26.013595581054688,144012800,2026-03-09 06:50:08.447594+00:00
2016-09-22,28.587499618530273,28.735000610351562,28.5,28.655000686645508,26.258726119995117,124296000,2026-03-09 06:50:08.447594+00:00
2016-09-23,28.604999542236328,28.697500228881836,27.887500762939453,28.177499771118164,25.821151733398438,209924800,2026-03-09 06:50:08.447594+00:00
2016-09-26,27.90999984741211,28.34749984741211,27.887500762939453,28.219999313354492,25.860105514526367,119477600,2026-03-09 06:50:08.447594+00:00
2016-09-27,28.25,28.295000076293945,28.084999084472656,28.272499084472656,25.9082088470459,98429600,2026-03-09 06:50:08.447594+00:00
2016-09-28,28.422500610351562,28.65999984741211,28.357500076293945,28.487499237060547,26.1052303314209,118564400,2026-03-09 06:50:08.447594+00:00
2016-09-29,28.290000915527344,28.450000762939453,27.950000762939453,28.045000076293945,25.699735641479492,143548000,2026-03-09 06:50:08.447594+00:00
2016-09-30,28.114999771118164,28.342500686645508,27.950000762939453,28.262500762939453,25.899045944213867,145516400,2026-03-09 06:50:08.447594+00:00
2016-10-03,28.177499771118164,28.262500762939453,28.06999969482422,28.1299991607666,25.777629852294922,86807200,2026-03-09 06:50:08.447594+00:00
2016-10-04,28.264999389648438,28.577499389648438,28.157499313354492,28.25,25.887596130371094,118947200,2026-03-09 06:50:08.447594+00:00
2016-10-05,28.350000381469727,28.415000915527344,28.172500610351562,28.262500762939453,25.899045944213867,85812400,2026-03-09 06:50:08.447594+00:00
2016-10-06,28.424999237060547,28.584999084472656,28.282499313354492,28.47249984741211,26.091480255126953,115117200,2026-03-09 06:50:08.447594+00:00
2016-10-07,28.577499389648438,28.639999389648438,28.377500534057617,28.514999389648438,26.13042449951172,97433600,2026-03-09 06:50:08.447594+00:00
2016-10-10,28.7549991607666,29.1875,28.68000030517578,29.012500762939453,26.586328506469727,144944000,2026-03-09 06:50:08.447594+00:00
2016-10-11,29.424999237060547,29.672500610351562,29.049999237060547,29.075000762939453,26.64360237121582,256164000,2026-03-09 06:50:08.447594+00:00
2016-10-12,29.337499618530273,29.4950008392334,29.1875,29.334999084472656,26.88185691833496,150347200,2026-03-09 06:50:08.447594+00:00
2016-10-13,29.197500228881836,29.360000610351562,28.93000030517578,29.2450008392334,26.79939079284668,140769600,2026-03-09 06:50:08.447594+00:00
2016-10-14,29.469999313354492,29.542499542236328,29.282499313354492,29.407499313354492,26.94829750061035,142608800,2026-03-09 06:50:08.447594+00:00
2016-10-17,29.332500457763672,29.459999084472656,29.19499969482422,29.387500762939453,26.929973602294922,94499600,2026-03-09 06:50:08.447594+00:00
2016-10-18,29.545000076293945,29.552499771118164,29.362499237060547,29.36750030517578,26.91164207458496,98214000,2026-03-09 06:50:08.447594+00:00
2016-10-19,29.3125,29.440000534057617,28.450000762939453,29.280000686645508,26.831457138061523,80138400,2026-03-09 06:50:08.447594+00:00
2016-10-20,29.21500015258789,29.344999313354492,29.082500457763672,29.264999389648438,26.817712783813477,96503200,2026-03-09 06:50:08.447594+00:00
2016-10-21,29.202499389648438,29.227500915527344,29.06999969482422,29.149999618530273,26.71233367919922,92770800,2026-03-09 06:50:08.447594+00:00
2016-10-24,29.274999618530273,29.434999465942383,29.25,29.412500381469727,26.9528751373291,94154800,2026-03-09 06:50:08.447594+00:00
2016-10-25,29.487499237060547,29.59000015258789,29.327499389648438,29.5625,27.09033966064453,192516000,2026-03-09 06:50:08.447594+00:00
2016-10-26,28.577499389648438,28.924999237060547,28.327499389648438,28.897499084472656,26.48094940185547,264536800,2026-03-09 06:50:08.447594+00:00
2016-10-27,28.84749984741211,28.96500015258789,28.524999618530273,28.6200008392334,26.226652145385742,138248000,2026-03-09 06:50:08.447594+00:00
2016-10-28,28.467500686645508,28.802499771118164,28.362499237060547,28.43000030517578,26.05254364013672,151446800,2026-03-09 06:50:08.447594+00:00
2016-10-31,28.412500381469727,28.5575008392334,28.299999237060547,28.385000228881836,26.011301040649414,105677600,2026-03-09 06:50:08.447594+00:00
2016-11-01,28.364999771118164,28.4424991607666,27.63249969482422,27.872499465942383,25.541664123535156,175303200,2026-03-09 06:50:08.447594+00:00
2016-11-02,27.850000381469727,28.087499618530273,27.8075008392334,27.897499084472656,25.5645694732666,113326800,2026-03-09 06:50:08.447594+00:00
2016-11-03,27.7450008392334,27.864999771118164,27.387500762939453,27.457500457763672,25.290550231933594,107730400,2026-03-09 06:50:08.447594+00:00
2016-11-04,27.13249969482422,27.5625,27.02750015258789,27.209999084472656,25.062583923339844,123348000,2026-03-09 06:50:08.447594+00:00
2016-11-07,27.520000457763672,27.627500534057617,27.364999771118164,27.602500915527344,25.424110412597656,130240000,2026-03-09 06:50:08.447594+00:00
2016-11-08,27.577499389648438,27.93000030517578,27.424999237060547,27.764999389648438,25.57377815246582,97016800,2026-03-09 06:50:08.447594+00:00
2016-11-09,27.469999313354492,27.829999923706055,27.012500762939453,27.719999313354492,25.532329559326172,236705600,2026-03-09 06:50:08.447594+00:00
2016-11-10,27.772499084472656,27.772499084472656,26.457500457763672,26.947500228881836,24.820798873901367,228538000,2026-03-09 06:50:08.447594+00:00
2016-11-11,26.780000686645508,27.217500686645508,26.637500762939453,27.107500076293945,24.968172073364258,136575600,2026-03-09 06:50:08.447594+00:00
2016-11-14,26.927499771118164,26.952499389648438,26.020000457763672,26.427499771118164,24.341838836669922,204702000,2026-03-09 06:50:08.447594+00:00
2016-11-15,26.642499923706055,26.920000076293945,26.540000915527344,26.77750015258789,24.664215087890625,129058000,2026-03-09 06:50:08.447594+00:00
2016-11-16,26.674999237060547,27.5575008392334,26.649999618530273,27.497499465942383,25.327392578125,235362000,2026-03-09 06:50:08.447594+00:00
2016-11-17,27.452499389648438,27.587499618530273,27.207500457763672,27.487499237060547,25.31817626953125,110528000,2026-03-09 06:50:08.447594+00:00
2016-11-18,27.43000030517578,27.635000228881836,27.415000915527344,27.514999389648438,25.343505859375,113715600,2026-03-09 06:50:08.447594+00:00
2016-11-21,27.530000686645508,27.997499465942383,27.502500534057617,27.9325008392334,25.72806167602539,117058400,2026-03-09 06:50:08.447594+00:00
2016-11-22,27.987499237060547,28.104999542236328,27.850000381469727,27.950000762939453,25.744176864624023,103862000,2026-03-09 06:50:08.447594+00:00
2016-11-23,27.84000015258789,27.877500534057617,27.582500457763672,27.8075008392334,25.612924575805664,109705600,2026-03-09 06:50:08.447594+00:00
2016-11-25,27.782499313354492,27.967500686645508,27.737499237060547,27.947500228881836,25.741878509521484,45903600,2026-03-09 06:50:08.447594+00:00
2016-11-28,27.857500076293945,28.11750030517578,27.84749984741211,27.892499923706055,25.691219329833984,108776000,2026-03-09 06:50:08.447594+00:00
2016-11-29,27.69499969482422,28.00749969482422,27.517499923706055,27.864999771118164,25.66588592529297,114115200,2026-03-09 06:50:08.447594+00:00
2016-11-30,27.899999618530273,28.049999237060547,27.5674991607666,27.6299991607666,25.449434280395508,144649200,2026-03-09 06:50:08.447594+00:00
2016-12-01,27.592500686645508,27.735000610351562,27.25749969482422,27.372499465942383,25.212255477905273,148347600,2026-03-09 06:50:08.447594+00:00
2016-12-02,27.292499542236328,27.522499084472656,27.212499618530273,27.475000381469727,25.306669235229492,106112000,2026-03-09 06:50:08.447594+00:00
2016-12-05,27.5,27.50749969482422,27.0625,27.27750015258789,25.124757766723633,137298000,2026-03-09 06:50:08.447594+00:00
2016-12-06,27.375,27.59000015258789,27.297500610351562,27.487499237060547,25.31817626953125,104782000,2026-03-09 06:50:08.447594+00:00
2016-12-07,27.315000534057617,27.797500610351562,27.290000915527344,27.75749969482422,25.566871643066406,119994800,2026-03-09 06:50:08.447594+00:00
2016-12-08,27.71500015258789,28.107500076293945,27.649999618530273,28.030000686645508,25.81786346435547,108273200,2026-03-09 06:50:08.447594+00:00
2016-12-09,28.077499389648438,28.674999237060547,28.077499389648438,28.487499237060547,26.2392635345459,137610400,2026-03-09 06:50:08.447594+00:00
2016-12-12,28.322500228881836,28.75,28.122499465942383,28.325000762939453,26.089582443237305,105497600,2026-03-09 06:50:08.447594+00:00
2016-12-13,28.459999084472656,28.979999542236328,28.4375,28.797500610351562,26.52479362487793,174935200,2026-03-09 06:50:08.447594+00:00
2016-12-14,28.760000228881836,29.049999237060547,28.7450008392334,28.797500610351562,26.52479362487793,136127200,2026-03-09 06:50:08.447594+00:00
2016-12-15,28.844999313354492,29.1825008392334,28.8075008392334,28.954999923706055,26.669870376586914,186098000,2026-03-09 06:50:08.447594+00:00
2016-12-16,29.11750030517578,29.125,28.912500381469727,28.99250030517578,26.70440673828125,177404400,2026-03-09 06:50:08.447594+00:00
2016-12-19,28.950000762939453,29.344999313354492,28.9375,29.15999984741211,26.858686447143555,111117600,2026-03-09 06:50:08.447594+00:00
2016-12-20,29.184999465942383,29.375,29.170000076293945,29.237499237060547,26.930070877075195,85700000,2026-03-09 06:50:08.447594+00:00
2016-12-21,29.200000762939453,29.350000381469727,29.19499969482422,29.264999389648438,26.955398559570312,95132800,2026-03-09 06:50:08.447594+00:00
2016-12-22,29.087499618530273,29.127500534057617,28.90999984741211,29.072500228881836,26.778087615966797,104343600,2026-03-09 06:50:08.447594+00:00
2016-12-23,28.897499084472656,29.1299991607666,28.897499084472656,29.1299991607666,26.831056594848633,56998000,2026-03-09 06:50:08.447594+00:00
2016-12-27,29.1299991607666,29.450000762939453,29.122499465942383,29.315000534057617,27.001455307006836,73187600,2026-03-09 06:50:08.447594+00:00
2016-12-28,29.3799991607666,29.5049991607666,29.049999237060547,29.190000534057617,26.886323928833008,83623600,2026-03-09 06:50:08.447594+00:00
2016-12-29,29.112499237060547,29.27750015258789,29.100000381469727,29.1825008392334,26.879409790039062,60158000,2026-03-09 06:50:08.447594+00:00
2016-12-30,29.162500381469727,29.299999237060547,28.857500076293945,28.954999923706055,26.669870376586914,122345200,2026-03-09 06:50:08.447594+00:00
2017-01-03,28.950000762939453,29.082500457763672,28.690000534057617,29.037500381469727,26.745853424072266,115127600,2026-03-09 06:50:08.447594+00:00
2017-01-04,28.962499618530273,29.127500534057617,28.9375,29.0049991607666,26.71591567993164,84472400,2026-03-09 06:50:08.447594+00:00
2017-01-05,28.979999542236328,29.21500015258789,28.952499389648438,29.15250015258789,26.85177230834961,88774400,2026-03-09 06:50:08.447594+00:00
2017-01-06,29.19499969482422,29.540000915527344,29.11750030517578,29.477500915527344,27.151126861572266,127007600,2026-03-09 06:50:08.447594+00:00
2017-01-09,29.487499237060547,29.857500076293945,29.485000610351562,29.747499465942383,27.399824142456055,134247600,2026-03-09 06:50:08.447594+00:00
2017-01-10,29.6924991607666,29.844999313354492,29.575000762939453,29.77750015258789,27.427457809448242,97848400,2026-03-09 06:50:08.447594+00:00
2017-01-11,29.684999465942383,29.982500076293945,29.649999618530273,29.9375,27.574827194213867,110354400,2026-03-09 06:50:08.447594+00:00
2017-01-12,29.725000381469727,29.825000762939453,29.552499771118164,29.8125,27.459688186645508,108344800,2026-03-09 06:50:08.447594+00:00
2017-01-13,29.77750015258789,29.905000686645508,29.702499389648438,29.760000228881836,27.411333084106445,104447600,2026-03-09 06:50:08.447594+00:00
2017-01-17,29.584999084472656,30.059999465942383,29.55500030517578,30.0,27.632394790649414,137759200,2026-03-09 06:50:08.447594+00:00
2017-01-18,30.0,30.125,29.927499771118164,29.997499465942383,27.63009262084961,94852000,2026-03-09 06:50:08.447594+00:00
2017-01-19,29.850000381469727,30.022499084472656,29.842500686645508,29.94499969482422,27.581735610961914,102389200,2026-03-09 06:50:08.447594+00:00
2017-01-20,30.112499237060547,30.112499237060547,29.9325008392334,30.0,27.632394790649414,130391600,2026-03-09 06:50:08.447594+00:00
2017-01-23,30.0,30.202499389648438,29.9424991607666,30.020000457763672,27.65081024169922,88200800,2026-03-09 06:50:08.447594+00:00
2017-01-24,29.887500762939453,30.024999618530273,29.875,29.99250030517578,27.625484466552734,92844000,2026-03-09 06:50:08.447594+00:00
2017-01-25,30.104999542236328,30.524999618530273,30.06999969482422,30.469999313354492,28.065305709838867,129510400,2026-03-09 06:50:08.447594+00:00
2017-01-26,30.417499542236328,30.610000610351562,30.399999618530273,30.485000610351562,28.079120635986328,105350400,2026-03-09 06:50:08.447594+00:00
2017-01-27,30.53499984741211,30.587499618530273,30.399999618530273,30.487499237060547,28.0814266204834,82251600,2026-03-09 06:50:08.447594+00:00
2017-01-30,30.232500076293945,30.407499313354492,30.165000915527344,30.407499313354492,28.00773811340332,121510000,2026-03-09 06:50:08.447594+00:00
2017-01-31,30.287500381469727,30.34749984741211,30.155000686645508,30.337499618530273,27.943262100219727,196804000,2026-03-09 06:50:08.447594+00:00
2017-02-01,31.75749969482422,32.622501373291016,31.752500534057617,32.1875,29.64725685119629,447940000,2026-03-09 06:50:08.447594+00:00
2017-02-02,31.9950008392334,32.34749984741211,31.94499969482422,32.13249969482422,29.596595764160156,134841600,2026-03-09 06:50:08.447594+00:00
2017-02-03,32.07749938964844,32.29750061035156,32.040000915527344,32.27000045776367,29.723249435424805,98029200,2026-03-09 06:50:08.447594+00:00
2017-02-06,32.282501220703125,32.625,32.224998474121094,32.5724983215332,30.001874923706055,107383600,2026-03-09 06:50:08.447594+00:00
2017-02-07,32.6349983215332,33.022499084472656,32.61249923706055,32.88249969482422,30.287405014038086,152735200,2026-03-09 06:50:08.447594+00:00
2017-02-08,32.837501525878906,33.05500030517578,32.80500030517578,33.0099983215332,30.40484046936035,92016400,2026-03-09 06:50:08.447594+00:00
2017-02-09,32.912498474121094,33.11249923706055,32.779998779296875,33.10499954223633,30.624561309814453,113399600,2026-03-09 06:50:08.447594+00:00
2017-02-10,33.1150016784668,33.23500061035156,33.01250076293945,33.029998779296875,30.555166244506836,80262000,2026-03-09 06:50:08.447594+00:00
2017-02-13,33.27000045776367,33.45500183105469,33.1875,33.3224983215332,30.825746536254883,92141600,2026-03-09 06:50:08.447594+00:00
2017-02-14,33.36750030517578,33.772499084472656,33.3125,33.755001068115234,31.225849151611328,132904800,2026-03-09 06:50:08.447594+00:00
2017-02-15,33.880001068115234,34.067501068115234,33.654998779296875,33.877498626708984,31.339170455932617,142492400,2026-03-09 06:50:08.447594+00:00
2017-02-16,33.91749954223633,33.974998474121094,33.709999084472656,33.837501525878906,31.302169799804688,90338400,2026-03-09 06:50:08.447594+00:00
2017-02-17,33.775001525878906,33.95750045776367,33.775001525878906,33.93000030517578,31.387737274169922,88792800,2026-03-09 06:50:08.447594+00:00
2017-02-21,34.057498931884766,34.1875,33.994998931884766,34.17499923706055,31.614383697509766,98028800,2026-03-09 06:50:08.447594+00:00
2017-02-22,34.10749816894531,34.279998779296875,34.02750015258789,34.27750015258789,31.709199905395508,83347600,2026-03-09 06:50:08.447594+00:00
2017-02-23,34.345001220703125,34.369998931884766,34.07500076293945,34.13249969482422,31.57506561279297,83152800,2026-03-09 06:50:08.447594+00:00
2017-02-24,33.977500915527344,34.165000915527344,33.81999969482422,34.165000915527344,31.60512924194336,87106400,2026-03-09 06:50:08.447594+00:00
2017-02-27,34.28499984741211,34.36000061035156,34.06999969482422,34.23249816894531,31.667560577392578,81029600,2026-03-09 06:50:08.447594+00:00
2017-02-28,34.27000045776367,34.36000061035156,34.17499923706055,34.247501373291016,31.681440353393555,93931600,2026-03-09 06:50:08.447594+00:00
2017-03-01,34.47249984741211,35.037498474121094,34.400001525878906,34.9474983215332,32.32898712158203,145658400,2026-03-09 06:50:08.447594+00:00
2017-03-02,35.0,35.06999969482422,34.689998626708984,34.7400016784668,32.13704299926758,104844000,2026-03-09 06:50:08.447594+00:00
2017-03-03,34.69499969482422,34.95750045776367,34.647499084472656,34.94499969482422,32.32668685913086,84432400,2026-03-09 06:50:08.447594+00:00
2017-03-06,34.842498779296875,34.942501068115234,34.650001525878906,34.834999084472656,32.224918365478516,87000000,2026-03-09 06:50:08.447594+00:00
2017-03-07,34.76499938964844,34.994998931884766,34.6974983215332,34.880001068115234,32.266563415527344,69785200,2026-03-09 06:50:08.447594+00:00
2017-03-08,34.73749923706055,34.95000076293945,34.70500183105469,34.75,32.14629364013672,74828800,2026-03-09 06:50:08.447594+00:00
2017-03-09,34.685001373291016,34.6974983215332,34.26250076293945,34.66999816894531,32.0722770690918,88623600,2026-03-09 06:50:08.447594+00:00
2017-03-10,34.8125,34.84000015258789,34.65999984741211,34.78499984741211,32.17865753173828,78451200,2026-03-09 06:50:08.447594+00:00
2017-03-13,34.712501525878906,34.85749816894531,34.70500183105469,34.79999923706055,32.192543029785156,69686800,2026-03-09 06:50:08.447594+00:00
2017-03-14,34.82500076293945,34.912498474121094,34.709999084472656,34.747501373291016,32.143978118896484,61236400,2026-03-09 06:50:08.447594+00:00
2017-03-15,34.852500915527344,35.1875,34.75749969482422,35.1150016784668,32.48394012451172,102767200,2026-03-09 06:50:08.447594+00:00
2017-03-16,35.18000030517578,35.255001068115234,35.064998626708984,35.17250061035156,32.53714370727539,76928000,2026-03-09 06:50:08.447594+00:00
2017-03-17,35.25,35.25,34.97249984741211,34.997501373291016,32.37525939941406,175540000,2026-03-09 06:50:08.447594+00:00
2017-03-20,35.099998474121094,35.375,35.057498931884766,35.3650016784668,32.7152214050293,86168000,2026-03-09 06:50:08.447594+00:00
2017-03-21,35.52750015258789,35.70000076293945,34.932498931884766,34.959999084472656,32.34056854248047,158119600,2026-03-09 06:50:08.447594+00:00
2017-03-22,34.962501525878906,35.400001525878906,34.939998626708984,35.35499954223633,32.70597457885742,103440800,2026-03-09 06:50:08.447594+00:00
2017-03-23,35.314998626708984,35.39500045776367,35.15250015258789,35.22999954223633,32.590335845947266,81385200,2026-03-09 06:50:08.447594+00:00
2017-03-24,35.375,35.435001373291016,35.087501525878906,35.15999984741211,32.52556228637695,89582400,2026-03-09 06:50:08.447594+00:00
2017-03-27,34.84749984741211,35.30500030517578,34.654998779296875,35.220001220703125,32.581085205078125,94300400,2026-03-09 06:50:08.447594+00:00
2017-03-28,35.227500915527344,36.0099983215332,35.154998779296875,35.95000076293945,33.25638198852539,133499200,2026-03-09 06:50:08.447594+00:00
2017-03-29,35.91999816894531,36.122501373291016,35.79750061035156,36.029998779296875,33.33039474487305,116760000,2026-03-09 06:50:08.447594+00:00
2017-03-30,36.04750061035156,36.125,35.875,35.98249816894531,33.28644561767578,84829200,2026-03-09 06:50:08.447594+00:00
2017-03-31,35.93000030517578,36.067501068115234,35.752498626708984,35.915000915527344,33.22400665283203,78646800,2026-03-09 06:50:08.447594+00:00
2017-04-03,35.9275016784668,36.029998779296875,35.76250076293945,35.92499923706055,33.23324203491211,79942800,2026-03-09 06:50:08.447594+00:00
2017-04-04,35.8125,36.22249984741211,35.79249954223633,36.192501068115234,33.4807243347168,79565600,2026-03-09 06:50:08.447594+00:00
2017-04-05,36.05500030517578,36.3650016784668,35.95249938964844,36.005001068115234,33.30725860595703,110871600,2026-03-09 06:50:08.447594+00:00
2017-04-06,36.0724983215332,36.130001068115234,35.86249923706055,35.915000915527344,33.22400665283203,84596000,2026-03-09 06:50:08.447594+00:00
2017-04-07,35.932498931884766,36.04499816894531,35.817501068115234,35.834999084472656,33.14999771118164,66688800,2026-03-09 06:50:08.447594+00:00
2017-04-10,35.900001525878906,35.970001220703125,35.724998474121094,35.79249954223633,33.11068344116211,75733600,2026-03-09 06:50:08.447594+00:00
2017-04-11,35.73500061035156,35.837501525878906,35.01499938964844,35.407501220703125,32.75454330444336,121517600,2026-03-09 06:50:08.447594+00:00
2017-04-12,35.400001525878906,35.537498474121094,35.252498626708984,35.45000076293945,32.79384994506836,81400000,2026-03-09 06:50:08.447594+00:00
2017-04-13,35.477500915527344,35.595001220703125,35.26250076293945,35.26250076293945,32.62038803100586,71291600,2026-03-09 06:50:08.447594+00:00
2017-04-17,35.369998931884766,35.470001220703125,35.217498779296875,35.45750045776367,32.80077362060547,66328400,2026-03-09 06:50:08.447594+00:00
2017-04-18,35.352500915527344,35.5099983215332,35.27750015258789,35.29999923706055,32.655086517333984,58790000,2026-03-09 06:50:08.447594+00:00
2017-04-19,35.470001220703125,35.5,35.11249923706055,35.16999816894531,32.53482437133789,69313600,2026-03-09 06:50:08.447594+00:00
2017-04-20,35.30500030517578,35.72999954223633,35.290000915527344,35.61000061035156,32.941856384277344,93278400,2026-03-09 06:50:08.447594+00:00
2017-04-21,35.61000061035156,35.66999816894531,35.462501525878906,35.567501068115234,32.902530670166016,69283600,2026-03-09 06:50:08.447594+00:00
2017-04-24,35.875,35.98749923706055,35.79499816894531,35.90999984741211,33.21937561035156,68537200,2026-03-09 06:50:08.447594+00:00
2017-04-25,35.977500915527344,36.224998474121094,35.967498779296875,36.13249969482422,33.425201416015625,75486000,2026-03-09 06:50:08.447594+00:00
2017-04-26,36.11750030517578,36.150001525878906,35.845001220703125,35.91999816894531,33.2286376953125,80164800,2026-03-09 06:50:08.447594+00:00
2017-04-27,35.97999954223633,36.040000915527344,35.82749938964844,35.9474983215332,33.25407028198242,56985200,2026-03-09 06:50:08.447594+00:00
2017-04-28,36.022499084472656,36.07500076293945,35.817501068115234,35.912498474121094,33.22169494628906,83441600,2026-03-09 06:50:08.447594+00:00
2017-05-01,36.275001525878906,36.79999923706055,36.2400016784668,36.64500045776367,33.89931869506836,134411600,2026-03-09 06:50:08.447594+00:00
2017-05-02,36.8849983215332,37.022499084472656,36.709999084472656,36.877498626708984,34.11438751220703,181408800,2026-03-09 06:50:08.447594+00:00
2017-05-03,36.397499084472656,36.872501373291016,36.067501068115234,36.76499938964844,34.010311126708984,182788000,2026-03-09 06:50:08.447594+00:00
2017-05-04,36.630001068115234,36.78499984741211,36.45249938964844,36.63249969482422,33.88774108886719,93487600,2026-03-09 06:50:08.447594+00:00
2017-05-05,36.689998626708984,37.244998931884766,36.689998626708984,37.2400016784668,34.44972610473633,109310800,2026-03-09 06:50:08.447594+00:00
2017-05-08,37.25749969482422,38.42499923706055,37.25749969482422,38.252498626708984,35.386375427246094,195009600,2026-03-09 06:50:08.447594+00:00
2017-05-09,38.467498779296875,38.720001220703125,38.36249923706055,38.497501373291016,35.613014221191406,156521600,2026-03-09 06:50:08.447594+00:00
2017-05-10,38.407501220703125,38.48500061035156,38.02750015258789,38.314998626708984,35.44417953491211,103222800,2026-03-09 06:50:08.447594+00:00
2017-05-11,38.11249923706055,38.51750183105469,38.07749938964844,38.48749923706055,35.75070571899414,109020400,2026-03-09 06:50:08.447594+00:00
2017-05-12,38.67499923706055,39.10499954223633,38.66749954223633,39.025001525878906,36.25,130108000,2026-03-09 06:50:08.447594+00:00
2017-05-15,39.002498626708984,39.162498474121094,38.76250076293945,38.92499923706055,36.15712356567383,104038800,2026-03-09 06:50:08.447594+00:00
2017-05-16,38.98500061035156,39.01499938964844,38.68000030517578,38.86750030517578,36.10369873046875,80194000,2026-03-09 06:50:08.447594+00:00
2017-05-17,38.400001525878906,38.64250183105469,37.4275016784668,37.5625,34.89149475097656,203070800,2026-03-09 06:50:08.447594+00:00
2017-05-18,37.817501068115234,38.334999084472656,37.782501220703125,38.1349983215332,35.42328643798828,134272800,2026-03-09 06:50:08.447594+00:00
2017-05-19,38.345001220703125,38.494998931884766,38.157501220703125,38.26499938964844,35.54404830932617,107843200,2026-03-09 06:50:08.447594+00:00
2017-05-22,38.5,38.64500045776367,38.227500915527344,38.497501373291016,35.76000213623047,91865600,2026-03-09 06:50:08.447594+00:00
2017-05-23,38.724998474121094,38.724998474121094,38.32749938964844,38.45000076293945,35.71586990356445,79675600,2026-03-09 06:50:08.447594+00:00
2017-05-24,38.459999084472656,38.54249954223633,38.16749954223633,38.334999084472656,35.60905838012695,76712000,2026-03-09 06:50:08.447594+00:00
2017-05-25,38.432498931884766,38.587501525878906,38.25749969482422,38.467498779296875,35.73214340209961,76942400,2026-03-09 06:50:08.447594+00:00
2017-05-26,38.5,38.560001373291016,38.32749938964844,38.40250015258789,35.6717643737793,87710400,2026-03-09 06:50:08.447594+00:00
2017-05-30,38.35499954223633,38.60749816894531,38.33250045776367,38.41749954223633,35.68569564819336,80507600,2026-03-09 06:50:08.447594+00:00
2017-05-31,38.49250030517578,38.54249954223633,38.095001220703125,38.189998626708984,35.474365234375,97804800,2026-03-09 06:50:08.447594+00:00
2017-06-01,38.29249954223633,38.33250045776367,38.05500030517578,38.29499816894531,35.57189178466797,65616400,2026-03-09 06:50:08.447594+00:00
2017-06-02,38.39500045776367,38.86249923706055,38.22249984741211,38.86249923706055,36.099063873291016,111082800,2026-03-09 06:50:08.447594+00:00
2017-06-05,38.584999084472656,38.61249923706055,38.3650016784668,38.48249816894531,35.74607467651367,101326800,2026-03-09 06:50:08.447594+00:00
2017-06-06,38.474998474121094,38.95249938964844,38.44499969482422,38.61249923706055,35.86683654785156,106499600,2026-03-09 06:50:08.447594+00:00
2017-06-07,38.755001068115234,38.994998931884766,38.619998931884766,38.842498779296875,36.080467224121094,84278400,2026-03-09 06:50:08.447594+00:00
2017-06-08,38.8125,38.8849983215332,38.599998474121094,38.747501373291016,35.992225646972656,85003200,2026-03-09 06:50:08.447594+00:00
2017-06-09,38.79750061035156,38.79750061035156,36.505001068115234,37.244998931884766,34.5965690612793,259530800,2026-03-09 06:50:08.447594+00:00
2017-06-12,36.435001373291016,36.522499084472656,35.627498626708984,36.35499954223633,33.76986312866211,289229200,2026-03-09 06:50:08.447594+00:00
2017-06-13,36.790000915527344,36.86249923706055,36.287498474121094,36.647499084472656,34.04155349731445,136661600,2026-03-09 06:50:08.447594+00:00
2017-06-14,36.875,36.875,35.959999084472656,36.290000915527344,33.709468841552734,126124800,2026-03-09 06:50:08.447594+00:00
2017-06-15,35.83000183105469,36.119998931884766,35.5525016784668,36.0724983215332,33.5074348449707,128661600,2026-03-09 06:50:08.447594+00:00
2017-06-16,35.94499969482422,36.125,35.54999923706055,35.567501068115234,33.03835678100586,201444400,2026-03-09 06:50:08.447594+00:00
2017-06-19,35.915000915527344,36.685001373291016,35.915000915527344,36.584999084472656,33.98349380493164,130165600,2026-03-09 06:50:08.447594+00:00
2017-06-20,36.717498779296875,36.717498779296875,36.23500061035156,36.252498626708984,33.674644470214844,99600400,2026-03-09 06:50:08.447594+00:00
2017-06-21,36.380001068115234,36.51750183105469,36.15250015258789,36.467498779296875,33.87435531616211,85063200,2026-03-09 06:50:08.447594+00:00
2017-06-22,36.442501068115234,36.67499923706055,36.279998779296875,36.407501220703125,33.81862258911133,76425200,2026-03-09 06:50:08.447594+00:00
2017-06-23,36.282501220703125,36.790000915527344,36.27750015258789,36.56999969482422,33.96955490112305,141757600,2026-03-09 06:50:08.447594+00:00
2017-06-26,36.79249954223633,37.06999969482422,36.345001220703125,36.45500183105469,33.86274337768555,102769600,2026-03-09 06:50:08.447594+00:00
2017-06-27,36.252498626708984,36.540000915527344,35.904998779296875,35.932498931884766,33.37739944458008,99047600,2026-03-09 06:50:08.447594+00:00
2017-06-28,36.122501373291016,36.52750015258789,35.790000915527344,36.45750045776367,33.86507034301758,88329600,2026-03-09 06:50:08.447594+00:00
2017-06-29,36.1775016784668,36.282501220703125,35.56999969482422,35.91999816894531,33.365779876708984,125997600,2026-03-09 06:50:08.447594+00:00
2017-06-30,36.11249923706055,36.2400016784668,35.94499969482422,36.005001068115234,33.444759368896484,92096400,2026-03-09 06:50:08.447594+00:00
2017-07-03,36.220001220703125,36.32500076293945,35.775001525878906,35.875,33.32399368286133,57111200,2026-03-09 06:50:08.447594+00:00
2017-07-05,35.92250061035156,36.1974983215332,35.68000030517578,36.022499084472656,33.460994720458984,86278400,2026-03-09 06:50:08.447594+00:00
2017-07-06,35.755001068115234,35.875,35.602500915527344,35.682498931884766,33.145172119140625,96515200,2026-03-09 06:50:08.447594+00:00
2017-07-07,35.724998474121094,36.1875,35.724998474121094,36.04499816894531,33.48189163208008,76806800,2026-03-09 06:50:08.447594+00:00
2017-07-10,36.02750015258789,36.48749923706055,35.842498779296875,36.26499938964844,33.68624496459961,84362400,2026-03-09 06:50:08.447594+00:00
2017-07-11,36.182498931884766,36.462501525878906,36.095001220703125,36.38249969482422,33.79541015625,79127200,2026-03-09 06:50:08.447594+00:00
2017-07-12,36.467498779296875,36.54499816894531,36.20500183105469,36.435001373291016,33.84415817260742,99538000,2026-03-09 06:50:08.447594+00:00
2017-07-13,36.375,37.122501373291016,36.36000061035156,36.942501068115234,34.315574645996094,100797600,2026-03-09 06:50:08.447594+00:00
2017-07-14,36.99250030517578,37.33250045776367,36.83250045776367,37.2599983215332,34.61049270629883,80528400,2026-03-09 06:50:08.447594+00:00
2017-07-17,37.20500183105469,37.724998474121094,37.14250183105469,37.38999938964844,34.73125457763672,95174000,2026-03-09 06:50:08.447594+00:00
2017-07-18,37.29999923706055,37.532501220703125,37.16749954223633,37.52000045776367,34.85201644897461,71475200,2026-03-09 06:50:08.447594+00:00
2017-07-19,37.619998931884766,37.85499954223633,37.48749923706055,37.755001068115234,35.0703125,83692000,2026-03-09 06:50:08.447594+00:00
2017-07-20,37.875,37.935001373291016,37.54750061035156,37.584999084472656,34.912391662597656,68974800,2026-03-09 06:50:08.447594+00:00
2017-07-21,37.497501373291016,37.61000061035156,37.220001220703125,37.567501068115234,34.896121978759766,105010400,2026-03-09 06:50:08.447594+00:00
2017-07-24,37.64500045776367,38.11000061035156,37.474998474121094,38.022499084472656,35.31877517700195,85972800,2026-03-09 06:50:08.447594+00:00
2017-07-25,37.95000076293945,38.459999084472656,37.95000076293945,38.185001373291016,35.4697265625,75415600,2026-03-09 06:50:08.447594+00:00
2017-07-26,38.337501525878906,38.48249816894531,38.26499938964844,38.3650016784668,35.63693618774414,63124000,2026-03-09 06:50:08.447594+00:00
2017-07-27,38.4375,38.497501373291016,36.82500076293945,37.63999938964844,34.96348571777344,129905200,2026-03-09 06:50:08.447594+00:00
2017-07-28,37.47249984741211,37.557498931884766,37.29750061035156,37.375,34.717315673828125,68854800,2026-03-09 06:50:08.447594+00:00
2017-07-31,37.474998474121094,37.58250045776367,37.032501220703125,37.182498931884766,34.53851318359375,79383600,2026-03-09 06:50:08.447594+00:00
2017-08-01,37.275001525878906,37.55500030517578,37.102500915527344,37.51250076293945,34.84506607055664,141474400,2026-03-09 06:50:08.447594+00:00
2017-08-02,39.81999969482422,39.9375,39.040000915527344,39.28499984741211,36.49150848388672,279747200,2026-03-09 06:50:08.447594+00:00
2017-08-03,39.26250076293945,39.3025016784668,38.755001068115234,38.89250183105469,36.12691879272461,108389200,2026-03-09 06:50:08.447594+00:00
2017-08-04,39.01750183105469,39.349998474121094,38.92250061035156,39.09749984741211,36.31734085083008,82239600,2026-03-09 06:50:08.447594+00:00
2017-08-07,39.26499938964844,39.72999954223633,39.16749954223633,39.70249938964844,36.87931823730469,87481200,2026-03-09 06:50:08.447594+00:00
2017-08-08,39.650001525878906,40.45750045776367,39.567501068115234,40.02000045776367,37.17423629760742,144823600,2026-03-09 06:50:08.447594+00:00
2017-08-09,39.814998626708984,40.317501068115234,39.77750015258789,40.26499938964844,37.401817321777344,104526000,2026-03-09 06:50:08.447594+00:00
2017-08-10,39.974998474121094,40.0,38.657501220703125,38.83000183105469,36.21049118041992,163217200,2026-03-09 06:50:08.447594+00:00
2017-08-11,39.150001525878906,39.64250183105469,39.01750183105469,39.369998931884766,36.714073181152344,105028400,2026-03-09 06:50:08.447594+00:00
2017-08-14,39.83000183105469,40.0525016784668,39.6875,39.962501525878906,37.2666015625,88490800,2026-03-09 06:50:08.447594+00:00
2017-08-15,40.165000915527344,40.54999923706055,40.03499984741211,40.400001525878906,37.674591064453125,117862000,2026-03-09 06:50:08.447594+00:00
2017-08-16,40.48500061035156,40.627498626708984,40.037498474121094,40.23749923706055,37.523048400878906,110686400,2026-03-09 06:50:08.447594+00:00
2017-08-17,40.130001068115234,40.1775016784668,39.459999084472656,39.46500015258789,36.802677154541016,111762400,2026-03-09 06:50:08.447594+00:00
2017-08-18,39.46500015258789,39.875,39.18000030517578,39.375,36.71874237060547,109712400,2026-03-09 06:50:08.447594+00:00
2017-08-21,39.375,39.47249984741211,38.77750015258789,39.3025016784668,36.651126861572266,105474000,2026-03-09 06:50:08.447594+00:00
2017-08-22,39.557498931884766,40.0,39.505001068115234,39.94499969482422,37.25028991699219,86418400,2026-03-09 06:50:08.447594+00:00
2017-08-23,39.76750183105469,40.11750030517578,39.720001220703125,39.994998931884766,37.29691696166992,77596400,2026-03-09 06:50:08.447594+00:00
2017-08-24,40.10749816894531,40.185001373291016,39.63750076293945,39.817501068115234,37.13137435913086,79275600,2026-03-09 06:50:08.447594+00:00
2017-08-25,39.912498474121094,40.13999938964844,39.817501068115234,39.96500015258789,37.26892852783203,101920400,2026-03-09 06:50:08.447594+00:00
2017-08-28,40.03499984741211,40.5,39.98249816894531,40.36750030517578,37.64427947998047,103864000,2026-03-09 06:50:08.447594+00:00
2017-08-29,40.025001525878906,40.779998779296875,40.0,40.727500915527344,37.980010986328125,118067600,2026-03-09 06:50:08.447594+00:00
2017-08-30,40.95000076293945,40.97249984741211,40.65250015258789,40.837501525878906,38.082576751708984,109078400,2026-03-09 06:50:08.447594+00:00
2017-08-31,40.90999984741211,41.130001068115234,40.869998931884766,41.0,38.234107971191406,107140400,2026-03-09 06:50:08.447594+00:00
2017-09-01,41.20000076293945,41.23500061035156,40.907501220703125,41.01250076293945,38.24577713012695,66364400,2026-03-09 06:50:08.447594+00:00
2017-09-05,40.9375,41.0625,40.13999938964844,40.52000045776367,37.7864875793457,117874000,2026-03-09 06:50:08.447594+00:00
2017-09-06,40.6775016784668,40.747501373291016,40.130001068115234,40.477500915527344,37.746864318847656,86606800,2026-03-09 06:50:08.447594+00:00
2017-09-07,40.522499084472656,40.560001373291016,40.09000015258789,40.314998626708984,37.59532165527344,87714000,2026-03-09 06:50:08.447594+00:00
2017-09-08,40.21500015258789,40.287498474121094,39.63249969482422,39.657501220703125,36.98218536376953,114446000,2026-03-09 06:50:08.447594+00:00
2017-09-11,40.125,40.51250076293945,39.97249984741211,40.375,37.65128707885742,126323200,2026-03-09 06:50:08.447594+00:00
2017-09-12,40.65250015258789,40.9900016784668,39.692501068115234,40.21500015258789,37.50206756591797,286856000,2026-03-09 06:50:08.447594+00:00
2017-09-13,39.967498779296875,39.9900016784668,39.477500915527344,39.912498474121094,37.219974517822266,179629600,2026-03-09 06:50:08.447594+00:00
2017-09-14,39.747501373291016,39.849998474121094,39.522499084472656,39.56999969482422,36.90058135986328,95042800,2026-03-09 06:50:08.447594+00:00
2017-09-15,39.61750030517578,40.24250030517578,39.5,39.970001220703125,37.27360534667969,196458400,2026-03-09 06:50:08.447594+00:00
2017-09-18,40.02750015258789,40.125,39.5,39.66749954223633,36.99150466918945,113077600,2026-03-09 06:50:08.447594+00:00
2017-09-19,39.877498626708984,39.942501068115234,39.61000061035156,39.682498931884766,37.005489349365234,83242400,2026-03-09 06:50:08.447594+00:00
2017-09-20,39.474998474121094,39.564998626708984,38.45750045776367,39.01750183105469,36.38535690307617,211805600,2026-03-09 06:50:08.447594+00:00
2017-09-21,38.95000076293945,38.95000076293945,38.1875,38.34749984741211,35.76055908203125,150046800,2026-03-09 06:50:08.447594+00:00
2017-09-22,37.8849983215332,38.067501068115234,37.63999938964844,37.97249984741211,35.41084671020508,186581600,2026-03-09 06:50:08.447594+00:00
2017-09-25,37.497501373291016,37.95750045776367,37.290000915527344,37.63750076293945,35.098453521728516,177549200,2026-03-09 06:50:08.447594+00:00
2017-09-26,37.94499969482422,38.47999954223633,37.92250061035156,38.28499984741211,35.702266693115234,146640000,2026-03-09 06:50:08.447594+00:00
2017-09-27,38.45000076293945,38.68000030517578,38.3849983215332,38.557498931884766,35.95638656616211,102016800,2026-03-09 06:50:08.447594+00:00
2017-09-28,38.47249984741211,38.56999969482422,38.17499923706055,38.31999969482422,35.73490524291992,88022000,2026-03-09 06:50:08.447594+00:00
2017-09-29,38.3025016784668,38.532501220703125,38.0,38.529998779296875,35.93073654174805,105199200,2026-03-09 06:50:08.447594+00:00
2017-10-02,38.564998626708984,38.61249923706055,38.18000030517578,38.45249938964844,35.858463287353516,74795200,2026-03-09 06:50:08.447594+00:00
2017-10-03,38.502498626708984,38.772499084472656,38.477500915527344,38.619998931884766,36.014671325683594,64921200,2026-03-09 06:50:08.447594+00:00
2017-10-04,38.407501220703125,38.46500015258789,38.1150016784668,38.369998931884766,35.781524658203125,80655200,2026-03-09 06:50:08.447594+00:00
2017-10-05,38.54499816894531,38.86000061035156,38.51250076293945,38.84749984741211,36.22682189941406,85135200,2026-03-09 06:50:08.447594+00:00
2017-10-06,38.74250030517578,38.872501373291016,38.63999938964844,38.82500076293945,36.20584487915039,69630400,2026-03-09 06:50:08.447594+00:00
2017-10-09,38.95249938964844,39.182498931884766,38.872501373291016,38.959999084472656,36.33173751831055,65051600,2026-03-09 06:50:08.447594+00:00
2017-10-10,39.01499938964844,39.5,38.775001525878906,38.974998474121094,36.3457145690918,62468000,2026-03-09 06:50:08.447594+00:00
2017-10-11,38.99250030517578,39.244998931884766,38.9375,39.13750076293945,36.49725341796875,67622400,2026-03-09 06:50:08.447594+00:00
2017-10-12,39.087501525878906,39.342498779296875,38.932498931884766,39.0,36.36904525756836,64500400,2026-03-09 06:50:08.447594+00:00
2017-10-13,39.182498931884766,39.31999969482422,39.102500915527344,39.247501373291016,36.59984588623047,65576800,2026-03-09 06:50:08.447594+00:00
2017-10-16,39.474998474121094,40.0,39.412498474121094,39.970001220703125,37.27360534667969,96486000,2026-03-09 06:50:08.447594+00:00
2017-10-17,39.94499969482422,40.217498779296875,39.807498931884766,40.11750030517578,37.4111442565918,75989200,2026-03-09 06:50:08.447594+00:00
2017-10-18,40.10499954223633,40.1775016784668,39.900001525878906,39.939998626708984,37.24562072753906,65496800,2026-03-09 06:50:08.447594+00:00
2017-10-19,39.1875,39.27000045776367,38.755001068115234,38.994998931884766,36.36436462402344,170336800,2026-03-09 06:50:08.447594+00:00
2017-10-20,39.15250015258789,39.4375,38.9900016784668,39.0625,36.42731857299805,95896400,2026-03-09 06:50:08.447594+00:00
2017-10-23,39.22249984741211,39.42250061035156,38.875,39.04249954223633,36.40865707397461,87937200,2026-03-09 06:50:08.447594+00:00
2017-10-24,39.0724983215332,39.35499954223633,39.04999923706055,39.275001525878906,36.62548828125,71028800,2026-03-09 06:50:08.447594+00:00
2017-10-25,39.227500915527344,39.38750076293945,38.817501068115234,39.102500915527344,36.46462631225586,84828400,2026-03-09 06:50:08.447594+00:00
2017-10-26,39.307498931884766,39.45750045776367,39.19499969482422,39.352500915527344,36.69775390625,68002000,2026-03-09 06:50:08.447594+00:00
2017-10-27,39.8224983215332,40.900001525878906,39.67499923706055,40.76250076293945,38.012630462646484,177816800,2026-03-09 06:50:08.447594+00:00
2017-10-30,40.97249984741211,42.01750183105469,40.93000030517578,41.68000030517578,38.868247985839844,178803200,2026-03-09 06:50:08.447594+00:00
2017-10-31,41.974998474121094,42.412498474121094,41.73500061035156,42.2599983215332,39.409114837646484,144187200,2026-03-09 06:50:08.447594+00:00
2017-11-01,42.467498779296875,42.48500061035156,41.40250015258789,41.72249984741211,38.90787124633789,134551200,2026-03-09 06:50:08.447594+00:00
2017-11-02,41.650001525878906,42.125,41.31999969482422,42.02750015258789,39.19228744506836,165573600,2026-03-09 06:50:08.447594+00:00
2017-11-03,43.5,43.564998626708984,42.779998779296875,43.125,40.21575927734375,237594400,2026-03-09 06:50:08.447594+00:00
2017-11-06,43.092498779296875,43.747501373291016,42.93000030517578,43.5625,40.623741149902344,140105200,2026-03-09 06:50:08.447594+00:00
2017-11-07,43.477500915527344,43.8125,43.400001525878906,43.70249938964844,40.754302978515625,97446000,2026-03-09 06:50:08.447594+00:00
2017-11-08,43.665000915527344,44.060001373291016,43.58250045776367,44.060001373291016,41.08768081665039,97638000,2026-03-09 06:50:08.447594+00:00
2017-11-09,43.77750015258789,44.025001525878906,43.28499984741211,43.970001220703125,41.003753662109375,117930400,2026-03-09 06:50:08.447594+00:00
2017-11-10,43.77750015258789,43.845001220703125,43.567501068115234,43.66749954223633,40.868038177490234,100582000,2026-03-09 06:50:08.447594+00:00
2017-11-13,43.375,43.625,43.349998474121094,43.49250030517578,40.70427703857422,67928400,2026-03-09 06:50:08.447594+00:00
2017-11-14,43.2599983215332,43.369998931884766,42.79499816894531,42.834999084472656,40.08892822265625,99130000,2026-03-09 06:50:08.447594+00:00
2017-11-15,42.49250030517578,42.58000183105469,42.095001220703125,42.27000045776367,39.560150146484375,116632400,2026-03-09 06:50:08.447594+00:00
2017-11-16,42.79499816894531,42.967498779296875,42.57500076293945,42.775001525878906,40.03276824951172,94550000,2026-03-09 06:50:08.447594+00:00
2017-11-17,42.7599983215332,42.84749984741211,42.40999984741211,42.537498474121094,39.810489654541016,87598000,2026-03-09 06:50:08.447594+00:00
2017-11-20,42.5724983215332,42.63999938964844,42.38999938964844,42.494998931884766,39.77072525024414,65049600,2026-03-09 06:50:08.447594+00:00
2017-11-21,42.69499969482422,43.42499923706055,42.69499969482422,43.28499984741211,40.51007080078125,100525200,2026-03-09 06:50:08.447594+00:00
2017-11-22,43.34000015258789,43.75,43.26250076293945,43.7400016784668,40.9359016418457,102355600,2026-03-09 06:50:08.447594+00:00
2017-11-24,43.775001525878906,43.875,43.662498474121094,43.74250030517578,40.93824768066406,56106800,2026-03-09 06:50:08.447594+00:00
2017-11-27,43.76250076293945,43.77000045776367,43.334999084472656,43.522499084472656,40.73234939575195,82867200,2026-03-09 06:50:08.447594+00:00
2017-11-28,43.57500076293945,43.717498779296875,42.96500015258789,43.26750183105469,40.49369430541992,105715200,2026-03-09 06:50:08.447594+00:00
2017-11-29,43.157501220703125,43.22999954223633,41.790000915527344,42.369998931884766,39.65373611450195,166665600,2026-03-09 06:50:08.447594+00:00
2017-11-30,42.60749816894531,43.03499984741211,42.11000061035156,42.962501525878906,40.20824432373047,166108800,2026-03-09 06:50:08.447594+00:00
2017-12-01,42.48749923706055,42.91749954223633,42.125,42.76250076293945,40.02107238769531,159037200,2026-03-09 06:50:08.447594+00:00
2017-12-04,43.119998931884766,43.154998779296875,42.407501220703125,42.45000076293945,39.72861099243164,130169600,2026-03-09 06:50:08.447594+00:00
2017-12-05,42.26499938964844,42.880001068115234,42.099998474121094,42.40999984741211,39.69117736816406,109400800,2026-03-09 06:50:08.447594+00:00
2017-12-06,41.875,42.54999923706055,41.6150016784668,42.252498626708984,39.54377365112305,114240000,2026-03-09 06:50:08.447594+00:00
2017-12-07,42.25749969482422,42.61000061035156,42.227500915527344,42.33000183105469,39.61630630493164,102693200,2026-03-09 06:50:08.447594+00:00
2017-12-08,42.622501373291016,42.75,42.20500183105469,42.342498779296875,39.627994537353516,93420800,2026-03-09 06:50:08.447594+00:00
2017-12-11,42.29999923706055,43.22249984741211,42.1974983215332,43.16749954223633,40.40011978149414,141095200,2026-03-09 06:50:08.447594+00:00
2017-12-12,43.037498474121094,43.09749984741211,42.8650016784668,42.92499923706055,40.173152923583984,77636800,2026-03-09 06:50:08.447594+00:00
2017-12-13,43.125,43.3849983215332,43.0,43.067501068115234,40.30651092529297,95273600,2026-03-09 06:50:08.447594+00:00
2017-12-14,43.099998474121094,43.282501220703125,42.912498474121094,43.05500030517578,40.29481887817383,81906000,2026-03-09 06:50:08.447594+00:00
2017-12-15,43.407501220703125,43.54249954223633,43.1150016784668,43.49250030517578,40.70427703857422,160677200,2026-03-09 06:50:08.447594+00:00
2017-12-18,43.720001220703125,44.29999923706055,43.71500015258789,44.10499954223633,41.27750015258789,117684400,2026-03-09 06:50:08.447594+00:00
2017-12-19,43.75749969482422,43.84749984741211,43.522499084472656,43.6349983215332,40.83761978149414,109745600,2026-03-09 06:50:08.447594+00:00
2017-12-20,43.717498779296875,43.85499954223633,43.3125,43.587501525878906,40.79318618774414,93902400,2026-03-09 06:50:08.447594+00:00
2017-12-21,43.54249954223633,44.005001068115234,43.525001525878906,43.752498626708984,40.947593688964844,83799600,2026-03-09 06:50:08.447594+00:00
2017-12-22,43.66999816894531,43.85499954223633,43.625,43.752498626708984,40.947593688964844,65397600,2026-03-09 06:50:08.447594+00:00
2017-12-26,42.70000076293945,42.86750030517578,42.41999816894531,42.64250183105469,39.90876770019531,132742000,2026-03-09 06:50:08.447594+00:00
2017-12-27,42.525001525878906,42.69499969482422,42.4275016784668,42.650001525878906,39.91579055786133,85992800,2026-03-09 06:50:08.447594+00:00
2017-12-28,42.75,42.962501525878906,42.619998931884766,42.77000045776367,40.0280876159668,65920800,2026-03-09 06:50:08.447594+00:00
2017-12-29,42.630001068115234,42.647499084472656,42.30500030517578,42.307498931884766,39.59523391723633,103999600,2026-03-09 06:50:08.447594+00:00
2018-01-02,42.540000915527344,43.07500076293945,42.314998626708984,43.064998626708984,40.304176330566406,102223600,2026-03-09 06:50:08.447594+00:00
2018-01-03,43.13249969482422,43.63750076293945,42.9900016784668,43.057498931884766,40.297157287597656,118071600,2026-03-09 06:50:08.447594+00:00
2018-01-04,43.1349983215332,43.36750030517578,43.02000045776367,43.25749969482422,40.484344482421875,89738400,2026-03-09 06:50:08.447594+00:00
2018-01-05,43.36000061035156,43.842498779296875,43.26250076293945,43.75,40.945255279541016,94640000,2026-03-09 06:50:08.447594+00:00
2018-01-08,43.587501525878906,43.90250015258789,43.48249816894531,43.587501525878906,40.79318618774414,82271200,2026-03-09 06:50:08.447594+00:00
2018-01-09,43.63750076293945,43.76499938964844,43.352500915527344,43.58250045776367,40.788490295410156,86336000,2026-03-09 06:50:08.447594+00:00
2018-01-10,43.290000915527344,43.57500076293945,43.25,43.5724983215332,40.779144287109375,95839600,2026-03-09 06:50:08.447594+00:00
2018-01-11,43.647499084472656,43.872501373291016,43.622501373291016,43.81999969482422,41.01076126098633,74670800,2026-03-09 06:50:08.447594+00:00
2018-01-12,44.04499816894531,44.34000015258789,43.912498474121094,44.272499084472656,41.43426513671875,101672400,2026-03-09 06:50:08.447594+00:00
2018-01-16,44.474998474121094,44.84749984741211,44.03499984741211,44.04750061035156,41.22368621826172,118263600,2026-03-09 06:50:08.447594+00:00
2018-01-17,44.037498474121094,44.8125,43.76750183105469,44.775001525878906,41.9045524597168,137547200,2026-03-09 06:50:08.447594+00:00
2018-01-18,44.842498779296875,45.025001525878906,44.5625,44.814998626708984,41.941986083984375,124773600,2026-03-09 06:50:08.447594+00:00
2018-01-19,44.65250015258789,44.89500045776367,44.352500915527344,44.6150016784668,41.75480270385742,129700400,2026-03-09 06:50:08.447594+00:00
2018-01-22,44.32500076293945,44.44499969482422,44.150001525878906,44.25,41.413211822509766,108434400,2026-03-09 06:50:08.447594+00:00
2018-01-23,44.32500076293945,44.86000061035156,44.20500183105469,44.2599983215332,41.42256546020508,130756400,2026-03-09 06:50:08.447594+00:00
2018-01-24,44.3125,44.32500076293945,43.29999923706055,43.55500030517578,40.76275634765625,204420400,2026-03-09 06:50:08.447594+00:00
2018-01-25,43.627498626708984,43.73749923706055,42.63249969482422,42.77750015258789,40.03511428833008,166116000,2026-03-09 06:50:08.447594+00:00
2018-01-26,43.0,43.0,42.51499938964844,42.877498626708984,40.12868881225586,156572000,2026-03-09 06:50:08.447594+00:00
2018-01-29,42.540000915527344,42.540000915527344,41.76750183105469,41.9900016784668,39.298095703125,202561600,2026-03-09 06:50:08.447594+00:00
2018-01-30,41.38249969482422,41.842498779296875,41.17499923706055,41.74250030517578,39.06644821166992,184192800,2026-03-09 06:50:08.447594+00:00
2018-01-31,41.717498779296875,42.11000061035156,41.625,41.85749816894531,39.17408752441406,129915600,2026-03-09 06:50:08.447594+00:00
2018-02-01,41.79249954223633,42.154998779296875,41.689998626708984,41.94499969482422,39.255977630615234,188923200,2026-03-09 06:50:08.447594+00:00
2018-02-02,41.5,41.70000076293945,40.025001525878906,40.125,37.55265808105469,346375200,2026-03-09 06:50:08.447594+00:00
2018-02-05,39.775001525878906,40.970001220703125,39.0,39.122501373291016,36.61442184448242,290954000,2026-03-09 06:50:08.447594+00:00
2018-02-06,38.70750045776367,40.93000030517578,38.5,40.75749969482422,38.14459228515625,272975200,2026-03-09 06:50:08.447594+00:00
2018-02-07,40.772499084472656,40.849998474121094,39.76750183105469,39.8849983215332,37.32804870605469,206434400,2026-03-09 06:50:08.447594+00:00
2018-02-08,40.0724983215332,40.25,38.75749969482422,38.787498474121094,36.300899505615234,217562000,2026-03-09 06:50:08.447594+00:00
2018-02-09,39.26750183105469,39.47249984741211,37.560001373291016,39.102500915527344,36.74491500854492,282690400,2026-03-09 06:50:08.447594+00:00
2018-02-12,39.625,40.97249984741211,39.377498626708984,40.6775016784668,38.22496032714844,243278000,2026-03-09 06:50:08.447594+00:00
2018-02-13,40.48749923706055,41.1875,40.412498474121094,41.084999084472656,38.60787582397461,130196800,2026-03-09 06:50:08.447594+00:00
2018-02-14,40.7599983215332,41.8849983215332,40.720001220703125,41.842498779296875,39.3197021484375,162579600,2026-03-09 06:50:08.447594+00:00
2018-02-15,42.4474983215332,43.272499084472656,42.25,43.247501373291016,40.639991760253906,204588800,2026-03-09 06:50:08.447594+00:00
2018-02-16,43.09000015258789,43.70500183105469,42.942501068115234,43.10749816894531,40.5084342956543,160704400,2026-03-09 06:50:08.447594+00:00
2018-02-20,43.01250076293945,43.564998626708984,42.85499954223633,42.962501525878906,40.37217712402344,135722000,2026-03-09 06:50:08.447594+00:00
2018-02-21,43.20750045776367,43.529998779296875,42.752498626708984,42.76750183105469,40.18893814086914,149886400,2026-03-09 06:50:08.447594+00:00
2018-02-22,42.95000076293945,43.48749923706055,42.9275016784668,43.125,40.52488327026367,123967600,2026-03-09 06:50:08.447594+00:00
2018-02-23,43.41749954223633,43.912498474121094,43.3849983215332,43.875,41.22966384887695,135249600,2026-03-09 06:50:08.447594+00:00
2018-02-26,44.087501525878906,44.84749984741211,44.0525016784668,44.74250030517578,42.04486846923828,152648800,2026-03-09 06:50:08.447594+00:00
2018-02-27,44.775001525878906,45.119998931884766,44.540000915527344,44.59749984741211,41.90858840942383,155712400,2026-03-09 06:50:08.447594+00:00
2018-02-28,44.814998626708984,45.154998779296875,44.51250076293945,44.529998779296875,41.84518051147461,151128400,2026-03-09 06:50:08.447594+00:00
2018-03-01,44.6349983215332,44.94499969482422,43.165000915527344,43.75,41.11219787597656,195208000,2026-03-09 06:50:08.447594+00:00
2018-03-02,43.20000076293945,44.07500076293945,43.11249923706055,44.0525016784668,41.396461486816406,153816000,2026-03-09 06:50:08.447594+00:00
2018-03-05,43.8025016784668,44.435001373291016,43.630001068115234,44.20500183105469,41.539764404296875,113605600,2026-03-09 06:50:08.447594+00:00
2018-03-06,44.477500915527344,44.5625,44.032501220703125,44.16749954223633,41.5045280456543,95154000,2026-03-09 06:50:08.447594+00:00
2018-03-07,43.73500061035156,43.962501525878906,43.567501068115234,43.75749969482422,41.1192512512207,126814000,2026-03-09 06:50:08.447594+00:00
2018-03-08,43.869998931884766,44.279998779296875,43.76750183105469,44.23500061035156,41.56795883178711,95096400,2026-03-09 06:50:08.447594+00:00
2018-03-09,44.4900016784668,45.0,44.34749984741211,44.994998931884766,42.282135009765625,128740800,2026-03-09 06:50:08.447594+00:00
2018-03-12,45.0724983215332,45.59749984741211,45.0525016784668,45.43000030517578,42.69091033935547,128828400,2026-03-09 06:50:08.447594+00:00
2018-03-13,45.647499084472656,45.875,44.810001373291016,44.99250030517578,42.279781341552734,126774000,2026-03-09 06:50:08.447594+00:00
2018-03-14,45.08000183105469,45.130001068115234,44.45249938964844,44.61000061035156,41.92035675048828,117473600,2026-03-09 06:50:08.447594+00:00
2018-03-15,44.625,45.060001373291016,44.51750183105469,44.662498474121094,41.96967697143555,90975200,2026-03-09 06:50:08.447594+00:00
2018-03-16,44.662498474121094,44.779998779296875,44.404998779296875,44.505001068115234,41.82167434692383,157618800,2026-03-09 06:50:08.447594+00:00
2018-03-19,44.33000183105469,44.36750030517578,43.415000915527344,43.82500076293945,41.182682037353516,133787200,2026-03-09 06:50:08.447594+00:00
2018-03-20,43.810001373291016,44.20000076293945,43.73500061035156,43.810001373291016,41.168582916259766,78597600,2026-03-09 06:50:08.447594+00:00
2018-03-21,43.7599983215332,43.772499084472656,42.814998626708984,42.817501068115234,40.23592758178711,148219600,2026-03-09 06:50:08.447594+00:00
2018-03-22,42.5,43.16999816894531,42.150001525878906,42.212501525878906,39.66739273071289,165963200,2026-03-09 06:50:08.447594+00:00
2018-03-23,42.09749984741211,42.47999954223633,41.23500061035156,41.23500061035156,38.748836517333984,164115200,2026-03-09 06:50:08.447594+00:00
2018-03-26,42.01750183105469,43.275001525878906,41.61000061035156,43.192501068115234,40.58831024169922,150164800,2026-03-09 06:50:08.447594+00:00
2018-03-27,43.41999816894531,43.787498474121094,41.72999954223633,42.084999084472656,39.54758834838867,163690400,2026-03-09 06:50:08.447594+00:00
2018-03-28,41.8125,42.505001068115234,41.29750061035156,41.619998931884766,39.110618591308594,166674000,2026-03-09 06:50:08.447594+00:00
2018-03-29,41.95249938964844,42.9375,41.724998474121094,41.94499969482422,39.41603088378906,153594000,2026-03-09 06:50:08.447594+00:00
2018-04-02,41.65999984741211,42.23500061035156,41.11750030517578,41.66999816894531,39.15761184692383,150347200,2026-03-09 06:50:08.447594+00:00
2018-04-03,41.90999984741211,42.1875,41.220001220703125,42.09749984741211,39.559326171875,121112000,2026-03-09 06:50:08.447594+00:00
2018-04-04,41.220001220703125,43.002498626708984,41.192501068115234,42.90250015258789,40.31580352783203,138422000,2026-03-09 06:50:08.447594+00:00
2018-04-05,43.14500045776367,43.557498931884766,43.02000045776367,43.20000076293945,40.59535217285156,107732800,2026-03-09 06:50:08.447594+00:00
2018-04-06,42.74250030517578,43.119998931884766,42.04999923706055,42.095001220703125,39.55698776245117,140021200,2026-03-09 06:50:08.447594+00:00
2018-04-09,42.470001220703125,43.272499084472656,42.462501525878906,42.51250076293945,39.949310302734375,116070800,2026-03-09 06:50:08.447594+00:00
2018-04-10,43.25,43.5,42.88249969482422,43.3125,40.701080322265625,113634400,2026-03-09 06:50:08.447594+00:00
2018-04-11,43.057498931884766,43.47999954223633,42.92499923706055,43.11000061035156,40.51078414916992,89726400,2026-03-09 06:50:08.447594+00:00
2018-04-12,43.352500915527344,43.75,43.2599983215332,43.53499984741211,40.91016387939453,91557200,2026-03-09 06:50:08.447594+00:00
2018-04-13,43.69499969482422,43.959999084472656,43.462501525878906,43.682498931884766,41.048763275146484,100497200,2026-03-09 06:50:08.447594+00:00
2018-04-16,43.75749969482422,44.04750061035156,43.70750045776367,43.95500183105469,41.304840087890625,86313600,2026-03-09 06:50:08.447594+00:00
2018-04-17,44.122501373291016,44.73500061035156,44.102500915527344,44.560001373291016,41.87336730957031,106421600,2026-03-09 06:50:08.447594+00:00
2018-04-18,44.45249938964844,44.70500183105469,44.220001220703125,44.459999084472656,41.77939224243164,83018000,2026-03-09 06:50:08.447594+00:00
2018-04-19,43.439998626708984,43.84749984741211,43.165000915527344,43.20000076293945,40.59535217285156,139235200,2026-03-09 06:50:08.447594+00:00
2018-04-20,42.650001525878906,42.80500030517578,41.35749816894531,41.43000030517578,38.93207931518555,261964400,2026-03-09 06:50:08.447594+00:00
2018-04-23,41.70750045776367,41.72999954223633,41.022499084472656,41.310001373291016,38.819313049316406,146062000,2026-03-09 06:50:08.447594+00:00
2018-04-24,41.41749954223633,41.58250045776367,40.30500030517578,40.73500061035156,38.27898025512695,134768000,2026-03-09 06:50:08.447594+00:00
2018-04-25,40.654998779296875,41.35499954223633,40.602500915527344,40.912498474121094,38.4457893371582,113528400,2026-03-09 06:50:08.447594+00:00
2018-04-26,41.029998779296875,41.432498931884766,40.842498779296875,41.05500030517578,38.57968521118164,111852000,2026-03-09 06:50:08.447594+00:00
2018-04-27,41.0,41.08250045776367,40.157501220703125,40.58000183105469,38.133331298828125,142623200,2026-03-09 06:50:08.447594+00:00
2018-04-30,40.532501220703125,41.814998626708984,40.459999084472656,41.314998626708984,38.824005126953125,169709600,2026-03-09 06:50:08.447594+00:00
2018-05-01,41.602500915527344,42.29999923706055,41.317501068115234,42.275001525878906,39.72612762451172,214277600,2026-03-09 06:50:08.447594+00:00
2018-05-02,43.807498931884766,44.4375,43.45000076293945,44.14250183105469,41.48104476928711,266157600,2026-03-09 06:50:08.447594+00:00
2018-05-03,43.970001220703125,44.375,43.61000061035156,44.22249984741211,41.556209564208984,136272800,2026-03-09 06:50:08.447594+00:00
2018-05-04,44.5625,46.0625,44.54249954223633,45.95750045776367,43.18659973144531,224805200,2026-03-09 06:50:08.447594+00:00
2018-05-07,46.29499816894531,46.91749954223633,46.1875,46.290000915527344,43.499053955078125,169805600,2026-03-09 06:50:08.447594+00:00
2018-05-08,46.247501373291016,46.55500030517578,45.91749954223633,46.51250076293945,43.70814514160156,113611200,2026-03-09 06:50:08.447594+00:00
2018-05-09,46.63750076293945,46.849998474121094,46.30500030517578,46.84000015258789,44.01588821411133,92844800,2026-03-09 06:50:08.447594+00:00
2018-05-10,46.935001373291016,47.592498779296875,46.912498474121094,47.5099983215332,44.6454963684082,111957200,2026-03-09 06:50:08.447594+00:00
2018-05-11,47.372501373291016,47.51499938964844,46.86249923706055,47.147499084472656,44.4756965637207,104848800,2026-03-09 06:50:08.447594+00:00
2018-05-14,47.252498626708984,47.38249969482422,46.96500015258789,47.037498474121094,44.37192916870117,83115200,2026-03-09 06:50:08.447594+00:00
2018-05-15,46.69499969482422,46.76750183105469,46.275001525878906,46.61000061035156,43.96865463256836,94780800,2026-03-09 06:50:08.447594+00:00
2018-05-16,46.51750183105469,47.1150016784668,46.5,47.04499816894531,44.37901306152344,76732400,2026-03-09 06:50:08.447594+00:00
2018-05-17,47.0,47.227500915527344,46.59000015258789,46.747501373291016,44.098365783691406,69176000,2026-03-09 06:50:08.447594+00:00
2018-05-18,46.79750061035156,46.95249938964844,46.532501220703125,46.57749938964844,43.93798828125,73190800,2026-03-09 06:50:08.447594+00:00
2018-05-21,47.0,47.317501068115234,46.727500915527344,46.907501220703125,44.24931716918945,73603200,2026-03-09 06:50:08.447594+00:00
2018-05-22,47.095001220703125,47.220001220703125,46.69499969482422,46.790000915527344,44.138465881347656,60962800,2026-03-09 06:50:08.447594+00:00
2018-05-23,46.587501525878906,47.125,46.439998626708984,47.09000015258789,44.42145919799805,80233600,2026-03-09 06:50:08.447594+00:00
2018-05-24,47.192501068115234,47.209999084472656,46.5525016784668,47.037498474121094,44.37192916870117,92936000,2026-03-09 06:50:08.447594+00:00
2018-05-25,47.057498931884766,47.412498474121094,46.912498474121094,47.14500045776367,44.47333908081055,69844000,2026-03-09 06:50:08.447594+00:00
2018-05-29,46.900001525878906,47.1875,46.717498779296875,46.974998474121094,44.31298065185547,90056400,2026-03-09 06:50:08.447594+00:00
2018-05-30,46.93000030517578,47.0,46.69499969482422,46.875,44.21865463256836,74762000,2026-03-09 06:50:08.447594+00:00
2018-05-31,46.80500030517578,47.057498931884766,46.53499984741211,46.717498779296875,44.070068359375,109931200,2026-03-09 06:50:08.447594+00:00
2018-06-01,46.997501373291016,47.564998626708984,46.9375,47.560001373291016,44.86482238769531,93770000,2026-03-09 06:50:08.447594+00:00
2018-06-04,47.90999984741211,48.35499954223633,47.837501525878906,47.95750045776367,45.239803314208984,105064800,2026-03-09 06:50:08.447594+00:00
2018-06-05,48.26750183105469,48.48500061035156,48.09000015258789,48.32749938964844,45.58882522583008,86264000,2026-03-09 06:50:08.447594+00:00
2018-06-06,48.407501220703125,48.52000045776367,47.97999954223633,48.494998931884766,45.7468376159668,83734400,2026-03-09 06:50:08.447594+00:00
2018-06-07,48.53499984741211,48.54999923706055,48.084999084472656,48.3650016784668,45.624210357666016,85388800,2026-03-09 06:50:08.447594+00:00
2018-06-08,47.79249954223633,48.0,47.442501068115234,47.92499923706055,45.209144592285156,106627200,2026-03-09 06:50:08.447594+00:00
2018-06-11,47.837501525878906,47.99250030517578,47.5525016784668,47.807498931884766,45.09830856323242,73234000,2026-03-09 06:50:08.447594+00:00
2018-06-12,47.84749984741211,48.15250015258789,47.787498474121094,48.06999969482422,45.345909118652344,67644400,2026-03-09 06:50:08.447594+00:00
2018-06-13,48.10499954223633,48.220001220703125,47.61000061035156,47.67499923706055,44.97331237792969,86553600,2026-03-09 06:50:08.447594+00:00
2018-06-14,47.88750076293945,47.89250183105469,47.55500030517578,47.70000076293945,44.996891021728516,86440400,2026-03-09 06:50:08.447594+00:00
2018-06-15,47.50749969482422,47.540000915527344,47.064998626708984,47.209999084472656,44.53464889526367,246876800,2026-03-09 06:50:08.447594+00:00
2018-06-18,46.970001220703125,47.30500030517578,46.79999923706055,47.185001373291016,44.51107406616211,73939600,2026-03-09 06:50:08.447594+00:00
2018-06-19,46.28499984741211,46.58250045776367,45.86249923706055,46.42250061035156,43.79178237915039,134314000,2026-03-09 06:50:08.447594+00:00
2018-06-20,46.587501525878906,46.79999923706055,46.432498931884766,46.625,43.98281478881836,82514800,2026-03-09 06:50:08.447594+00:00
2018-06-21,46.8125,47.087501525878906,46.23500061035156,46.3650016784668,43.737545013427734,102847600,2026-03-09 06:50:08.447594+00:00
2018-06-22,46.529998779296875,46.537498474121094,46.17499923706055,46.22999954223633,43.61020278930664,108801600,2026-03-09 06:50:08.447594+00:00
2018-06-25,45.849998474121094,46.22999954223633,45.182498931884766,45.54249954223633,42.96164321899414,126652400,2026-03-09 06:50:08.447594+00:00
2018-06-26,45.747501373291016,46.63249969482422,45.6349983215332,46.10749816894531,43.49463653564453,98276800,2026-03-09 06:50:08.447594+00:00
2018-06-27,46.307498931884766,46.81999969482422,46.00749969482422,46.040000915527344,43.43095016479492,101141200,2026-03-09 06:50:08.447594+00:00
2018-06-28,46.025001525878906,46.5525016784668,45.95000076293945,46.375,43.74698257446289,69460800,2026-03-09 06:50:08.447594+00:00
2018-06-29,46.5724983215332,46.79750061035156,45.727500915527344,46.27750015258789,43.655006408691406,90950800,2026-03-09 06:50:08.447594+00:00
2018-07-02,45.95500183105469,46.82500076293945,45.85499954223633,46.79499816894531,44.14316177368164,70925200,2026-03-09 06:50:08.447594+00:00
2018-07-03,46.9474983215332,46.98749923706055,45.8849983215332,45.97999954223633,43.374351501464844,55819200,2026-03-09 06:50:08.447594+00:00
2018-07-05,46.314998626708984,46.602500915527344,46.06999969482422,46.349998474121094,43.723392486572266,66416800,2026-03-09 06:50:08.447594+00:00
2018-07-06,46.35499954223633,47.10749816894531,46.29999923706055,46.99250030517578,44.329490661621094,69940800,2026-03-09 06:50:08.447594+00:00
2018-07-09,47.375,47.66999816894531,47.32500076293945,47.64500045776367,44.94500732421875,79026400,2026-03-09 06:50:08.447594+00:00
2018-07-10,47.6775016784668,47.81999969482422,47.54499816894531,47.587501525878906,44.890769958496094,63756400,2026-03-09 06:50:08.447594+00:00
2018-07-11,47.125,47.44499969482422,46.90250015258789,46.970001220703125,44.308265686035156,75326000,2026-03-09 06:50:08.447594+00:00
2018-07-12,47.38249969482422,47.852500915527344,47.32749938964844,47.75749969482422,45.05112838745117,72164400,2026-03-09 06:50:08.447594+00:00
2018-07-13,47.77000045776367,47.959999084472656,47.724998474121094,47.83250045776367,45.12187957763672,50055600,2026-03-09 06:50:08.447594+00:00
2018-07-16,47.880001068115234,48.162498474121094,47.60499954223633,47.727500915527344,45.02283477783203,60172400,2026-03-09 06:50:08.447594+00:00
2018-07-17,47.4375,47.967498779296875,47.29999923706055,47.86249923706055,45.150184631347656,62138000,2026-03-09 06:50:08.447594+00:00
2018-07-18,47.94499969482422,47.95000076293945,47.48249816894531,47.599998474121094,44.902557373046875,65573600,2026-03-09 06:50:08.447594+00:00
2018-07-19,47.42250061035156,48.13750076293945,47.42250061035156,47.970001220703125,45.25157928466797,81147200,2026-03-09 06:50:08.447594+00:00
2018-07-20,47.94499969482422,48.10749816894531,47.54249954223633,47.86000061035156,45.147823333740234,82704800,2026-03-09 06:50:08.447594+00:00
2018-07-23,47.66999816894531,47.9900016784668,47.38999938964844,47.90250015258789,45.18790817260742,63957600,2026-03-09 06:50:08.447594+00:00
2018-07-24,48.11249923706055,48.415000915527344,48.01250076293945,48.25,45.515716552734375,74791600,2026-03-09 06:50:08.447594+00:00
2018-07-25,48.26499938964844,48.712501525878906,48.10749816894531,48.70500183105469,45.94493865966797,66839600,2026-03-09 06:50:08.447594+00:00
2018-07-26,48.65250015258789,48.9900016784668,48.40250015258789,48.5525016784668,45.801082611083984,76304000,2026-03-09 06:50:08.447594+00:00
2018-07-27,48.747501373291016,48.79750061035156,47.525001525878906,47.744998931884766,45.03934860229492,96096000,2026-03-09 06:50:08.447594+00:00
2018-07-30,47.974998474121094,48.04999923706055,47.26750183105469,47.477500915527344,44.786991119384766,84118000,2026-03-09 06:50:08.447594+00:00
2018-07-31,47.57500076293945,48.03499984741211,47.334999084472656,47.5724983215332,44.876617431640625,157492000,2026-03-09 06:50:08.447594+00:00
2018-08-01,49.782501220703125,50.439998626708984,49.32749938964844,50.375,47.52029037475586,271742800,2026-03-09 06:50:08.447594+00:00
2018-08-02,50.14500045776367,52.095001220703125,50.087501525878906,51.84749984741211,48.909358978271484,249616000,2026-03-09 06:50:08.447594+00:00
2018-08-03,51.75749969482422,52.185001373291016,51.369998931884766,51.997501373291016,49.05085754394531,133789600,2026-03-09 06:50:08.447594+00:00
2018-08-06,52.0,52.3125,51.76750183105469,52.26750183105469,49.3055534362793,101701600,2026-03-09 06:50:08.447594+00:00
2018-08-07,52.33000183105469,52.375,51.689998626708984,51.77750015258789,48.84331512451172,102349600,2026-03-09 06:50:08.447594+00:00
2018-08-08,51.51250076293945,51.95249938964844,51.130001068115234,51.8125,48.876346588134766,90102000,2026-03-09 06:50:08.447594+00:00
2018-08-09,52.38249969482422,52.44499969482422,51.79999923706055,52.220001220703125,49.26074981689453,93970400,2026-03-09 06:50:08.447594+00:00
2018-08-10,51.84000015258789,52.275001525878906,51.66749954223633,51.88249969482422,49.114017486572266,98444800,2026-03-09 06:50:08.447594+00:00
2018-08-13,52.32749938964844,52.73749923706055,51.92499923706055,52.217498779296875,49.43113708496094,103563600,2026-03-09 06:50:08.447594+00:00
2018-08-14,52.540000915527344,52.63999938964844,52.064998626708984,52.4375,49.639400482177734,82992000,2026-03-09 06:50:08.447594+00:00
2018-08-15,52.30500030517578,52.685001373291016,52.08250045776367,52.560001373291016,49.755374908447266,115230400,2026-03-09 06:50:08.447594+00:00
2018-08-16,52.9375,53.45249938964844,52.86750030517578,53.33000183105469,50.484283447265625,114001600,2026-03-09 06:50:08.447594+00:00
2018-08-17,53.36000061035156,54.48749923706055,53.290000915527344,54.39500045776367,51.49244689941406,141708000,2026-03-09 06:50:08.447594+00:00
2018-08-20,54.525001525878906,54.79499816894531,53.77750015258789,53.8650016784668,50.99073791503906,121150800,2026-03-09 06:50:08.447594+00:00
2018-08-21,54.20000076293945,54.29750061035156,53.50749969482422,53.7599983215332,50.89133834838867,104639200,2026-03-09 06:50:08.447594+00:00
2018-08-22,53.525001525878906,54.09000015258789,53.459999084472656,53.76250076293945,50.893707275390625,76072400,2026-03-09 06:50:08.447594+00:00
2018-08-23,53.662498474121094,54.26250076293945,53.650001525878906,53.872501373291016,50.997825622558594,75532800,2026-03-09 06:50:08.447594+00:00
2018-08-24,54.150001525878906,54.224998474121094,53.77750015258789,54.040000915527344,51.15639877319336,73905600,2026-03-09 06:50:08.447594+00:00
2018-08-27,54.287498474121094,54.685001373291016,54.08250045776367,54.48500061035156,51.5776481628418,82100400,2026-03-09 06:50:08.447594+00:00
2018-08-28,54.752498626708984,55.1349983215332,54.72999954223633,54.92499923706055,51.99415969848633,91107200,2026-03-09 06:50:08.447594+00:00
2018-08-29,55.037498474121094,55.872501373291016,54.852500915527344,55.744998931884766,52.77041244506836,109019200,2026-03-09 06:50:08.447594+00:00
2018-08-30,55.8125,57.064998626708984,55.599998474121094,56.25749969482422,53.25556182861328,195175200,2026-03-09 06:50:08.447594+00:00
2018-08-31,56.627498626708984,57.217498779296875,56.5,56.907501220703125,53.87088394165039,173360400,2026-03-09 06:50:08.447594+00:00
2018-09-04,57.102500915527344,57.29499816894531,56.657501220703125,57.09000015258789,54.04365539550781,109560400,2026-03-09 06:50:08.447594+00:00
2018-09-05,57.247501373291016,57.41749954223633,56.275001525878906,56.717498779296875,53.69102478027344,133332000,2026-03-09 06:50:08.447594+00:00
2018-09-06,56.557498931884766,56.837501525878906,55.32500076293945,55.775001525878906,52.7988166809082,137160000,2026-03-09 06:50:08.447594+00:00
2018-09-07,55.462501525878906,56.342498779296875,55.1775016784668,55.32500076293945,52.37282180786133,150479200,2026-03-09 06:50:08.447594+00:00
2018-09-10,55.23749923706055,55.462501525878906,54.11750030517578,54.58250045776367,51.66994094848633,158066000,2026-03-09 06:50:08.447594+00:00
2018-09-11,54.502498626708984,56.07500076293945,54.13999938964844,55.962501525878906,52.97630310058594,142996000,2026-03-09 06:50:08.447594+00:00
2018-09-12,56.23500061035156,56.25,54.959999084472656,55.26750183105469,52.31840515136719,197114800,2026-03-09 06:50:08.447594+00:00
2018-09-13,55.880001068115234,57.087501525878906,55.64250183105469,56.602500915527344,53.5821533203125,166825600,2026-03-09 06:50:08.447594+00:00
2018-09-14,56.4375,56.709999084472656,55.630001068115234,55.959999084472656,52.973941802978516,127997200,2026-03-09 06:50:08.447594+00:00
2018-09-17,55.537498474121094,55.73749923706055,54.317501068115234,54.470001220703125,51.56344985961914,148780400,2026-03-09 06:50:08.447594+00:00
2018-09-18,54.4474983215332,55.462501525878906,54.279998779296875,54.560001373291016,51.64864730834961,126286800,2026-03-09 06:50:08.447594+00:00
2018-09-19,54.625,54.904998779296875,53.82500076293945,54.592498779296875,51.679412841796875,108495200,2026-03-09 06:50:08.447594+00:00
2018-09-20,55.060001373291016,55.56999969482422,54.787498474121094,55.00749969482422,52.072269439697266,106435200,2026-03-09 06:50:08.447594+00:00
2018-09-21,55.19499969482422,55.34000015258789,54.3224983215332,54.415000915527344,51.511383056640625,384986800,2026-03-09 06:50:08.447594+00:00
2018-09-24,54.20500183105469,55.314998626708984,54.157501220703125,55.1974983215332,52.25212097167969,110773600,2026-03-09 06:50:08.447594+00:00
2018-09-25,54.9375,55.70500183105469,54.92499923706055,55.54750061035156,52.58345413208008,98217600,2026-03-09 06:50:08.447594+00:00
2018-09-26,55.25,55.9375,54.939998626708984,55.10499954223633,52.1645622253418,95938800,2026-03-09 06:50:08.447594+00:00
2018-09-27,55.95500183105469,56.61000061035156,55.8849983215332,56.23749923706055,53.23663330078125,120724800,2026-03-09 06:50:08.447594+00:00
2018-09-28,56.1974983215332,56.459999084472656,56.005001068115234,56.435001373291016,53.42359161376953,91717600,2026-03-09 06:50:08.447594+00:00
2018-10-01,56.98749923706055,57.35499954223633,56.587501525878906,56.814998626708984,53.78331756591797,94403200,2026-03-09 06:50:08.447594+00:00
2018-10-02,56.8125,57.5,56.657501220703125,57.31999969482422,54.26136779785156,99152800,2026-03-09 06:50:08.447594+00:00
2018-10-03,57.51250076293945,58.36750030517578,57.44499969482422,58.01750183105469,54.92165756225586,114619200,2026-03-09 06:50:08.447594+00:00
2018-10-04,57.69499969482422,58.087501525878906,56.682498931884766,56.997501373291016,53.956077575683594,128168000,2026-03-09 06:50:08.447594+00:00
2018-10-05,56.9900016784668,57.102500915527344,55.14500045776367,56.0724983215332,53.0804328918457,134322000,2026-03-09 06:50:08.447594+00:00
2018-10-08,55.5525016784668,56.20000076293945,55.04999923706055,55.942501068115234,52.95737838745117,118655600,2026-03-09 06:50:08.447594+00:00
2018-10-09,55.90999984741211,56.817501068115234,55.5625,56.717498779296875,53.69102478027344,107564000,2026-03-09 06:50:08.447594+00:00
2018-10-10,56.3650016784668,56.587501525878906,54.01250076293945,54.09000015258789,51.203731536865234,167962400,2026-03-09 06:50:08.447594+00:00
2018-10-11,53.630001068115234,54.875,53.08000183105469,53.61249923706055,50.75171661376953,212497600,2026-03-09 06:50:08.447594+00:00
2018-10-12,55.10499954223633,55.720001220703125,54.209999084472656,55.52750015258789,52.564517974853516,161351600,2026-03-09 06:50:08.447594+00:00
2018-10-15,55.290000915527344,55.45750045776367,54.317501068115234,54.34000015258789,51.440391540527344,123164000,2026-03-09 06:50:08.447594+00:00
2018-10-16,54.73249816894531,55.747501373291016,54.189998626708984,55.537498474121094,52.573978424072266,116736000,2026-03-09 06:50:08.447594+00:00
2018-10-17,55.57500076293945,55.65999984741211,54.834999084472656,55.29750061035156,52.346805572509766,91541600,2026-03-09 06:50:08.447594+00:00
2018-10-18,54.46500015258789,54.935001373291016,53.25,54.005001068115234,51.123252868652344,130325200,2026-03-09 06:50:08.447594+00:00
2018-10-19,54.51499938964844,55.314998626708984,54.35749816894531,54.82749938964844,51.9018669128418,132314800,2026-03-09 06:50:08.447594+00:00
2018-10-22,54.9474983215332,55.84000015258789,54.73500061035156,55.162498474121094,52.218990325927734,115168400,2026-03-09 06:50:08.447594+00:00
2018-10-23,53.95750045776367,55.8125,53.67499923706055,55.682498931884766,52.71125411987305,155071200,2026-03-09 06:50:08.447594+00:00
2018-10-24,55.650001525878906,56.057498931884766,53.6349983215332,53.772499084472656,50.90317153930664,163702000,2026-03-09 06:50:08.447594+00:00
2018-10-25,54.4275016784668,55.345001220703125,54.1875,54.95000076293945,52.01782989501953,119423200,2026-03-09 06:50:08.447594+00:00
2018-10-26,53.974998474121094,55.04750061035156,53.16749954223633,54.07500076293945,51.18952560424805,189033600,2026-03-09 06:50:08.447594+00:00
2018-10-29,54.79750061035156,54.92250061035156,51.522499084472656,53.060001373291016,50.22868347167969,183742000,2026-03-09 06:50:08.447594+00:00
2018-10-30,52.787498474121094,53.79499816894531,52.317501068115234,53.32500076293945,50.47955322265625,146640000,2026-03-09 06:50:08.447594+00:00
2018-10-31,54.220001220703125,55.11249923706055,54.154998779296875,54.71500015258789,51.795372009277344,153435600,2026-03-09 06:50:08.447594+00:00
2018-11-01,54.76250076293945,55.59000015258789,54.20249938964844,55.55500030517578,52.59055709838867,233292800,2026-03-09 06:50:08.447594+00:00
2018-11-02,52.38750076293945,53.412498474121094,51.35749816894531,51.869998931884766,49.10218048095703,365314800,2026-03-09 06:50:08.447594+00:00
2018-11-05,51.07500076293945,51.09749984741211,49.54249954223633,50.397499084472656,47.7082633972168,264654800,2026-03-09 06:50:08.447594+00:00
2018-11-06,50.47999954223633,51.18000030517578,50.42250061035156,50.942501068115234,48.22417449951172,127531600,2026-03-09 06:50:08.447594+00:00
2018-11-07,51.49250030517578,52.51499938964844,51.032501220703125,52.48749923706055,49.68672561645508,133697600,2026-03-09 06:50:08.447594+00:00
2018-11-08,52.494998931884766,52.529998779296875,51.6875,52.122501373291016,49.51337814331055,101450400,2026-03-09 06:50:08.447594+00:00
2018-11-09,51.38750076293945,51.502498626708984,50.5625,51.11750030517578,48.558685302734375,137463200,2026-03-09 06:50:08.447594+00:00
2018-11-12,49.75,49.962501525878906,48.4474983215332,48.54249954223633,46.112586975097656,204542000,2026-03-09 06:50:08.447594+00:00
2018-11-13,47.907501220703125,49.29499816894531,47.86249923706055,48.057498931884766,45.651859283447266,187531600,2026-03-09 06:50:08.447594+00:00
2018-11-14,48.474998474121094,48.619998931884766,46.48249816894531,46.70000076293945,44.362300872802734,243204000,2026-03-09 06:50:08.447594+00:00
2018-11-15,47.09749984741211,47.99250030517578,46.724998474121094,47.852500915527344,45.45711898803711,185915200,2026-03-09 06:50:08.447594+00:00
2018-11-16,47.625,48.74250030517578,47.3650016784668,48.38249969482422,45.960594177246094,147713200,2026-03-09 06:50:08.447594+00:00
2018-11-19,47.5,47.67499923706055,46.247501373291016,46.46500015258789,44.139068603515625,167701200,2026-03-09 06:50:08.447594+00:00
2018-11-20,44.592498779296875,45.36750030517578,43.877498626708984,44.244998931884766,42.03020095825195,271300800,2026-03-09 06:50:08.447594+00:00
2018-11-21,44.932498931884766,45.067501068115234,44.13750076293945,44.19499969482422,41.982704162597656,124496800,2026-03-09 06:50:08.447594+00:00
2018-11-23,43.73500061035156,44.150001525878906,43.025001525878906,43.0724983215332,40.91639709472656,94496000,2026-03-09 06:50:08.447594+00:00
2018-11-26,43.560001373291016,43.73749923706055,42.564998626708984,43.654998779296875,41.4697380065918,179994000,2026-03-09 06:50:08.447594+00:00
2018-11-27,42.877498626708984,43.692501068115234,42.720001220703125,43.560001373291016,41.37948226928711,165549600,2026-03-09 06:50:08.447594+00:00
2018-11-28,44.182498931884766,45.3224983215332,43.73249816894531,45.23500061035156,42.970645904541016,184250000,2026-03-09 06:50:08.447594+00:00
2018-11-29,45.665000915527344,45.70000076293945,44.42499923706055,44.88750076293945,42.64054870605469,167080000,2026-03-09 06:50:08.447594+00:00
2018-11-30,45.0724983215332,45.08250045776367,44.25749969482422,44.64500045776367,42.41017150878906,158126000,2026-03-09 06:50:08.447594+00:00
2018-12-03,46.1150016784668,46.23500061035156,45.3025016784668,46.20500183105469,43.892093658447266,163210000,2026-03-09 06:50:08.447594+00:00
2018-12-04,45.23749923706055,45.59749984741211,44.067501068115234,44.17250061035156,41.96133804321289,165377200,2026-03-09 06:50:08.447594+00:00
2018-12-06,42.939998626708984,43.69499969482422,42.60499954223633,43.68000030517578,41.49348068237305,172393600,2026-03-09 06:50:08.447594+00:00
2018-12-07,43.372501373291016,43.622501373291016,42.07500076293945,42.122501373291016,40.01395034790039,169126400,2026-03-09 06:50:08.447594+00:00
2018-12-10,41.25,42.522499084472656,40.83250045776367,42.400001525878906,40.27755355834961,248104000,2026-03-09 06:50:08.447594+00:00
2018-12-11,42.915000915527344,42.9474983215332,41.75,42.157501220703125,40.04719543457031,189126800,2026-03-09 06:50:08.447594+00:00
2018-12-12,42.599998474121094,42.97999954223633,42.255001068115234,42.275001525878906,40.15880584716797,142510800,2026-03-09 06:50:08.447594+00:00
2018-12-13,42.622501373291016,43.14250183105469,42.38750076293945,42.73749923706055,40.5981559753418,127594400,2026-03-09 06:50:08.447594+00:00
2018-12-14,42.25,42.27000045776367,41.31999969482422,41.369998931884766,39.299129486083984,162814800,2026-03-09 06:50:08.447594+00:00
2018-12-17,41.36249923706055,42.087501525878906,40.682498931884766,40.98500061035156,38.93339157104492,177151600,2026-03-09 06:50:08.447594+00:00
2018-12-18,41.345001220703125,41.88249969482422,41.09749984741211,41.51750183105469,39.43923568725586,135366000,2026-03-09 06:50:08.447594+00:00
2018-12-19,41.5,41.86249923706055,39.772499084472656,40.22249984741211,38.20905685424805,196189200,2026-03-09 06:50:08.447594+00:00
2018-12-20,40.099998474121094,40.52750015258789,38.82500076293945,39.20750045776367,37.24486541748047,259092000,2026-03-09 06:50:08.447594+00:00
2018-12-21,39.21500015258789,39.540000915527344,37.407501220703125,37.682498931884766,35.79619598388672,382978400,2026-03-09 06:50:08.447594+00:00
2018-12-24,37.037498474121094,37.88750076293945,36.647499084472656,36.70750045776367,34.87001419067383,148676800,2026-03-09 06:50:08.447594+00:00
2018-12-26,37.07500076293945,39.307498931884766,36.68000030517578,39.29249954223633,37.32561492919922,234330000,2026-03-09 06:50:08.447594+00:00
2018-12-27,38.959999084472656,39.192501068115234,37.51750183105469,39.037498474121094,37.0833740234375,212468400,2026-03-09 06:50:08.447594+00:00
2018-12-28,39.375,39.630001068115234,38.63750076293945,39.057498931884766,37.10236740112305,169165600,2026-03-09 06:50:08.447594+00:00
2018-12-31,39.63249969482422,39.84000015258789,39.119998931884766,39.435001373291016,37.460994720458984,140014000,2026-03-09 06:50:08.447594+00:00
2019-01-02,38.72249984741211,39.712501525878906,38.557498931884766,39.47999954223633,37.503726959228516,148158800,2026-03-09 06:50:08.447594+00:00
2019-01-03,35.994998931884766,36.43000030517578,35.5,35.54750061035156,33.7680778503418,365248800,2026-03-09 06:50:08.447594+00:00
2019-01-04,36.13249969482422,37.13750076293945,35.95000076293945,37.064998626708984,35.20960998535156,234428400,2026-03-09 06:50:08.447594+00:00
2019-01-07,37.17499923706055,37.20750045776367,36.474998474121094,36.98249816894531,35.13124084472656,219111200,2026-03-09 06:50:08.447594+00:00
2019-01-08,37.38999938964844,37.95500183105469,37.130001068115234,37.6875,35.80095672607422,164101200,2026-03-09 06:50:08.447594+00:00
2019-01-09,37.8224983215332,38.63249969482422,37.407501220703125,38.32749938964844,36.4089241027832,180396400,2026-03-09 06:50:08.447594+00:00
2019-01-10,38.125,38.49250030517578,37.71500015258789,38.45000076293945,36.5252799987793,143122800,2026-03-09 06:50:08.447594+00:00
2019-01-11,38.220001220703125,38.42499923706055,37.877498626708984,38.0724983215332,36.16667175292969,108092800,2026-03-09 06:50:08.447594+00:00
2019-01-14,37.712501525878906,37.817501068115234,37.30500030517578,37.5,35.62283706665039,129756800,2026-03-09 06:50:08.447594+00:00
2019-01-15,37.567501068115234,38.34749984741211,37.51250076293945,38.26750183105469,36.351924896240234,114843600,2026-03-09 06:50:08.447594+00:00
2019-01-16,38.27000045776367,38.970001220703125,38.25,38.73500061035156,36.796016693115234,122278800,2026-03-09 06:50:08.447594+00:00
2019-01-17,38.54999923706055,39.415000915527344,38.314998626708984,38.96500015258789,37.014503479003906,119284800,2026-03-09 06:50:08.447594+00:00
2019-01-18,39.375,39.470001220703125,38.994998931884766,39.20500183105469,37.242496490478516,135004000,2026-03-09 06:50:08.447594+00:00
2019-01-22,39.102500915527344,39.182498931884766,38.154998779296875,38.32500076293945,36.40654754638672,121576000,2026-03-09 06:50:08.447594+00:00
2019-01-23,38.537498474121094,38.78499984741211,37.92499923706055,38.47999954223633,36.55377960205078,92522400,2026-03-09 06:50:08.447594+00:00
2019-01-24,38.52750015258789,38.619998931884766,37.935001373291016,38.17499923706055,36.26405715942383,101766000,2026-03-09 06:50:08.447594+00:00
2019-01-25,38.869998931884766,39.532501220703125,38.58000183105469,39.439998626708984,37.465721130371094,134142000,2026-03-09 06:50:08.447594+00:00
2019-01-28,38.9474983215332,39.08250045776367,38.415000915527344,39.07500076293945,37.11899185180664,104768400,2026-03-09 06:50:08.447594+00:00
2019-01-29,39.0625,39.532501220703125,38.52750015258789,38.66999816894531,36.73427200317383,166348800,2026-03-09 06:50:08.447594+00:00
2019-01-30,40.8125,41.537498474121094,40.057498931884766,41.3125,39.24449920654297,244439200,2026-03-09 06:50:08.447594+00:00
2019-01-31,41.52750015258789,42.25,41.13999938964844,41.61000061035156,39.527103424072266,162958400,2026-03-09 06:50:08.447594+00:00
2019-02-01,41.7400016784668,42.244998931884766,41.48249816894531,41.630001068115234,39.54610824584961,130672400,2026-03-09 06:50:08.447594+00:00
2019-02-04,41.852500915527344,42.915000915527344,41.81999969482422,42.8125,40.669403076171875,125982000,2026-03-09 06:50:08.447594+00:00
2019-02-05,43.21500015258789,43.77000045776367,43.087501525878906,43.54499816894531,41.36524200439453,144406400,2026-03-09 06:50:08.447594+00:00
2019-02-06,43.662498474121094,43.89250183105469,43.212501525878906,43.560001373291016,41.37948226928711,112958400,2026-03-09 06:50:08.447594+00:00
2019-02-07,43.099998474121094,43.48500061035156,42.584999084472656,42.73500061035156,40.595787048339844,126966800,2026-03-09 06:50:08.447594+00:00
2019-02-08,42.247501373291016,42.665000915527344,42.10499954223633,42.602500915527344,40.64349365234375,95280000,2026-03-09 06:50:08.447594+00:00
2019-02-11,42.76250076293945,42.8025016784668,42.3125,42.35749816894531,40.409751892089844,83973600,2026-03-09 06:50:08.447594+00:00
2019-02-12,42.525001525878906,42.75,42.42499923706055,42.72249984741211,40.757957458496094,89134000,2026-03-09 06:50:08.447594+00:00
2019-02-13,42.84749984741211,43.119998931884766,42.47999954223633,42.54499816894531,40.588623046875,89960800,2026-03-09 06:50:08.447594+00:00
2019-02-14,42.4275016784668,42.814998626708984,42.345001220703125,42.70000076293945,40.736507415771484,87342800,2026-03-09 06:50:08.447594+00:00
2019-02-15,42.8125,42.92499923706055,42.4375,42.60499954223633,40.6458740234375,98507200,2026-03-09 06:50:08.447594+00:00
2019-02-19,42.4275016784668,42.86000061035156,42.372501373291016,42.73249816894531,40.767513275146484,75891200,2026-03-09 06:50:08.447594+00:00
2019-02-20,42.79750061035156,43.33000183105469,42.747501373291016,43.00749969482422,41.02986526489258,104457600,2026-03-09 06:50:08.447594+00:00
2019-02-21,42.95000076293945,43.092498779296875,42.57500076293945,42.76499938964844,40.798519134521484,68998800,2026-03-09 06:50:08.447594+00:00
2019-02-22,42.89500045776367,43.25,42.845001220703125,43.24250030517578,41.254066467285156,75652800,2026-03-09 06:50:08.447594+00:00
2019-02-25,43.540000915527344,43.967498779296875,43.48749923706055,43.557498931884766,41.55457305908203,87493600,2026-03-09 06:50:08.447594+00:00
2019-02-26,43.4275016784668,43.82500076293945,43.29249954223633,43.58250045776367,41.57841873168945,68280800,2026-03-09 06:50:08.447594+00:00
2019-02-27,43.3025016784668,43.75,43.182498931884766,43.717498779296875,41.70722198486328,111341600,2026-03-09 06:50:08.447594+00:00
2019-02-28,43.58000183105469,43.727500915527344,43.22999954223633,43.287498474121094,41.2969856262207,112861600,2026-03-09 06:50:08.447594+00:00
2019-03-01,43.56999969482422,43.787498474121094,43.22249984741211,43.74250030517578,41.73107147216797,103544800,2026-03-09 06:50:08.447594+00:00
2019-03-04,43.92250061035156,44.4375,43.49250030517578,43.962501525878906,41.940956115722656,109744800,2026-03-09 06:50:08.447594+00:00
2019-03-05,43.98500061035156,44.0,43.6349983215332,43.88249969482422,41.8646354675293,78949600,2026-03-09 06:50:08.447594+00:00
2019-03-06,43.66749954223633,43.872501373291016,43.48500061035156,43.630001068115234,41.62374496459961,83241600,2026-03-09 06:50:08.447594+00:00
2019-03-07,43.467498779296875,43.61000061035156,43.005001068115234,43.125,41.141963958740234,99185600,2026-03-09 06:50:08.447594+00:00
2019-03-08,42.58000183105469,43.26750183105469,42.375,43.227500915527344,41.239742279052734,95997600,2026-03-09 06:50:08.447594+00:00
2019-03-11,43.872501373291016,44.779998779296875,43.837501525878906,44.724998474121094,42.66838073730469,128044000,2026-03-09 06:50:08.447594+00:00
2019-03-12,45.0,45.66749954223633,44.842498779296875,45.227500915527344,43.14778518676758,129870400,2026-03-09 06:50:08.447594+00:00
2019-03-13,45.5625,45.82500076293945,45.22999954223633,45.4275016784668,43.338584899902344,124130000,2026-03-09 06:50:08.447594+00:00
2019-03-14,45.974998474121094,46.025001525878906,45.63999938964844,45.932498931884766,43.82035446166992,94318000,2026-03-09 06:50:08.447594+00:00
2019-03-15,46.212501525878906,46.83250045776367,45.935001373291016,46.529998779296875,44.3903923034668,156171600,2026-03-09 06:50:08.447594+00:00
2019-03-18,46.45000076293945,47.09749984741211,46.4474983215332,47.005001068115234,44.843544006347656,104879200,2026-03-09 06:50:08.447594+00:00
2019-03-19,47.087501525878906,47.247501373291016,46.47999954223633,46.63249969482422,44.488162994384766,126585600,2026-03-09 06:50:08.447594+00:00
2019-03-20,46.557498931884766,47.372501373291016,46.182498931884766,47.040000915527344,44.87693786621094,124140800,2026-03-09 06:50:08.447594+00:00
2019-03-21,47.505001068115234,49.08250045776367,47.45249938964844,48.772499084472656,46.529762268066406,204136800,2026-03-09 06:50:08.447594+00:00
2019-03-22,48.834999084472656,49.42250061035156,47.69499969482422,47.76250076293945,45.56621551513672,169630800,2026-03-09 06:50:08.447594+00:00
2019-03-25,47.877498626708984,47.994998931884766,46.650001525878906,47.185001373291016,45.0152702331543,175381200,2026-03-09 06:50:08.447594+00:00
2019-03-26,47.915000915527344,48.220001220703125,46.14500045776367,46.6974983215332,44.5501823425293,199202000,2026-03-09 06:50:08.447594+00:00
2019-03-27,47.1875,47.439998626708984,46.63750076293945,47.11750030517578,44.95087432861328,119393600,2026-03-09 06:50:08.447594+00:00
2019-03-28,47.23749923706055,47.38999938964844,46.88249969482422,47.18000030517578,45.01050567626953,83121600,2026-03-09 06:50:08.447594+00:00
2019-03-29,47.45750045776367,47.52000045776367,47.1349983215332,47.48749923706055,45.30386734008789,94256000,2026-03-09 06:50:08.447594+00:00
2019-04-01,47.90999984741211,47.91999816894531,47.095001220703125,47.810001373291016,45.61153030395508,111448000,2026-03-09 06:50:08.447594+00:00
2019-04-02,47.772499084472656,48.6150016784668,47.76250076293945,48.505001068115234,46.274566650390625,91062800,2026-03-09 06:50:08.447594+00:00
2019-04-03,48.3125,49.125,48.287498474121094,48.837501525878906,46.59178161621094,93087200,2026-03-09 06:50:08.447594+00:00
2019-04-04,48.6974983215332,49.092498779296875,48.28499984741211,48.92250061035156,46.67286682128906,76457200,2026-03-09 06:50:08.447594+00:00
2019-04-05,49.11249923706055,49.275001525878906,48.98249816894531,49.25,46.985313415527344,74106400,2026-03-09 06:50:08.447594+00:00
2019-04-08,49.10499954223633,50.057498931884766,49.084999084472656,50.025001525878906,47.724674224853516,103526800,2026-03-09 06:50:08.447594+00:00
2019-04-09,50.08000183105469,50.712501525878906,49.807498931884766,49.875,47.581581115722656,143072800,2026-03-09 06:50:08.447594+00:00
2019-04-10,49.66999816894531,50.185001373291016,49.54499816894531,50.154998779296875,47.848697662353516,86781200,2026-03-09 06:50:08.447594+00:00
2019-04-11,50.212501525878906,50.25,49.61000061035156,49.73749923706055,47.45038604736328,83603200,2026-03-09 06:50:08.447594+00:00
2019-04-12,49.79999923706055,50.03499984741211,49.0525016784668,49.717498779296875,47.43132019042969,111042800,2026-03-09 06:50:08.447594+00:00
2019-04-15,49.64500045776367,49.962501525878906,49.502498626708984,49.807498931884766,47.51716995239258,70146400,2026-03-09 06:50:08.447594+00:00
2019-04-16,49.8650016784668,50.342498779296875,49.63999938964844,49.8125,47.52195358276367,102785600,2026-03-09 06:50:08.447594+00:00
2019-04-17,49.8849983215332,50.845001220703125,49.65250015258789,50.782501220703125,48.447349548339844,115627200,2026-03-09 06:50:08.447594+00:00
2019-04-18,50.779998779296875,51.037498474121094,50.630001068115234,50.96500015258789,48.6214485168457,96783200,2026-03-09 06:50:08.447594+00:00
2019-04-22,50.70750045776367,51.23500061035156,50.584999084472656,51.13249969482422,48.781246185302734,77758000,2026-03-09 06:50:08.447594+00:00
2019-04-23,51.10749816894531,51.9375,50.974998474121094,51.869998931884766,49.48482894897461,93292000,2026-03-09 06:50:08.447594+00:00
2019-04-24,51.84000015258789,52.119998931884766,51.76250076293945,51.790000915527344,49.40852737426758,70162400,2026-03-09 06:50:08.447594+00:00
2019-04-25,51.70750045776367,51.939998626708984,51.279998779296875,51.31999969482422,48.96012496948242,74172800,2026-03-09 06:50:08.447594+00:00
2019-04-26,51.224998474121094,51.25,50.529998779296875,51.07500076293945,48.72639465332031,74596400,2026-03-09 06:50:08.447594+00:00
2019-04-29,51.099998474121094,51.49250030517578,50.96500015258789,51.15250015258789,48.800323486328125,88818800,2026-03-09 06:50:08.447594+00:00
2019-04-30,50.76499938964844,50.849998474121094,49.77750015258789,50.16749954223633,47.860626220703125,186139600,2026-03-09 06:50:08.447594+00:00
2019-05-01,52.470001220703125,53.82749938964844,52.307498931884766,52.630001068115234,50.209896087646484,259309200,2026-03-09 06:50:08.447594+00:00
2019-05-02,52.459999084472656,53.162498474121094,52.032501220703125,52.287498474121094,49.883140563964844,127985200,2026-03-09 06:50:08.447594+00:00
2019-05-03,52.72249984741211,52.959999084472656,52.557498931884766,52.9375,50.50324630737305,83569600,2026-03-09 06:50:08.447594+00:00
2019-05-06,51.0724983215332,52.209999084472656,50.875,52.119998931884766,49.72334289550781,129772400,2026-03-09 06:50:08.447594+00:00
2019-05-07,51.470001220703125,51.85499954223633,50.20750045776367,50.71500015258789,48.38295364379883,155054800,2026-03-09 06:50:08.447594+00:00
2019-05-08,50.474998474121094,51.334999084472656,50.4375,50.724998474121094,48.39248275756836,105358000,2026-03-09 06:50:08.447594+00:00
2019-05-09,50.099998474121094,50.41999816894531,49.165000915527344,50.18000030517578,47.87255096435547,139634400,2026-03-09 06:50:08.447594+00:00
2019-05-10,49.35499954223633,49.712501525878906,48.192501068115234,49.29499816894531,47.2093505859375,164834800,2026-03-09 06:50:08.447594+00:00
2019-05-13,46.9275016784668,47.369998931884766,45.712501525878906,46.43000030517578,44.46556854248047,229722400,2026-03-09 06:50:08.447594+00:00
2019-05-14,46.602500915527344,47.42499923706055,46.352500915527344,47.165000915527344,45.16946792602539,146118800,2026-03-09 06:50:08.447594+00:00
2019-05-15,46.567501068115234,47.9375,46.505001068115234,47.72999954223633,45.710575103759766,106178800,2026-03-09 06:50:08.447594+00:00
2019-05-16,47.477500915527344,48.11750030517578,47.209999084472656,47.52000045776367,45.50944900512695,132125600,2026-03-09 06:50:08.447594+00:00
2019-05-17,46.73249816894531,47.724998474121094,46.689998626708984,47.25,45.250877380371094,131516400,2026-03-09 06:50:08.447594+00:00
2019-05-20,45.880001068115234,46.087501525878906,45.06999969482422,45.772499084472656,43.835880279541016,154449200,2026-03-09 06:50:08.447594+00:00
2019-05-21,46.30500030517578,47.0,46.17499923706055,46.650001525878906,44.6762580871582,113459200,2026-03-09 06:50:08.447594+00:00
2019-05-22,46.165000915527344,46.4275016784668,45.63750076293945,45.69499969482422,43.76166534423828,118994400,2026-03-09 06:50:08.447594+00:00
2019-05-23,44.95000076293945,45.1349983215332,44.45249938964844,44.915000915527344,43.01465606689453,146118800,2026-03-09 06:50:08.447594+00:00
2019-05-24,45.04999923706055,45.53499984741211,44.654998779296875,44.74250030517578,42.84946823120117,94858800,2026-03-09 06:50:08.447594+00:00
2019-05-28,44.72999954223633,45.147499084472656,44.477500915527344,44.557498931884766,42.67229461669922,111792800,2026-03-09 06:50:08.447594+00:00
2019-05-29,44.10499954223633,44.837501525878906,44.0,44.345001220703125,42.468788146972656,113924800,2026-03-09 06:50:08.447594+00:00
2019-05-30,44.48749923706055,44.807498931884766,44.16749954223633,44.57500076293945,42.68904495239258,84873600,2026-03-09 06:50:08.447594+00:00
2019-05-31,44.057498931884766,44.497501373291016,43.747501373291016,43.76750183105469,41.915714263916016,108174400,2026-03-09 06:50:08.447594+00:00
2019-06-03,43.900001525878906,44.47999954223633,42.567501068115234,43.32500076293945,41.491939544677734,161584400,2026-03-09 06:50:08.447594+00:00
2019-06-04,43.86000061035156,44.95750045776367,43.630001068115234,44.90999984741211,43.009883880615234,123872000,2026-03-09 06:50:08.447594+00:00
2019-06-05,46.06999969482422,46.247501373291016,45.28499984741211,45.6349983215332,43.70420455932617,119093600,2026-03-09 06:50:08.447594+00:00
2019-06-06,45.77000045776367,46.36750030517578,45.537498474121094,46.30500030517578,44.34585189819336,90105200,2026-03-09 06:50:08.447594+00:00
2019-06-07,46.627498626708984,47.97999954223633,46.442501068115234,47.537498474121094,45.52621078491211,122737600,2026-03-09 06:50:08.447594+00:00
2019-06-10,47.95249938964844,48.842498779296875,47.904998779296875,48.14500045776367,46.108009338378906,104883600,2026-03-09 06:50:08.447594+00:00
2019-06-11,48.71500015258789,49.0,48.400001525878906,48.70249938964844,46.64191436767578,107731600,2026-03-09 06:50:08.447594+00:00
2019-06-12,48.48749923706055,48.99250030517578,48.34749984741211,48.54750061035156,46.49347686767578,73012800,2026-03-09 06:50:08.447594+00:00
2019-06-13,48.67499923706055,49.1974983215332,48.400001525878906,48.537498474121094,46.48388671875,86698400,2026-03-09 06:50:08.447594+00:00
2019-06-14,47.88750076293945,48.397499084472656,47.57500076293945,48.185001373291016,46.14631652832031,75046000,2026-03-09 06:50:08.447594+00:00
2019-06-17,48.224998474121094,48.7400016784668,48.04249954223633,48.47249984741211,46.421634674072266,58676400,2026-03-09 06:50:08.447594+00:00
2019-06-18,49.01250076293945,50.0724983215332,48.8025016784668,49.61249923706055,47.513423919677734,106204000,2026-03-09 06:50:08.447594+00:00
2019-06-19,49.91999816894531,49.970001220703125,49.32749938964844,49.467498779296875,47.37454605102539,84496800,2026-03-09 06:50:08.447594+00:00
2019-06-20,50.092498779296875,50.15250015258789,49.50749969482422,49.8650016784668,47.75524139404297,86056000,2026-03-09 06:50:08.447594+00:00
2019-06-21,49.70000076293945,50.212501525878906,49.537498474121094,49.69499969482422,47.592430114746094,191202400,2026-03-09 06:50:08.447594+00:00
2019-06-24,49.6349983215332,50.040000915527344,49.54249954223633,49.64500045776367,47.5445442199707,72881600,2026-03-09 06:50:08.447594+00:00
2019-06-25,49.60749816894531,49.814998626708984,48.8224983215332,48.89250183105469,46.82387924194336,84281200,2026-03-09 06:50:08.447594+00:00
2019-06-26,49.442501068115234,50.247501373291016,49.337501525878906,49.95000076293945,47.83664321899414,104270000,2026-03-09 06:50:08.447594+00:00
2019-06-27,50.0724983215332,50.39250183105469,49.89250183105469,49.935001373291016,47.82228088378906,83598800,2026-03-09 06:50:08.447594+00:00
2019-06-28,49.66999816894531,49.875,49.26250076293945,49.47999954223633,47.38652420043945,124442400,2026-03-09 06:50:08.447594+00:00
2019-07-01,50.79249954223633,51.122501373291016,50.162498474121094,50.38750076293945,48.25562286376953,109012000,2026-03-09 06:50:08.447594+00:00
2019-07-02,50.352500915527344,50.782501220703125,50.34000015258789,50.682498931884766,48.538143157958984,67740800,2026-03-09 06:50:08.447594+00:00
2019-07-03,50.81999969482422,51.11000061035156,50.67250061035156,51.102500915527344,48.940372467041016,45448000,2026-03-09 06:50:08.447594+00:00
2019-07-05,50.837501525878906,51.27000045776367,50.724998474121094,51.057498931884766,48.897281646728516,69062000,2026-03-09 06:50:08.447594+00:00
2019-07-08,50.20249938964844,50.349998474121094,49.602500915527344,50.005001068115234,47.88931655883789,101354400,2026-03-09 06:50:08.447594+00:00
2019-07-09,49.79999923706055,50.377498626708984,49.70249938964844,50.310001373291016,48.181400299072266,82312000,2026-03-09 06:50:08.447594+00:00
2019-07-10,50.462501525878906,50.932498931884766,50.38999938964844,50.807498931884766,48.6578483581543,71588400,2026-03-09 06:50:08.447594+00:00
2019-07-11,50.82749938964844,51.09749984741211,50.4275016784668,50.4375,48.30351638793945,80767200,2026-03-09 06:50:08.447594+00:00
2019-07-12,50.61249923706055,51.0,50.54999923706055,50.82500076293945,48.67462158203125,70380800,2026-03-09 06:50:08.447594+00:00
2019-07-15,51.022499084472656,51.467498779296875,51.0,51.3025016784668,49.13191223144531,67789600,2026-03-09 06:50:08.447594+00:00
2019-07-16,51.147499084472656,51.52750015258789,50.875,51.125,48.9619140625,67467200,2026-03-09 06:50:08.447594+00:00
2019-07-17,51.01250076293945,51.272499084472656,50.817501068115234,50.837501525878906,48.686588287353516,56430000,2026-03-09 06:50:08.447594+00:00
2019-07-18,51.0,51.470001220703125,50.92499923706055,51.415000915527344,49.239654541015625,74162400,2026-03-09 06:50:08.447594+00:00
2019-07-19,51.4474983215332,51.625,50.59000015258789,50.647499084472656,48.50461959838867,83717200,2026-03-09 06:50:08.447594+00:00
2019-07-22,50.912498474121094,51.807498931884766,50.90250015258789,51.80500030517578,49.61314392089844,89111600,2026-03-09 06:50:08.447594+00:00
2019-07-23,52.1150016784668,52.227500915527344,51.8224983215332,52.209999084472656,50.00101852416992,73420800,2026-03-09 06:50:08.447594+00:00
2019-07-24,51.91749954223633,52.287498474121094,51.79249954223633,52.16749954223633,49.96031951904297,59966400,2026-03-09 06:50:08.447594+00:00
2019-07-25,52.22249984741211,52.310001373291016,51.682498931884766,51.755001068115234,49.56527328491211,55638400,2026-03-09 06:50:08.447594+00:00
2019-07-26,51.869998931884766,52.432498931884766,51.78499984741211,51.935001373291016,49.7376594543457,70475600,2026-03-09 06:50:08.447594+00:00
2019-07-29,52.1150016784668,52.65999984741211,52.11000061035156,52.41999816894531,50.20212936401367,86693600,2026-03-09 06:50:08.447594+00:00
2019-07-30,52.189998626708984,52.540000915527344,51.82749938964844,52.19499969482422,49.986656188964844,135742800,2026-03-09 06:50:08.447594+00:00
2019-07-31,54.10499954223633,55.342498779296875,52.82500076293945,53.2599983215332,51.006591796875,277125600,2026-03-09 06:50:08.447594+00:00
2019-08-01,53.474998474121094,54.50749969482422,51.685001373291016,52.10749816894531,49.90283966064453,216071600,2026-03-09 06:50:08.447594+00:00
2019-08-02,51.38249969482422,51.60749816894531,50.407501220703125,51.005001068115234,48.84699630737305,163448400,2026-03-09 06:50:08.447594+00:00
2019-08-05,49.497501373291016,49.662498474121094,48.14500045776367,48.334999084472656,46.28995895385742,209572000,2026-03-09 06:50:08.447594+00:00
2019-08-06,49.07749938964844,49.51750183105469,48.5099983215332,49.25,47.166259765625,143299200,2026-03-09 06:50:08.447594+00:00
2019-08-07,48.852500915527344,49.88999938964844,48.45500183105469,49.7599983215332,47.65467071533203,133457600,2026-03-09 06:50:08.447594+00:00
2019-08-08,50.04999923706055,50.88249969482422,49.84749984741211,50.85749816894531,48.705726623535156,108038000,2026-03-09 06:50:08.447594+00:00
2019-08-09,50.32500076293945,50.689998626708984,49.8224983215332,50.247501373291016,48.30438995361328,98478800,2026-03-09 06:50:08.447594+00:00
2019-08-12,49.904998779296875,50.51250076293945,49.787498474121094,50.119998931884766,48.181819915771484,89927600,2026-03-09 06:50:08.447594+00:00
2019-08-13,50.255001068115234,53.03499984741211,50.119998931884766,52.24250030517578,50.22223663330078,188874000,2026-03-09 06:50:08.447594+00:00
2019-08-14,50.790000915527344,51.61000061035156,50.647499084472656,50.6875,48.72737503051758,146189600,2026-03-09 06:50:08.447594+00:00
2019-08-15,50.8650016784668,51.28499984741211,49.91749954223633,50.435001373291016,48.48462677001953,108909600,2026-03-09 06:50:08.447594+00:00
2019-08-16,51.06999969482422,51.790000915527344,50.959999084472656,51.625,49.62861633300781,110481600,2026-03-09 06:50:08.447594+00:00
2019-08-19,52.654998779296875,53.182498931884766,52.50749969482422,52.587501525878906,50.55390548706055,97654400,2026-03-09 06:50:08.447594+00:00
2019-08-20,52.720001220703125,53.337501525878906,52.58000183105469,52.59000015258789,50.55630111694336,107537200,2026-03-09 06:50:08.447594+00:00
2019-08-21,53.247501373291016,53.412498474121094,52.900001525878906,53.15999984741211,51.10426330566406,86141600,2026-03-09 06:50:08.447594+00:00
2019-08-22,53.29750061035156,53.61000061035156,52.6875,53.1150016784668,51.060997009277344,89014800,2026-03-09 06:50:08.447594+00:00
2019-08-23,52.35749816894531,53.01250076293945,50.25,50.65999984741211,48.70093536376953,187272000,2026-03-09 06:50:08.447594+00:00
2019-08-26,51.46500015258789,51.79750061035156,51.26499938964844,51.622501373291016,49.62620544433594,104174400,2026-03-09 06:50:08.447594+00:00
2019-08-27,51.96500015258789,52.13750076293945,50.88249969482422,51.040000915527344,49.06623840332031,103493200,2026-03-09 06:50:08.447594+00:00
2019-08-28,51.025001525878906,51.43000030517578,50.83000183105469,51.38249969482422,49.39548873901367,63755200,2026-03-09 06:50:08.447594+00:00
2019-08-29,52.125,52.33000183105469,51.665000915527344,52.252498626708984,50.231842041015625,83962000,2026-03-09 06:50:08.447594+00:00
2019-08-30,52.540000915527344,52.61249923706055,51.79999923706055,52.185001373291016,50.16695785522461,84573600,2026-03-09 06:50:08.447594+00:00
2019-09-03,51.60749816894531,51.744998931884766,51.05500030517578,51.42499923706055,49.43635559082031,80092000,2026-03-09 06:50:08.447594+00:00
2019-09-04,52.09749984741211,52.369998931884766,51.83000183105469,52.29750061035156,50.27511215209961,76752400,2026-03-09 06:50:08.447594+00:00
2019-09-05,53.0,53.49250030517578,52.877498626708984,53.31999969482422,51.258079528808594,95654800,2026-03-09 06:50:08.447594+00:00
2019-09-06,53.51250076293945,53.60499954223633,53.127498626708984,53.314998626708984,51.25326156616211,77449200,2026-03-09 06:50:08.447594+00:00
2019-09-09,53.709999084472656,54.11000061035156,52.76750183105469,53.54249954223633,51.471961975097656,109237600,2026-03-09 06:50:08.447594+00:00
2019-09-10,53.46500015258789,54.19499969482422,52.9275016784668,54.17499923706055,52.08000946044922,127111600,2026-03-09 06:50:08.447594+00:00
2019-09-11,54.51750183105469,55.9275016784668,54.432498931884766,55.897499084472656,53.73588943481445,177158400,2026-03-09 06:50:08.447594+00:00
2019-09-12,56.20000076293945,56.60499954223633,55.71500015258789,55.772499084472656,53.615726470947266,128906800,2026-03-09 06:50:08.447594+00:00
2019-09-13,55.0,55.1974983215332,54.255001068115234,54.6875,52.57267761230469,159053200,2026-03-09 06:50:08.447594+00:00
2019-09-16,54.432498931884766,55.032501220703125,54.38999938964844,54.974998474121094,52.84907531738281,84632400,2026-03-09 06:50:08.447594+00:00
2019-09-17,54.9900016784668,55.20500183105469,54.779998779296875,55.17499923706055,53.04133224487305,73274800,2026-03-09 06:50:08.447594+00:00
2019-09-18,55.26499938964844,55.712501525878906,54.86000061035156,55.692501068115234,53.538822174072266,101360000,2026-03-09 06:50:08.447594+00:00
2019-09-19,55.502498626708984,55.939998626708984,55.092498779296875,55.2400016784668,53.10382080078125,88242400,2026-03-09 06:50:08.447594+00:00
2019-09-20,55.345001220703125,55.63999938964844,54.36750030517578,54.432498931884766,52.32754135131836,221652400,2026-03-09 06:50:08.447594+00:00
2019-09-23,54.73749923706055,54.959999084472656,54.412498474121094,54.68000030517578,52.565486907958984,76662000,2026-03-09 06:50:08.447594+00:00
2019-09-24,55.25749969482422,55.622501373291016,54.29750061035156,54.41999816894531,52.315528869628906,124763200,2026-03-09 06:50:08.447594+00:00
2019-09-25,54.63750076293945,55.375,54.28499984741211,55.25749969482422,53.12064743041992,87613600,2026-03-09 06:50:08.447594+00:00
2019-09-26,55.0,55.23500061035156,54.70750045776367,54.97249984741211,52.8466682434082,75334000,2026-03-09 06:50:08.447594+00:00
2019-09-27,55.1349983215332,55.2400016784668,54.31999969482422,54.70500183105469,52.589515686035156,101408000,2026-03-09 06:50:08.447594+00:00
2019-09-30,55.224998474121094,56.14500045776367,55.1974983215332,55.99250030517578,53.82722473144531,103909600,2026-03-09 06:50:08.447594+00:00
2019-10-01,56.26750183105469,57.05500030517578,56.04999923706055,56.147499084472656,53.97623062133789,139223200,2026-03-09 06:50:08.447594+00:00
2019-10-02,55.76499938964844,55.89500045776367,54.48249816894531,54.7400016784668,52.6231575012207,138449200,2026-03-09 06:50:08.447594+00:00
2019-10-03,54.60749816894531,55.2400016784668,53.782501220703125,55.20500183105469,53.07018280029297,114426000,2026-03-09 06:50:08.447594+00:00
2019-10-04,56.40999984741211,56.872501373291016,55.97249984741211,56.752498626708984,54.55784225463867,138478800,2026-03-09 06:50:08.447594+00:00
2019-10-07,56.567501068115234,57.48249816894531,56.459999084472656,56.76499938964844,54.569847106933594,122306000,2026-03-09 06:50:08.447594+00:00
2019-10-08,56.45500183105469,57.01499938964844,56.08250045776367,56.099998474121094,53.93056106567383,111820000,2026-03-09 06:50:08.447594+00:00
2019-10-09,56.75749969482422,56.9474983215332,56.40999984741211,56.75749969482422,54.56264114379883,74770400,2026-03-09 06:50:08.447594+00:00
2019-10-10,56.98249816894531,57.61000061035156,56.82500076293945,57.522499084472656,55.29805374145508,113013600,2026-03-09 06:50:08.447594+00:00
2019-10-11,58.23749923706055,59.40999984741211,58.07749938964844,59.0525016784668,56.768890380859375,166795600,2026-03-09 06:50:08.447594+00:00
2019-10-14,58.724998474121094,59.532501220703125,58.66749954223633,58.967498779296875,56.68717956542969,96427600,2026-03-09 06:50:08.447594+00:00
2019-10-15,59.09749984741211,59.412498474121094,58.720001220703125,58.83000183105469,56.55500411987305,87360000,2026-03-09 06:50:08.447594+00:00
2019-10-16,58.342498779296875,58.810001373291016,58.29999923706055,58.592498779296875,56.326690673828125,73903200,2026-03-09 06:50:08.447594+00:00
2019-10-17,58.772499084472656,59.037498474121094,58.380001068115234,58.81999969482422,56.54537582397461,67585200,2026-03-09 06:50:08.447594+00:00
2019-10-18,58.647499084472656,59.39500045776367,58.5724983215332,59.102500915527344,56.816959381103516,97433600,2026-03-09 06:50:08.447594+00:00
2019-10-21,59.380001068115234,60.247501373291016,59.33000183105469,60.127498626708984,57.80231857299805,87247200,2026-03-09 06:50:08.447594+00:00
2019-10-22,60.290000915527344,60.54999923706055,59.904998779296875,59.9900016784668,57.670135498046875,82293600,2026-03-09 06:50:08.447594+00:00
2019-10-23,60.525001525878906,60.810001373291016,60.30500030517578,60.79499816894531,58.444000244140625,75828800,2026-03-09 06:50:08.447594+00:00
2019-10-24,61.127498626708984,61.20000076293945,60.45249938964844,60.89500045776367,58.540138244628906,69275200,2026-03-09 06:50:08.447594+00:00
2019-10-25,60.790000915527344,61.682498931884766,60.720001220703125,61.64500045776367,59.261131286621094,73477200,2026-03-09 06:50:08.447594+00:00
2019-10-28,61.85499954223633,62.3125,61.68000030517578,62.26250076293945,59.85476303100586,96572800,2026-03-09 06:50:08.447594+00:00
2019-10-29,62.24250030517578,62.4375,60.64250183105469,60.8224983215332,58.47045135498047,142839600,2026-03-09 06:50:08.447594+00:00
2019-10-30,61.189998626708984,61.32500076293945,60.3025016784668,60.814998626708984,58.46322250366211,124522000,2026-03-09 06:50:08.447594+00:00
2019-10-31,61.810001373291016,62.29249954223633,59.314998626708984,62.189998626708984,59.785064697265625,139162000,2026-03-09 06:50:08.447594+00:00
2019-11-01,62.3849983215332,63.98249816894531,62.290000915527344,63.95500183105469,61.48180389404297,151125200,2026-03-09 06:50:08.447594+00:00
2019-11-04,64.3324966430664,64.4625015258789,63.845001220703125,64.375,61.88556671142578,103272000,2026-03-09 06:50:08.447594+00:00
2019-11-05,64.26249694824219,64.54750061035156,64.08000183105469,64.28250122070312,61.79664611816406,79897600,2026-03-09 06:50:08.447594+00:00
2019-11-06,64.19249725341797,64.37249755859375,63.842498779296875,64.30999755859375,61.82307815551758,75864400,2026-03-09 06:50:08.447594+00:00
2019-11-07,64.68499755859375,65.0875015258789,64.52749633789062,64.85749816894531,62.536598205566406,94940400,2026-03-09 06:50:08.447594+00:00
2019-11-08,64.67250061035156,65.11000061035156,64.2125015258789,65.03500366210938,62.70774841308594,69986400,2026-03-09 06:50:08.447594+00:00
2019-11-11,64.57499694824219,65.61750030517578,64.56999969482422,65.55000305175781,63.204341888427734,81821200,2026-03-09 06:50:08.447594+00:00
2019-11-12,65.38749694824219,65.69750213623047,65.2300033569336,65.48999786376953,63.14645004272461,87388800,2026-03-09 06:50:08.447594+00:00
2019-11-13,65.28250122070312,66.19499969482422,65.26750183105469,66.11750030517578,63.75150680541992,102734400,2026-03-09 06:50:08.447594+00:00
2019-11-14,65.9375,66.22000122070312,65.5250015258789,65.66000366210938,63.31035232543945,89182800,2026-03-09 06:50:08.447594+00:00
2019-11-15,65.91999816894531,66.44499969482422,65.75250244140625,66.44000244140625,64.06246948242188,100206400,2026-03-09 06:50:08.447594+00:00
2019-11-18,66.44999694824219,66.85749816894531,66.05750274658203,66.7750015258789,64.3854751586914,86703200,2026-03-09 06:50:08.447594+00:00
2019-11-19,66.9749984741211,67.0,66.34750366210938,66.57250213623047,64.19023132324219,76167200,2026-03-09 06:50:08.447594+00:00
2019-11-20,66.38500213623047,66.5199966430664,65.0999984741211,65.79750061035156,63.442962646484375,106234400,2026-03-09 06:50:08.447594+00:00
2019-11-21,65.92250061035156,66.00250244140625,65.29499816894531,65.50250244140625,63.15851974487305,121395200,2026-03-09 06:50:08.447594+00:00
2019-11-22,65.64749908447266,65.79499816894531,65.20999908447266,65.44499969482422,63.10307693481445,65325200,2026-03-09 06:50:08.447594+00:00
2019-11-25,65.67749786376953,66.61000061035156,65.62999725341797,66.59249877929688,64.20950317382812,84020400,2026-03-09 06:50:08.447594+00:00
2019-11-26,66.73500061035156,66.79000091552734,65.625,66.07250213623047,63.708106994628906,105207600,2026-03-09 06:50:08.447594+00:00
2019-11-27,66.3949966430664,66.99500274658203,66.32749938964844,66.95999908447266,64.56385040283203,65235600,2026-03-09 06:50:08.447594+00:00
2019-11-29,66.6500015258789,67.0,66.4749984741211,66.8125,64.42163848876953,46617600,2026-03-09 06:50:08.447594+00:00
2019-12-02,66.81749725341797,67.0625,65.86250305175781,66.04000091552734,63.67676544189453,94487200,2026-03-09 06:50:08.447594+00:00
2019-12-03,64.57749938964844,64.88249969482422,64.07250213623047,64.86250305175781,62.54141616821289,114430400,2026-03-09 06:50:08.447594+00:00
2019-12-04,65.26750183105469,65.82749938964844,65.16999816894531,65.43499755859375,63.09343719482422,67181600,2026-03-09 06:50:08.447594+00:00
2019-12-05,65.94750213623047,66.47250366210938,65.68250274658203,66.3949966430664,64.0190658569336,74424400,2026-03-09 06:50:08.447594+00:00
2019-12-06,66.87000274658203,67.75,66.82499694824219,67.67749786376953,65.25569152832031,106075600,2026-03-09 06:50:08.447594+00:00
2019-12-09,67.5,67.69999694824219,66.22750091552734,66.7300033569336,64.34210205078125,128042400,2026-03-09 06:50:08.447594+00:00
2019-12-10,67.1500015258789,67.51750183105469,66.46499633789062,67.12000274658203,64.71812438964844,90420400,2026-03-09 06:50:08.447594+00:00
2019-12-11,67.20249938964844,67.7750015258789,67.125,67.69249725341797,65.27015686035156,78756800,2026-03-09 06:50:08.447594+00:00
2019-12-12,66.94499969482422,68.13999938964844,66.83000183105469,67.86499786376953,65.43647003173828,137310400,2026-03-09 06:50:08.447594+00:00
2019-12-13,67.86499786376953,68.82499694824219,67.73249816894531,68.7874984741211,66.3259506225586,133587600,2026-03-09 06:50:08.447594+00:00
2019-12-16,69.25,70.19750213623047,69.24500274658203,69.96499633789062,67.4613265991211,128186000,2026-03-09 06:50:08.447594+00:00
2019-12-17,69.89250183105469,70.44249725341797,69.69999694824219,70.10250091552734,67.59391784667969,114158400,2026-03-09 06:50:08.447594+00:00
2019-12-18,69.94999694824219,70.4749984741211,69.77999877929688,69.93499755859375,67.4323959350586,116028400,2026-03-09 06:50:08.447594+00:00
2019-12-19,69.875,70.29499816894531,69.73750305175781,70.00499725341797,67.49989318847656,98369200,2026-03-09 06:50:08.447594+00:00
2019-12-20,70.55750274658203,70.6624984741211,69.63999938964844,69.86000061035156,67.36006927490234,275978000,2026-03-09 06:50:08.447594+00:00
2019-12-23,70.13249969482422,71.0625,70.09249877929688,71.0,68.45930480957031,98572000,2026-03-09 06:50:08.447594+00:00
2019-12-24,71.17250061035156,71.22250366210938,70.7300033569336,71.06749725341797,68.52436065673828,48478800,2026-03-09 06:50:08.447594+00:00
2019-12-26,71.20500183105469,72.49500274658203,71.17500305175781,72.47750091552734,69.88391876220703,93121200,2026-03-09 06:50:08.447594+00:00
2019-12-27,72.77999877929688,73.49250030517578,72.02999877929688,72.44999694824219,69.85739135742188,146266000,2026-03-09 06:50:08.447594+00:00
2019-12-30,72.36499786376953,73.17250061035156,71.30500030517578,72.87999725341797,70.27201843261719,144114400,2026-03-09 06:50:08.447594+00:00
2019-12-31,72.48249816894531,73.41999816894531,72.37999725341797,73.4124984741211,70.78544616699219,100805600,2026-03-09 06:50:08.447594+00:00
2020-01-02,74.05999755859375,75.1500015258789,73.79750061035156,75.0875015258789,72.40050506591797,135480400,2026-03-09 06:50:08.447594+00:00
2020-01-03,74.2874984741211,75.1449966430664,74.125,74.35749816894531,71.69662475585938,146322800,2026-03-09 06:50:08.447594+00:00
2020-01-06,73.44750213623047,74.98999786376953,73.1875,74.94999694824219,72.26793670654297,118387200,2026-03-09 06:50:08.447594+00:00
2020-01-07,74.95999908447266,75.2249984741211,74.37000274658203,74.59750366210938,71.92806243896484,108872000,2026-03-09 06:50:08.447594+00:00
2020-01-08,74.29000091552734,76.11000061035156,74.29000091552734,75.79750061035156,73.08509826660156,132079200,2026-03-09 06:50:08.447594+00:00
2020-01-09,76.80999755859375,77.60749816894531,76.55000305175781,77.40750122070312,74.63748931884766,170108400,2026-03-09 06:50:08.447594+00:00
2020-01-10,77.6500015258789,78.1675033569336,77.0625,77.5824966430664,74.80622863769531,140644800,2026-03-09 06:50:08.447594+00:00
2020-01-13,77.91000366210938,79.26750183105469,77.7874984741211,79.23999786376953,76.4044189453125,121532000,2026-03-09 06:50:08.447594+00:00
2020-01-14,79.17500305175781,79.39250183105469,78.0425033569336,78.16999816894531,75.37271118164062,161954400,2026-03-09 06:50:08.447594+00:00
2020-01-15,77.9625015258789,78.875,77.38749694824219,77.83499908447266,75.04969024658203,121923600,2026-03-09 06:50:08.447594+00:00
2020-01-16,78.39749908447266,78.92500305175781,78.02249908447266,78.80999755859375,75.98979187011719,108829200,2026-03-09 06:50:08.447594+00:00
2020-01-17,79.06749725341797,79.68499755859375,78.75,79.68250274658203,76.8310775756836,137816400,2026-03-09 06:50:08.447594+00:00
2020-01-21,79.29750061035156,79.75499725341797,79.0,79.14250183105469,76.31040954589844,110843200,2026-03-09 06:50:08.447594+00:00
2020-01-22,79.6449966430664,79.99749755859375,79.32749938964844,79.42500305175781,76.58279418945312,101832400,2026-03-09 06:50:08.447594+00:00
2020-01-23,79.4800033569336,79.88999938964844,78.9124984741211,79.80750274658203,76.95162200927734,104472000,2026-03-09 06:50:08.447594+00:00
2020-01-24,80.0625,80.8324966430664,79.37999725341797,79.57749938964844,76.7298583984375,146537600,2026-03-09 06:50:08.447594+00:00
2020-01-27,77.51499938964844,77.94249725341797,76.22000122070312,77.23750305175781,74.47358703613281,161940000,2026-03-09 06:50:08.447594+00:00
2020-01-28,78.1500015258789,79.5999984741211,78.04750061035156,79.42250061035156,76.58039855957031,162234000,2026-03-09 06:50:08.447594+00:00
2020-01-29,81.11250305175781,81.9625015258789,80.34500122070312,81.08499908447266,78.18340301513672,216229200,2026-03-09 06:50:08.447594+00:00
2020-01-30,80.13500213623047,81.02249908447266,79.6875,80.96749877929688,78.07009887695312,126743200,2026-03-09 06:50:08.447594+00:00
2020-01-31,80.23249816894531,80.66999816894531,77.07250213623047,77.37750244140625,74.60857391357422,199588400,2026-03-09 06:50:08.447594+00:00
2020-02-03,76.07499694824219,78.37249755859375,75.55500030517578,77.16500091552734,74.40369415283203,173788400,2026-03-09 06:50:08.447594+00:00
2020-02-04,78.82749938964844,79.91000366210938,78.40750122070312,79.7125015258789,76.8600082397461,136616400,2026-03-09 06:50:08.447594+00:00
2020-02-05,80.87999725341797,81.19000244140625,79.73750305175781,80.36250305175781,77.48675537109375,118826800,2026-03-09 06:50:08.447594+00:00
2020-02-06,80.64250183105469,81.30500030517578,80.06500244140625,81.30249786376953,78.3930892944336,105425600,2026-03-09 06:50:08.447594+00:00
2020-02-07,80.59249877929688,80.8499984741211,79.5,80.00749969482422,77.3275375366211,117684000,2026-03-09 06:50:08.447594+00:00
2020-02-10,78.54499816894531,80.38749694824219,78.4625015258789,80.38749694824219,77.6948013305664,109348800,2026-03-09 06:50:08.447594+00:00
2020-02-11,80.9000015258789,80.9749984741211,79.67749786376953,79.90249633789062,77.22607421875,94323200,2026-03-09 06:50:08.447594+00:00
2020-02-12,80.36750030517578,81.80500030517578,80.36750030517578,81.80000305175781,79.05999755859375,113730400,2026-03-09 06:50:08.447594+00:00
2020-02-13,81.04750061035156,81.55500030517578,80.8375015258789,81.21749877929688,78.49699401855469,94747600,2026-03-09 06:50:08.447594+00:00
2020-02-14,81.18499755859375,81.49500274658203,80.7125015258789,81.23750305175781,78.51634216308594,80113600,2026-03-09 06:50:08.447594+00:00
2020-02-18,78.83999633789062,79.9375,78.65249633789062,79.75,77.07865905761719,152531200,2026-03-09 06:50:08.447594+00:00
2020-02-19,80.0,81.14250183105469,80.0,80.90499877929688,78.19498443603516,93984000,2026-03-09 06:50:08.447594+00:00
2020-02-20,80.65750122070312,81.1624984741211,79.55249786376953,80.07499694824219,77.39279174804688,100566000,2026-03-09 06:50:08.447594+00:00
2020-02-21,79.65499877929688,80.11250305175781,77.625,78.26249694824219,75.6409912109375,129554000,2026-03-09 06:50:08.447594+00:00
2020-02-24,74.31500244140625,76.04499816894531,72.30750274658203,74.54499816894531,72.04801940917969,222195200,2026-03-09 06:50:08.447594+00:00
2020-02-25,75.23750305175781,75.63249969482422,71.53250122070312,72.0199966430664,69.60758209228516,230673600,2026-03-09 06:50:08.447594+00:00
2020-02-26,71.63249969482422,74.47000122070312,71.625,73.1624984741211,70.71180725097656,198054800,2026-03-09 06:50:08.447594+00:00
2020-02-27,70.2750015258789,71.5,68.23999786376953,68.37999725341797,66.0895004272461,320605600,2026-03-09 06:50:08.447594+00:00
2020-02-28,64.31500244140625,69.60250091552734,64.09249877929688,68.33999633789062,66.05086517333984,426510000,2026-03-09 06:50:08.447594+00:00
2020-03-02,70.56999969482422,75.36000061035156,69.43000030517578,74.70249938964844,72.20023345947266,341397200,2026-03-09 06:50:08.447594+00:00
2020-03-03,75.9175033569336,76.0,71.44999694824219,72.33000183105469,69.90721893310547,319475600,2026-03-09 06:50:08.447594+00:00
2020-03-04,74.11000061035156,75.8499984741211,73.28250122070312,75.68499755859375,73.1498031616211,219178400,2026-03-09 06:50:08.447594+00:00
2020-03-05,73.87999725341797,74.88749694824219,72.85250091552734,73.2300033569336,70.77706909179688,187572800,2026-03-09 06:50:08.447594+00:00
2020-03-06,70.5,72.70500183105469,70.30750274658203,72.25749969482422,69.83715057373047,226176800,2026-03-09 06:50:08.447594+00:00
2020-03-09,65.9375,69.52249908447266,65.75,66.5425033569336,64.3135757446289,286744800,2026-03-09 06:50:08.447594+00:00
2020-03-10,69.28500366210938,71.61000061035156,67.34249877929688,71.33499908447266,68.94551849365234,285290000,2026-03-09 06:50:08.447594+00:00
2020-03-11,69.34750366210938,70.30500030517578,67.96499633789062,68.85749816894531,66.55101776123047,255598800,2026-03-09 06:50:08.447594+00:00
2020-03-12,63.98500061035156,67.5,62.0,62.057498931884766,59.97880554199219,418474000,2026-03-09 06:50:08.447594+00:00
2020-03-13,66.22250366210938,69.9800033569336,63.23749923706055,69.49250030517578,67.16476440429688,370732000,2026-03-09 06:50:08.447594+00:00
2020-03-16,60.48749923706055,64.7699966430664,60.0,60.5525016784668,58.52422332763672,322423600,2026-03-09 06:50:08.447594+00:00
2020-03-17,61.877498626708984,64.40249633789062,59.599998474121094,63.21500015258789,61.097530364990234,324056000,2026-03-09 06:50:08.447594+00:00
2020-03-18,59.942501068115234,62.5,59.279998779296875,61.66749954223633,59.60185623168945,300233600,2026-03-09 06:50:08.447594+00:00
2020-03-19,61.84749984741211,63.209999084472656,60.65250015258789,61.19499969482422,59.14519119262695,271857200,2026-03-09 06:50:08.447594+00:00
2020-03-20,61.79499816894531,62.95750045776367,57.0,57.310001373291016,55.39032745361328,401693200,2026-03-09 06:50:08.447594+00:00
2020-03-23,57.02000045776367,57.125,53.15250015258789,56.092498779296875,54.21360778808594,336752800,2026-03-09 06:50:08.447594+00:00
2020-03-24,59.09000015258789,61.92250061035156,58.57500076293945,61.720001220703125,59.652610778808594,287531200,2026-03-09 06:50:08.447594+00:00
2020-03-25,62.6875,64.5625,61.07500076293945,61.380001068115234,59.32398986816406,303602000,2026-03-09 06:50:08.447594+00:00
2020-03-26,61.630001068115234,64.66999816894531,61.59000015258789,64.61000061035156,62.44580841064453,252087200,2026-03-09 06:50:08.447594+00:00
2020-03-27,63.1875,63.967498779296875,61.76250076293945,61.935001373291016,59.860408782958984,204216800,2026-03-09 06:50:08.447594+00:00
2020-03-30,62.685001373291016,63.880001068115234,62.349998474121094,63.70249938964844,61.568702697753906,167976400,2026-03-09 06:50:08.447594+00:00
2020-03-31,63.900001525878906,65.62249755859375,63.0,63.5724983215332,61.44306182861328,197002000,2026-03-09 06:50:08.447594+00:00
2020-04-01,61.625,62.18000030517578,59.782501220703125,60.227500915527344,58.21009826660156,176218400,2026-03-09 06:50:08.447594+00:00
2020-04-02,60.084999084472656,61.287498474121094,59.224998474121094,61.23249816894531,59.181427001953125,165934000,2026-03-09 06:50:08.447594+00:00
2020-04-03,60.70000076293945,61.42499923706055,59.74250030517578,60.352500915527344,58.330909729003906,129880000,2026-03-09 06:50:08.447594+00:00
2020-04-06,62.724998474121094,65.77749633789062,62.345001220703125,65.61750030517578,63.4195671081543,201820400,2026-03-09 06:50:08.447594+00:00
2020-04-07,67.69999694824219,67.92500305175781,64.75,64.85749816894531,62.68501281738281,202887200,2026-03-09 06:50:08.447594+00:00
2020-04-08,65.68499755859375,66.84249877929688,65.30750274658203,66.51750183105469,64.28941345214844,168895200,2026-03-09 06:50:08.447594+00:00
2020-04-09,67.17500305175781,67.51750183105469,66.17500305175781,66.99749755859375,64.7533187866211,161834800,2026-03-09 06:50:08.447594+00:00
2020-04-13,67.07749938964844,68.42500305175781,66.4574966430664,68.3125,66.02427673339844,131022800,2026-03-09 06:50:08.447594+00:00
2020-04-14,70.0,72.0625,69.51249694824219,71.76249694824219,69.35871887207031,194994800,2026-03-09 06:50:08.447594+00:00
2020-04-15,70.5999984741211,71.5824966430664,70.15750122070312,71.10749816894531,68.72563934326172,131154400,2026-03-09 06:50:08.447594+00:00
2020-04-16,71.84500122070312,72.05000305175781,70.5875015258789,71.67250061035156,69.2717514038086,157125200,2026-03-09 06:50:08.447594+00:00
2020-04-17,71.17250061035156,71.73750305175781,69.21499633789062,70.69999694824219,68.33179473876953,215250000,2026-03-09 06:50:08.447594+00:00
2020-04-20,69.48750305175781,70.41999816894531,69.2125015258789,69.23249816894531,66.91344451904297,130015200,2026-03-09 06:50:08.447594+00:00
2020-04-21,69.06999969482422,69.3125,66.35749816894531,67.09249877929688,64.84513854980469,180991600,2026-03-09 06:50:08.447594+00:00
2020-04-22,68.40249633789062,69.4749984741211,68.05000305175781,69.0250015258789,66.7129135131836,116862400,2026-03-09 06:50:08.447594+00:00
2020-04-23,68.96749877929688,70.4375,68.71749877929688,68.75749969482422,66.45437622070312,124814400,2026-03-09 06:50:08.447594+00:00
2020-04-24,69.30000305175781,70.75250244140625,69.25,70.74250030517578,68.37288665771484,126161200,2026-03-09 06:50:08.447594+00:00
2020-04-27,70.44999694824219,71.13500213623047,69.98750305175781,70.7925033569336,68.42121124267578,117087600,2026-03-09 06:50:08.447594+00:00
2020-04-28,71.2699966430664,71.4574966430664,69.55000305175781,69.6449966430664,67.31214141845703,112004800,2026-03-09 06:50:08.447594+00:00
2020-04-29,71.18250274658203,72.4175033569336,70.97250366210938,71.93250274658203,69.52301025390625,137280800,2026-03-09 06:50:08.447594+00:00
2020-04-30,72.48999786376953,73.63249969482422,72.0875015258789,73.44999694824219,70.98969268798828,183064000,2026-03-09 06:50:08.447594+00:00
2020-05-01,71.5625,74.75,71.4625015258789,72.26750183105469,69.84680938720703,240616800,2026-03-09 06:50:08.447594+00:00
2020-05-04,72.2925033569336,73.42250061035156,71.58000183105469,73.29000091552734,70.83505249023438,133568000,2026-03-09 06:50:08.447594+00:00
2020-05-05,73.76499938964844,75.25,73.61499786376953,74.38999938964844,71.8982162475586,147751200,2026-03-09 06:50:08.447594+00:00
2020-05-06,75.11499786376953,75.80999755859375,74.71749877929688,75.15750122070312,72.64000701904297,142333600,2026-03-09 06:50:08.447594+00:00
2020-05-07,75.80500030517578,76.2925033569336,75.49250030517578,75.93499755859375,73.39144897460938,115215200,2026-03-09 06:50:08.447594+00:00
2020-05-08,76.41000366210938,77.5875015258789,76.07250213623047,77.53250122070312,75.13829803466797,133838400,2026-03-09 06:50:08.447594+00:00
2020-05-11,77.0250015258789,79.26249694824219,76.80999755859375,78.75250244140625,76.32063293457031,145946400,2026-03-09 06:50:08.447594+00:00
2020-05-12,79.4574966430664,79.92250061035156,77.72750091552734,77.85250091552734,75.44842529296875,162301200,2026-03-09 06:50:08.447594+00:00
2020-05-13,78.0374984741211,78.98750305175781,75.80249786376953,76.9124984741211,74.53743743896484,200622400,2026-03-09 06:50:08.447594+00:00
2020-05-14,76.12750244140625,77.44750213623047,75.38249969482422,77.38500213623047,74.995361328125,158929200,2026-03-09 06:50:08.447594+00:00
2020-05-15,75.0875015258789,76.9749984741211,75.05249786376953,76.92749786376953,74.5519790649414,166348400,2026-03-09 06:50:08.447594+00:00
2020-05-18,78.2925033569336,79.125,77.58000183105469,78.73999786376953,76.30850982666016,135178400,2026-03-09 06:50:08.447594+00:00
2020-05-19,78.75749969482422,79.62999725341797,78.25250244140625,78.28500366210938,75.8675537109375,101729600,2026-03-09 06:50:08.447594+00:00
2020-05-20,79.16999816894531,79.87999725341797,79.12999725341797,79.80750274658203,77.34303283691406,111504800,2026-03-09 06:50:08.447594+00:00
2020-05-21,79.66500091552734,80.22250366210938,78.96749877929688,79.2125015258789,76.76641845703125,102688800,2026-03-09 06:50:08.447594+00:00
2020-05-22,78.94249725341797,79.80750274658203,78.8375015258789,79.72250366210938,77.26067352294922,81803200,2026-03-09 06:50:08.447594+00:00
2020-05-26,80.875,81.05999755859375,79.125,79.18250274658203,76.73735046386719,125522000,2026-03-09 06:50:08.447594+00:00
2020-05-27,79.03500366210938,79.67749786376953,78.27249908447266,79.52749633789062,77.07167053222656,112945200,2026-03-09 06:50:08.447594+00:00
2020-05-28,79.19249725341797,80.86000061035156,78.90750122070312,79.5625,77.10562896728516,133560800,2026-03-09 06:50:08.447594+00:00
2020-05-29,79.8125,80.2874984741211,79.11750030517578,79.48500061035156,77.03050994873047,153532400,2026-03-09 06:50:08.447594+00:00
2020-06-01,79.4375,80.5875015258789,79.30249786376953,80.4625015258789,77.97782135009766,80791200,2026-03-09 06:50:08.447594+00:00
2020-06-02,80.1875,80.86000061035156,79.73249816894531,80.83499908447266,78.33882141113281,87642800,2026-03-09 06:50:08.447594+00:00
2020-06-03,81.16500091552734,81.55000305175781,80.57499694824219,81.27999877929688,78.77008056640625,104491200,2026-03-09 06:50:08.447594+00:00
2020-06-04,81.09750366210938,81.40499877929688,80.19499969482422,80.58000183105469,78.09169006347656,87560400,2026-03-09 06:50:08.447594+00:00
2020-06-05,80.8375015258789,82.9375,80.80750274658203,82.875,80.31581115722656,137250400,2026-03-09 06:50:08.447594+00:00
2020-06-08,82.5625,83.4000015258789,81.83000183105469,83.36499786376953,80.79069519042969,95654400,2026-03-09 06:50:08.447594+00:00
2020-06-09,83.03500366210938,86.40249633789062,83.00250244140625,85.99749755859375,83.34188842773438,147712400,2026-03-09 06:50:08.447594+00:00
2020-06-10,86.9749984741211,88.69249725341797,86.52249908447266,88.20999908447266,85.48606872558594,166651600,2026-03-09 06:50:08.447594+00:00
2020-06-11,87.32749938964844,87.76499938964844,83.87000274658203,83.9749984741211,81.38185119628906,201662400,2026-03-09 06:50:08.447594+00:00
2020-06-12,86.18000030517578,86.94999694824219,83.55500030517578,84.69999694824219,82.08448028564453,200146000,2026-03-09 06:50:08.447594+00:00
2020-06-15,83.3125,86.41999816894531,83.1449966430664,85.74749755859375,83.099609375,138808800,2026-03-09 06:50:08.447594+00:00
2020-06-16,87.86499786376953,88.30000305175781,86.18000030517578,88.0199966430664,85.30195617675781,165428800,2026-03-09 06:50:08.447594+00:00
2020-06-17,88.7874984741211,88.8499984741211,87.77249908447266,87.89749908447266,85.1832504272461,114406400,2026-03-09 06:50:08.447594+00:00
2020-06-18,87.85250091552734,88.36250305175781,87.30500030517578,87.93250274658203,85.21713256835938,96820400,2026-03-09 06:50:08.447594+00:00
2020-06-19,88.66000366210938,89.13999938964844,86.2874984741211,87.43000030517578,84.73015594482422,264476000,2026-03-09 06:50:08.447594+00:00
2020-06-22,87.83499908447266,89.86499786376953,87.7874984741211,89.71749877929688,86.94701385498047,135445200,2026-03-09 06:50:08.447594+00:00
2020-06-23,91.0,93.09500122070312,90.56749725341797,91.63249969482422,88.80289459228516,212155600,2026-03-09 06:50:08.447594+00:00
2020-06-24,91.25,92.19750213623047,89.62999725341797,90.01499938964844,87.23533630371094,192623200,2026-03-09 06:50:08.447594+00:00
2020-06-25,90.17500305175781,91.25,89.39250183105469,91.20999908447266,88.3934326171875,137522400,2026-03-09 06:50:08.447594+00:00
2020-06-26,91.10250091552734,91.33000183105469,88.25499725341797,88.40750122070312,85.67748260498047,205256800,2026-03-09 06:50:08.447594+00:00
2020-06-29,88.3125,90.5425033569336,87.81999969482422,90.44499969482422,87.65204620361328,130646000,2026-03-09 06:50:08.447594+00:00
2020-06-30,90.0199966430664,91.49500274658203,90.0,91.19999694824219,88.38374328613281,140223200,2026-03-09 06:50:08.447594+00:00
2020-07-01,91.27999877929688,91.83999633789062,90.97750091552734,91.02749633789062,88.21656036376953,110737200,2026-03-09 06:50:08.447594+00:00
2020-07-02,91.9625015258789,92.61750030517578,90.91000366210938,91.02749633789062,88.21656036376953,114041600,2026-03-09 06:50:08.447594+00:00
2020-07-06,92.5,93.94499969482422,92.46749877929688,93.4625015258789,90.57636260986328,118655600,2026-03-09 06:50:08.447594+00:00
2020-07-07,93.85250091552734,94.65499877929688,93.05750274658203,93.17250061035156,90.29533386230469,112424400,2026-03-09 06:50:08.447594+00:00
2020-07-08,94.18000030517578,95.375,94.08999633789062,95.34249877929688,92.39830017089844,117092000,2026-03-09 06:50:08.447594+00:00
2020-07-09,96.26249694824219,96.31749725341797,94.67250061035156,95.75250244140625,92.79566955566406,125642800,2026-03-09 06:50:08.447594+00:00
2020-07-10,95.33499908447266,95.9800033569336,94.70500183105469,95.91999816894531,92.95797729492188,90257200,2026-03-09 06:50:08.447594+00:00
2020-07-13,97.26499938964844,99.95500183105469,95.25749969482422,95.47750091552734,92.52912139892578,191649200,2026-03-09 06:50:08.447594+00:00
2020-07-14,94.83999633789062,97.25499725341797,93.87750244140625,97.05750274658203,94.06037139892578,170989200,2026-03-09 06:50:08.447594+00:00
2020-07-15,98.98999786376953,99.24749755859375,96.48999786376953,97.7249984741211,94.7072525024414,153198000,2026-03-09 06:50:08.447594+00:00
2020-07-16,96.5625,97.40499877929688,95.90499877929688,96.52249908447266,93.5418701171875,110577600,2026-03-09 06:50:08.447594+00:00
2020-07-17,96.98750305175781,97.14749908447266,95.83999633789062,96.32749938964844,93.3529052734375,92186800,2026-03-09 06:50:08.447594+00:00
2020-07-20,96.4175033569336,98.5,96.0625,98.35749816894531,95.32022094726562,90318000,2026-03-09 06:50:08.447594+00:00
2020-07-21,99.17250061035156,99.25,96.74250030517578,97.0,94.004638671875,103433200,2026-03-09 06:50:08.447594+00:00
2020-07-22,96.69249725341797,97.9749984741211,96.60250091552734,97.27249908447266,94.26871490478516,89001600,2026-03-09 06:50:08.447594+00:00
2020-07-23,96.99749755859375,97.07749938964844,92.01000213623047,92.84500122070312,89.97794342041016,197004400,2026-03-09 06:50:08.447594+00:00
2020-07-24,90.98750305175781,92.97000122070312,89.1449966430664,92.61499786376953,89.75505828857422,185438800,2026-03-09 06:50:08.447594+00:00
2020-07-27,93.70999908447266,94.90499877929688,93.4800033569336,94.80999755859375,91.88226318359375,121214000,2026-03-09 06:50:08.447594+00:00
2020-07-28,94.36750030517578,94.55000305175781,93.24749755859375,93.25250244140625,90.37286376953125,103625600,2026-03-09 06:50:08.447594+00:00
2020-07-29,93.75,95.2300033569336,93.7125015258789,95.04000091552734,92.10515594482422,90329200,2026-03-09 06:50:08.447594+00:00
2020-07-30,94.1875,96.29750061035156,93.76750183105469,96.19000244140625,93.21964263916016,158130000,2026-03-09 06:50:08.447594+00:00
2020-07-31,102.88500213623047,106.41500091552734,100.82499694824219,106.26000213623047,102.97867584228516,374336800,2026-03-09 06:50:08.447594+00:00
2020-08-03,108.19999694824219,111.63749694824219,107.89250183105469,108.9375,105.5735092163086,308151200,2026-03-09 06:50:08.447594+00:00
2020-08-04,109.13249969482422,110.79000091552734,108.38749694824219,109.66500091552734,106.2785415649414,173071600,2026-03-09 06:50:08.447594+00:00
2020-08-05,109.37750244140625,110.39250183105469,108.89749908447266,110.0625,106.66377258300781,121776800,2026-03-09 06:50:08.447594+00:00
2020-08-06,110.40499877929688,114.4124984741211,109.79750061035156,113.90249633789062,110.38518524169922,202428800,2026-03-09 06:50:08.447594+00:00
2020-08-07,113.20500183105469,113.67500305175781,110.2925033569336,111.11250305175781,107.87548828125,198045600,2026-03-09 06:50:08.447594+00:00
2020-08-10,112.5999984741211,113.7750015258789,110.0,112.72750091552734,109.44345092773438,212403600,2026-03-09 06:50:08.447594+00:00
2020-08-11,111.97000122070312,112.48249816894531,109.10749816894531,109.375,106.18860626220703,187902400,2026-03-09 06:50:08.447594+00:00
2020-08-12,110.49749755859375,113.2750015258789,110.29750061035156,113.01000213623047,109.71773529052734,165598000,2026-03-09 06:50:08.447594+00:00
2020-08-13,114.43000030517578,116.0425033569336,113.92749786376953,115.01000213623047,111.65943908691406,210082000,2026-03-09 06:50:08.447594+00:00
2020-08-14,114.83000183105469,115.0,113.04499816894531,114.90750122070312,111.55992889404297,165565200,2026-03-09 06:50:08.447594+00:00
2020-08-17,116.0625,116.0875015258789,113.9625015258789,114.60749816894531,111.2686538696289,119561600,2026-03-09 06:50:08.447594+00:00
2020-08-18,114.35250091552734,116.0,114.00749969482422,115.5625,112.19585418701172,105633600,2026-03-09 06:50:08.447594+00:00
2020-08-19,115.98249816894531,117.1624984741211,115.61000061035156,115.7074966430664,112.33660888671875,145538000,2026-03-09 06:50:08.447594+00:00
2020-08-20,115.75,118.39250183105469,115.73249816894531,118.2750015258789,114.8293228149414,126907200,2026-03-09 06:50:08.447594+00:00
2020-08-21,119.26249694824219,124.86750030517578,119.25,124.37000274658203,120.74676513671875,338054800,2026-03-09 06:50:08.447594+00:00
2020-08-24,128.69749450683594,128.78500366210938,123.9375,125.85749816894531,122.19091796875,345937600,2026-03-09 06:50:08.447594+00:00
2020-08-25,124.69750213623047,125.18000030517578,123.05249786376953,124.82499694824219,121.1884994506836,211495600,2026-03-09 06:50:08.447594+00:00
2020-08-26,126.18000030517578,126.99250030517578,125.0824966430664,126.52249908447266,122.83655548095703,163022400,2026-03-09 06:50:08.447594+00:00
2020-08-27,127.14250183105469,127.48500061035156,123.8324966430664,125.01000213623047,121.36813354492188,155552400,2026-03-09 06:50:08.447594+00:00
2020-08-28,126.01249694824219,126.44249725341797,124.57749938964844,124.80750274658203,121.17152404785156,187630000,2026-03-09 06:50:08.447594+00:00
2020-08-31,127.58000183105469,131.0,126.0,129.0399932861328,125.28071594238281,225702700,2026-03-09 06:50:08.447594+00:00
2020-09-01,132.75999450683594,134.8000030517578,130.52999877929688,134.17999267578125,130.27096557617188,151948100,2026-03-09 06:50:08.447594+00:00
2020-09-02,137.58999633789062,137.97999572753906,127.0,131.39999389648438,127.57194519042969,200119000,2026-03-09 06:50:08.447594+00:00
2020-09-03,126.91000366210938,128.83999633789062,120.5,120.87999725341797,117.35842895507812,257599600,2026-03-09 06:50:08.447594+00:00
2020-09-04,120.06999969482422,123.69999694824219,110.88999938964844,120.95999908447266,117.43611145019531,332607200,2026-03-09 06:50:08.447594+00:00
2020-09-08,113.94999694824219,118.98999786376953,112.68000030517578,112.81999969482422,109.53324127197266,231366600,2026-03-09 06:50:08.447594+00:00
2020-09-09,117.26000213623047,119.13999938964844,115.26000213623047,117.31999969482422,113.90213775634766,176940500,2026-03-09 06:50:08.447594+00:00
2020-09-10,120.36000061035156,120.5,112.5,113.48999786376953,110.1837158203125,182274400,2026-03-09 06:50:08.447594+00:00
2020-09-11,114.56999969482422,115.2300033569336,110.0,112.0,108.73716735839844,180860300,2026-03-09 06:50:08.447594+00:00
2020-09-14,114.72000122070312,115.93000030517578,112.80000305175781,115.36000061035156,111.9992446899414,140150100,2026-03-09 06:50:08.447594+00:00
2020-09-15,118.33000183105469,118.83000183105469,113.61000061035156,115.54000091552734,112.17400360107422,184642000,2026-03-09 06:50:08.447594+00:00
2020-09-16,115.2300033569336,116.0,112.04000091552734,112.12999725341797,108.86334991455078,154679000,2026-03-09 06:50:08.447594+00:00
2020-09-17,109.72000122070312,112.19999694824219,108.70999908447266,110.33999633789062,107.1254653930664,178011000,2026-03-09 06:50:08.447594+00:00
2020-09-18,110.4000015258789,110.87999725341797,106.08999633789062,106.83999633789062,103.72746276855469,287104900,2026-03-09 06:50:08.447594+00:00
2020-09-21,104.54000091552734,110.19000244140625,103.0999984741211,110.08000183105469,106.87307739257812,195713800,2026-03-09 06:50:08.447594+00:00
2020-09-22,112.68000030517578,112.86000061035156,109.16000366210938,111.80999755859375,108.55267333984375,183055400,2026-03-09 06:50:08.447594+00:00
2020-09-23,111.62000274658203,112.11000061035156,106.7699966430664,107.12000274658203,103.99931335449219,150718700,2026-03-09 06:50:08.447594+00:00
2020-09-24,105.16999816894531,110.25,105.0,108.22000122070312,105.0672607421875,167743300,2026-03-09 06:50:08.447594+00:00
2020-09-25,108.43000030517578,112.44000244140625,107.66999816894531,112.27999877929688,109.00897216796875,149981400,2026-03-09 06:50:08.447594+00:00
2020-09-28,115.01000213623047,115.31999969482422,112.77999877929688,114.95999908447266,111.61090850830078,137672400,2026-03-09 06:50:08.447594+00:00
2020-09-29,114.55000305175781,115.30999755859375,113.56999969482422,114.08999633789062,110.7662353515625,99382200,2026-03-09 06:50:08.447594+00:00
2020-09-30,113.79000091552734,117.26000213623047,113.62000274658203,115.80999755859375,112.43612670898438,142675200,2026-03-09 06:50:08.447594+00:00
2020-10-01,117.63999938964844,117.72000122070312,115.83000183105469,116.79000091552734,113.3875961303711,116120400,2026-03-09 06:50:08.447594+00:00
2020-10-02,112.88999938964844,115.37000274658203,112.22000122070312,113.0199966430664,109.72740173339844,144712000,2026-03-09 06:50:08.447594+00:00
2020-10-05,113.91000366210938,116.6500015258789,113.55000305175781,116.5,113.10604858398438,106243800,2026-03-09 06:50:08.447594+00:00
2020-10-06,115.69999694824219,116.12000274658203,112.25,113.16000366210938,109.86335754394531,161498200,2026-03-09 06:50:08.447594+00:00
2020-10-07,114.62000274658203,115.55000305175781,114.12999725341797,115.08000183105469,111.7274169921875,96849000,2026-03-09 06:50:08.447594+00:00
2020-10-08,116.25,116.4000015258789,114.58999633789062,114.97000122070312,111.62059783935547,83477200,2026-03-09 06:50:08.447594+00:00
2020-10-09,115.27999877929688,117.0,114.91999816894531,116.97000122070312,113.56233978271484,100506900,2026-03-09 06:50:08.447594+00:00
2020-10-12,120.05999755859375,125.18000030517578,119.27999877929688,124.4000015258789,120.77588653564453,240226800,2026-03-09 06:50:08.447594+00:00
2020-10-13,125.2699966430664,125.38999938964844,119.6500015258789,121.0999984741211,117.572021484375,262330500,2026-03-09 06:50:08.447594+00:00
2020-10-14,121.0,123.02999877929688,119.62000274658203,121.19000244140625,117.65940856933594,150712000,2026-03-09 06:50:08.447594+00:00
2020-10-15,118.72000122070312,121.19999694824219,118.1500015258789,120.70999908447266,117.19340515136719,112559200,2026-03-09 06:50:08.447594+00:00
2020-10-16,121.27999877929688,121.55000305175781,118.80999755859375,119.0199966430664,115.5526123046875,115393800,2026-03-09 06:50:08.447594+00:00
2020-10-19,119.95999908447266,120.41999816894531,115.66000366210938,115.9800033569336,112.60118103027344,120639300,2026-03-09 06:50:08.447594+00:00
2020-10-20,116.19999694824219,118.9800033569336,115.62999725341797,117.51000213623047,114.08660888671875,124423700,2026-03-09 06:50:08.447594+00:00
2020-10-21,116.66999816894531,118.70999908447266,116.44999694824219,116.87000274658203,113.46527862548828,89946000,2026-03-09 06:50:08.447594+00:00
2020-10-22,117.44999694824219,118.04000091552734,114.58999633789062,115.75,112.37788391113281,101988000,2026-03-09 06:50:08.447594+00:00
2020-10-23,116.38999938964844,116.55000305175781,114.27999877929688,115.04000091552734,111.68856048583984,82572600,2026-03-09 06:50:08.447594+00:00
2020-10-26,114.01000213623047,116.55000305175781,112.87999725341797,115.05000305175781,111.69827270507812,111850700,2026-03-09 06:50:08.447594+00:00
2020-10-27,115.48999786376953,117.27999877929688,114.54000091552734,116.5999984741211,113.20313262939453,92276800,2026-03-09 06:50:08.447594+00:00
2020-10-28,115.05000305175781,115.43000030517578,111.0999984741211,111.19999694824219,107.96044921875,143937800,2026-03-09 06:50:08.447594+00:00
2020-10-29,112.37000274658203,116.93000030517578,112.19999694824219,115.31999969482422,111.96041870117188,146129200,2026-03-09 06:50:08.447594+00:00
2020-10-30,111.05999755859375,111.98999786376953,107.72000122070312,108.86000061035156,105.68860626220703,190272600,2026-03-09 06:50:08.447594+00:00
2020-11-02,109.11000061035156,110.68000030517578,107.31999969482422,108.7699966430664,105.6012191772461,122866900,2026-03-09 06:50:08.447594+00:00
2020-11-03,109.66000366210938,111.48999786376953,108.7300033569336,110.44000244140625,107.22258758544922,107624400,2026-03-09 06:50:08.447594+00:00
2020-11-04,114.13999938964844,115.58999633789062,112.3499984741211,114.94999694824219,111.60121154785156,138235500,2026-03-09 06:50:08.447594+00:00
2020-11-05,117.94999694824219,119.62000274658203,116.87000274658203,119.02999877929688,115.56234741210938,126387100,2026-03-09 06:50:08.447594+00:00
2020-11-06,118.31999969482422,119.19999694824219,116.12999725341797,118.69000244140625,115.43106079101562,114457900,2026-03-09 06:50:08.447594+00:00
2020-11-09,120.5,121.98999786376953,116.05000305175781,116.31999969482422,113.12612915039062,154515300,2026-03-09 06:50:08.447594+00:00
2020-11-10,115.55000305175781,117.58999633789062,114.12999725341797,115.97000122070312,112.7857437133789,138023400,2026-03-09 06:50:08.447594+00:00
2020-11-11,117.19000244140625,119.62999725341797,116.44000244140625,119.48999786376953,116.2090835571289,112295000,2026-03-09 06:50:08.447594+00:00
2020-11-12,119.62000274658203,120.52999877929688,118.56999969482422,119.20999908447266,115.93675994873047,103162300,2026-03-09 06:50:08.447594+00:00
2020-11-13,119.44000244140625,119.66999816894531,117.87000274658203,119.26000213623047,115.98540496826172,81581900,2026-03-09 06:50:08.447594+00:00
2020-11-16,118.91999816894531,120.98999786376953,118.1500015258789,120.30000305175781,116.9968490600586,91183000,2026-03-09 06:50:08.447594+00:00
2020-11-17,119.55000305175781,120.66999816894531,118.95999908447266,119.38999938964844,116.11181640625,74271000,2026-03-09 06:50:08.447594+00:00
2020-11-18,118.61000061035156,119.81999969482422,118.0,118.02999877929688,114.78916931152344,76322100,2026-03-09 06:50:08.447594+00:00
2020-11-19,117.58999633789062,119.05999755859375,116.80999755859375,118.63999938964844,115.38240814208984,74113000,2026-03-09 06:50:08.447594+00:00
2020-11-20,118.63999938964844,118.7699966430664,117.29000091552734,117.33999633789062,114.11811065673828,73604300,2026-03-09 06:50:08.447594+00:00
2020-11-23,117.18000030517578,117.62000274658203,113.75,113.8499984741211,110.72392272949219,127959300,2026-03-09 06:50:08.447594+00:00
2020-11-24,113.91000366210938,115.8499984741211,112.58999633789062,115.16999816894531,112.00770568847656,113874200,2026-03-09 06:50:08.447594+00:00
2020-11-25,115.55000305175781,116.75,115.16999816894531,116.02999877929688,112.84408569335938,76499200,2026-03-09 06:50:08.447594+00:00
2020-11-27,116.56999969482422,117.48999786376953,116.22000122070312,116.58999633789062,113.3886947631836,46691300,2026-03-09 06:50:08.447594+00:00
2020-11-30,116.97000122070312,120.97000122070312,116.80999755859375,119.05000305175781,115.78117370605469,169410200,2026-03-09 06:50:08.447594+00:00
2020-12-01,121.01000213623047,123.47000122070312,120.01000213623047,122.72000122070312,119.35039520263672,127728200,2026-03-09 06:50:08.447594+00:00
2020-12-02,122.0199966430664,123.37000274658203,120.88999938964844,123.08000183105469,119.70049285888672,89004200,2026-03-09 06:50:08.447594+00:00
2020-12-03,123.5199966430664,123.77999877929688,122.20999908447266,122.94000244140625,119.56436157226562,78967600,2026-03-09 06:50:08.447594+00:00
2020-12-04,122.5999984741211,122.86000061035156,121.5199966430664,122.25,118.89329528808594,78260400,2026-03-09 06:50:08.447594+00:00
2020-12-07,122.30999755859375,124.56999969482422,122.25,123.75,120.35210418701172,86712000,2026-03-09 06:50:08.447594+00:00
2020-12-08,124.37000274658203,124.9800033569336,123.08999633789062,124.37999725341797,120.96479034423828,82225500,2026-03-09 06:50:08.447594+00:00
2020-12-09,124.52999877929688,125.94999694824219,121.0,121.77999877929688,118.43621826171875,115089200,2026-03-09 06:50:08.447594+00:00
2020-12-10,120.5,123.87000274658203,120.1500015258789,123.23999786376953,119.8561019897461,81312200,2026-03-09 06:50:08.447594+00:00
2020-12-11,122.43000030517578,122.76000213623047,120.55000305175781,122.41000366210938,119.04890441894531,86939800,2026-03-09 06:50:08.447594+00:00
2020-12-14,122.5999984741211,123.3499984741211,121.54000091552734,121.77999877929688,118.43621826171875,79184500,2026-03-09 06:50:08.447594+00:00
2020-12-15,124.33999633789062,127.9000015258789,124.12999725341797,127.87999725341797,124.36871337890625,157243700,2026-03-09 06:50:08.447594+00:00
2020-12-16,127.41000366210938,128.3699951171875,126.55999755859375,127.80999755859375,124.30065155029297,98208600,2026-03-09 06:50:08.447594+00:00
2020-12-17,128.89999389648438,129.5800018310547,128.0399932861328,128.6999969482422,125.16618347167969,94359800,2026-03-09 06:50:08.447594+00:00
2020-12-18,128.9600067138672,129.10000610351562,126.12000274658203,126.66000366210938,123.18221282958984,192541500,2026-03-09 06:50:08.447594+00:00
2020-12-21,125.0199966430664,128.30999755859375,123.44999694824219,128.22999572753906,124.70909118652344,121251600,2026-03-09 06:50:08.447594+00:00
2020-12-22,131.61000061035156,134.41000366210938,129.64999389648438,131.8800048828125,128.25889587402344,168904800,2026-03-09 06:50:08.447594+00:00
2020-12-23,132.16000366210938,132.42999267578125,130.77999877929688,130.9600067138672,127.36416625976562,88223700,2026-03-09 06:50:08.447594+00:00
2020-12-24,131.32000732421875,133.4600067138672,131.10000610351562,131.97000122070312,128.34642028808594,54930100,2026-03-09 06:50:08.447594+00:00
2020-12-28,133.99000549316406,137.33999633789062,133.50999450683594,136.69000244140625,132.9368133544922,124486200,2026-03-09 06:50:08.447594+00:00
2020-12-29,138.0500030517578,138.7899932861328,134.33999633789062,134.8699951171875,131.166748046875,121047300,2026-03-09 06:50:08.447594+00:00
2020-12-30,135.5800018310547,135.99000549316406,133.39999389648438,133.72000122070312,130.04833984375,96452100,2026-03-09 06:50:08.447594+00:00
2020-12-31,134.0800018310547,134.74000549316406,131.72000122070312,132.69000244140625,129.04661560058594,99116600,2026-03-09 06:50:08.447594+00:00
2021-01-04,133.52000427246094,133.61000061035156,126.76000213623047,129.41000366210938,125.85671997070312,143301900,2026-03-09 06:50:08.447594+00:00
2021-01-05,128.88999938964844,131.74000549316406,128.42999267578125,131.00999450683594,127.4127426147461,97664900,2026-03-09 06:50:08.447594+00:00
2021-01-06,127.72000122070312,131.0500030517578,126.37999725341797,126.5999984741211,123.12384796142578,155088000,2026-03-09 06:50:08.447594+00:00
2021-01-07,128.36000061035156,131.6300048828125,127.86000061035156,130.9199981689453,127.3252182006836,109578200,2026-03-09 06:50:08.447594+00:00
2021-01-08,132.42999267578125,132.6300048828125,130.22999572753906,132.0500030517578,128.4242401123047,105158200,2026-03-09 06:50:08.447594+00:00
2021-01-11,129.19000244140625,130.1699981689453,128.5,128.97999572753906,125.43848419189453,100384500,2026-03-09 06:50:08.447594+00:00
2021-01-12,128.5,129.69000244140625,126.86000061035156,128.8000030517578,125.26346588134766,91951100,2026-03-09 06:50:08.447594+00:00
2021-01-13,128.75999450683594,131.4499969482422,128.49000549316406,130.88999938964844,127.29607391357422,88636800,2026-03-09 06:50:08.447594+00:00
2021-01-14,130.8000030517578,131.0,128.75999450683594,128.91000366210938,125.37044525146484,90221800,2026-03-09 06:50:08.447594+00:00
2021-01-15,128.77999877929688,130.22000122070312,127.0,127.13999938964844,123.64901733398438,111598500,2026-03-09 06:50:08.447594+00:00
2021-01-19,127.77999877929688,128.7100067138672,126.94000244140625,127.83000183105469,124.32007598876953,90757300,2026-03-09 06:50:08.447594+00:00
2021-01-20,128.66000366210938,132.49000549316406,128.5500030517578,132.02999877929688,128.40476989746094,104319500,2026-03-09 06:50:08.447594+00:00
2021-01-21,133.8000030517578,139.6699981689453,133.58999633789062,136.8699951171875,133.11187744140625,120150900,2026-03-09 06:50:08.447594+00:00
2021-01-22,136.27999877929688,139.85000610351562,135.02000427246094,139.07000732421875,135.25149536132812,114459400,2026-03-09 06:50:08.447594+00:00
2021-01-25,143.07000732421875,145.08999633789062,136.5399932861328,142.9199981689453,138.99574279785156,157611700,2026-03-09 06:50:08.447594+00:00
2021-01-26,143.60000610351562,144.3000030517578,141.3699951171875,143.16000366210938,139.22914123535156,98390600,2026-03-09 06:50:08.447594+00:00
2021-01-27,143.42999267578125,144.3000030517578,140.41000366210938,142.05999755859375,138.15936279296875,140843800,2026-03-09 06:50:08.447594+00:00
2021-01-28,139.52000427246094,141.99000549316406,136.6999969482422,137.08999633789062,133.32583618164062,142621100,2026-03-09 06:50:08.447594+00:00
2021-01-29,135.8300018310547,136.74000549316406,130.2100067138672,131.9600067138672,128.3367156982422,177523800,2026-03-09 06:50:08.447594+00:00
2021-02-01,133.75,135.3800048828125,130.92999267578125,134.13999938964844,130.4568328857422,106239800,2026-03-09 06:50:08.447594+00:00
2021-02-02,135.72999572753906,136.30999755859375,134.61000061035156,134.99000549316406,131.2834930419922,83305400,2026-03-09 06:50:08.447594+00:00
2021-02-03,135.75999450683594,135.77000427246094,133.61000061035156,133.94000244140625,130.26231384277344,89880900,2026-03-09 06:50:08.447594+00:00
2021-02-04,136.3000030517578,137.39999389648438,134.58999633789062,137.38999938964844,133.61758422851562,84183100,2026-03-09 06:50:08.447594+00:00
2021-02-05,137.35000610351562,137.4199981689453,135.86000061035156,136.75999450683594,133.20367431640625,75693800,2026-03-09 06:50:08.447594+00:00
2021-02-08,136.02999877929688,136.9600067138672,134.9199981689453,136.91000366210938,133.3497314453125,71297200,2026-03-09 06:50:08.447594+00:00
2021-02-09,136.6199951171875,137.8800048828125,135.85000610351562,136.00999450683594,132.47311401367188,76774200,2026-03-09 06:50:08.447594+00:00
2021-02-10,136.47999572753906,136.99000549316406,134.39999389648438,135.38999938964844,131.8692626953125,73046600,2026-03-09 06:50:08.447594+00:00
2021-02-11,135.89999389648438,136.38999938964844,133.77000427246094,135.1300048828125,131.61602783203125,64280000,2026-03-09 06:50:08.447594+00:00
2021-02-12,134.35000610351562,135.52999877929688,133.69000244140625,135.3699951171875,131.84979248046875,60145100,2026-03-09 06:50:08.447594+00:00
2021-02-16,135.49000549316406,136.00999450683594,132.7899932861328,133.19000244140625,129.7264404296875,80576300,2026-03-09 06:50:08.447594+00:00
2021-02-17,131.25,132.22000122070312,129.47000122070312,130.83999633789062,127.43757629394531,97918500,2026-03-09 06:50:08.447594+00:00
2021-02-18,129.1999969482422,130.0,127.41000366210938,129.7100067138672,126.33698272705078,96856700,2026-03-09 06:50:08.447594+00:00
2021-02-19,130.24000549316406,130.7100067138672,128.8000030517578,129.8699951171875,126.4928207397461,87668800,2026-03-09 06:50:08.447594+00:00
2021-02-22,128.00999450683594,129.72000122070312,125.5999984741211,126.0,122.72344207763672,103916400,2026-03-09 06:50:08.447594+00:00
2021-02-23,123.76000213623047,126.70999908447266,118.38999938964844,125.86000061035156,122.58707427978516,158273000,2026-03-09 06:50:08.447594+00:00
2021-02-24,124.94000244140625,125.55999755859375,122.2300033569336,125.3499984741211,122.09036254882812,111039900,2026-03-09 06:50:08.447594+00:00
2021-02-25,124.68000030517578,126.45999908447266,120.54000091552734,120.98999786376953,117.84371948242188,148199500,2026-03-09 06:50:08.447594+00:00
2021-02-26,122.58999633789062,124.8499984741211,121.19999694824219,121.26000213623047,118.1067123413086,164560400,2026-03-09 06:50:08.447594+00:00
2021-03-01,123.75,127.93000030517578,122.79000091552734,127.79000091552734,124.46691131591797,116307900,2026-03-09 06:50:08.447594+00:00
2021-03-02,128.41000366210938,128.72000122070312,125.01000213623047,125.12000274658203,121.86634063720703,102260900,2026-03-09 06:50:08.447594+00:00
2021-03-03,124.80999755859375,125.70999908447266,121.83999633789062,122.05999755859375,118.88590240478516,112966300,2026-03-09 06:50:08.447594+00:00
2021-03-04,121.75,123.5999984741211,118.62000274658203,120.12999725341797,117.00608825683594,178155000,2026-03-09 06:50:08.447594+00:00
2021-03-05,120.9800033569336,121.94000244140625,117.56999969482422,121.41999816894531,118.26253509521484,153766600,2026-03-09 06:50:08.447594+00:00
2021-03-08,120.93000030517578,121.0,116.20999908447266,116.36000061035156,113.33412170410156,154376600,2026-03-09 06:50:08.447594+00:00
2021-03-09,119.02999877929688,122.05999755859375,118.79000091552734,121.08999633789062,117.94110870361328,129525800,2026-03-09 06:50:08.447594+00:00
2021-03-10,121.69000244140625,122.16999816894531,119.44999694824219,119.9800033569336,116.86000061035156,111943300,2026-03-09 06:50:08.447594+00:00
2021-03-11,122.54000091552734,123.20999908447266,121.26000213623047,121.95999908447266,118.78849029541016,103026500,2026-03-09 06:50:08.447594+00:00
2021-03-12,120.4000015258789,121.16999816894531,119.16000366210938,121.02999877929688,117.88267517089844,88105100,2026-03-09 06:50:08.447594+00:00
2021-03-15,121.41000366210938,124.0,120.41999816894531,123.98999786376953,120.76570129394531,92403800,2026-03-09 06:50:08.447594+00:00
2021-03-16,125.69999694824219,127.22000122070312,124.72000122070312,125.56999969482422,122.30461120605469,115227900,2026-03-09 06:50:08.447594+00:00
2021-03-17,124.05000305175781,125.86000061035156,122.33999633789062,124.76000213623047,121.51570129394531,111932600,2026-03-09 06:50:08.447594+00:00
2021-03-18,122.87999725341797,123.18000030517578,120.31999969482422,120.52999877929688,117.39568328857422,121229700,2026-03-09 06:50:08.447594+00:00
2021-03-19,119.9000015258789,121.43000030517578,119.68000030517578,119.98999786376953,116.86973571777344,185549500,2026-03-09 06:50:08.447594+00:00
2021-03-22,120.33000183105469,123.87000274658203,120.26000213623047,123.38999938964844,120.18132019042969,111912300,2026-03-09 06:50:08.447594+00:00
2021-03-23,123.33000183105469,124.23999786376953,122.13999938964844,122.54000091552734,119.3534164428711,95467100,2026-03-09 06:50:08.447594+00:00
2021-03-24,122.81999969482422,122.9000015258789,120.06999969482422,120.08999633789062,116.96712493896484,88530500,2026-03-09 06:50:08.447594+00:00
2021-03-25,119.54000091552734,121.66000366210938,119.0,120.58999633789062,117.45413970947266,98844700,2026-03-09 06:50:08.447594+00:00
2021-03-26,120.3499984741211,121.4800033569336,118.91999816894531,121.20999908447266,118.0580062866211,94071200,2026-03-09 06:50:08.447594+00:00
2021-03-29,121.6500015258789,122.58000183105469,120.7300033569336,121.38999938964844,118.23330688476562,80819200,2026-03-09 06:50:08.447594+00:00
2021-03-30,120.11000061035156,120.4000015258789,118.86000061035156,119.9000015258789,116.78204345703125,85671900,2026-03-09 06:50:08.447594+00:00
2021-03-31,121.6500015258789,123.5199966430664,121.1500015258789,122.1500015258789,118.97354125976562,118323800,2026-03-09 06:50:08.447594+00:00
2021-04-01,123.66000366210938,124.18000030517578,122.48999786376953,123.0,119.80145263671875,75089100,2026-03-09 06:50:08.447594+00:00
2021-04-05,123.87000274658203,126.16000366210938,123.06999969482422,125.9000015258789,122.62603759765625,88651200,2026-03-09 06:50:08.447594+00:00
2021-04-06,126.5,127.12999725341797,125.6500015258789,126.20999908447266,122.92796325683594,80171300,2026-03-09 06:50:08.447594+00:00
2021-04-07,125.83000183105469,127.91999816894531,125.13999938964844,127.9000015258789,124.57403564453125,83466700,2026-03-09 06:50:08.447594+00:00
2021-04-08,128.9499969482422,130.38999938964844,128.52000427246094,130.36000061035156,126.9700698852539,88844600,2026-03-09 06:50:08.447594+00:00
2021-04-09,129.8000030517578,133.0399932861328,129.47000122070312,133.0,129.54141235351562,106686700,2026-03-09 06:50:08.447594+00:00
2021-04-12,132.52000427246094,132.85000610351562,130.6300048828125,131.24000549316406,127.82719421386719,91420000,2026-03-09 06:50:08.447594+00:00
2021-04-13,132.44000244140625,134.66000366210938,131.92999267578125,134.42999267578125,130.93421936035156,91266500,2026-03-09 06:50:08.447594+00:00
2021-04-14,134.94000244140625,135.0,131.66000366210938,132.02999877929688,128.59661865234375,87222800,2026-03-09 06:50:08.447594+00:00
2021-04-15,133.82000732421875,135.0,133.63999938964844,134.5,131.00241088867188,89347100,2026-03-09 06:50:08.447594+00:00
2021-04-16,134.3000030517578,134.6699981689453,133.27999877929688,134.16000366210938,130.67127990722656,84922400,2026-03-09 06:50:08.447594+00:00
2021-04-19,133.50999450683594,135.47000122070312,133.33999633789062,134.83999633789062,131.3335723876953,94264200,2026-03-09 06:50:08.447594+00:00
2021-04-20,135.02000427246094,135.52999877929688,131.80999755859375,133.11000061035156,129.64852905273438,94812300,2026-03-09 06:50:08.447594+00:00
2021-04-21,132.36000061035156,133.75,131.3000030517578,133.5,130.0283966064453,68847100,2026-03-09 06:50:08.447594+00:00
2021-04-22,133.0399932861328,134.14999389648438,131.41000366210938,131.94000244140625,128.5089874267578,84566500,2026-03-09 06:50:08.447594+00:00
2021-04-23,132.16000366210938,135.1199951171875,132.16000366210938,134.32000732421875,130.82711791992188,78657500,2026-03-09 06:50:08.447594+00:00
2021-04-26,134.8300018310547,135.05999755859375,133.55999755859375,134.72000122070312,131.2166748046875,66905100,2026-03-09 06:50:08.447594+00:00
2021-04-27,135.00999450683594,135.41000366210938,134.11000061035156,134.38999938964844,130.89529418945312,66015800,2026-03-09 06:50:08.447594+00:00
2021-04-28,134.30999755859375,135.02000427246094,133.0800018310547,133.5800018310547,130.10630798339844,107760100,2026-03-09 06:50:08.447594+00:00
2021-04-29,136.47000122070312,137.07000732421875,132.4499969482422,133.47999572753906,130.00889587402344,151101000,2026-03-09 06:50:08.447594+00:00
2021-04-30,131.77999877929688,133.55999755859375,131.07000732421875,131.4600067138672,128.0414581298828,109839500,2026-03-09 06:50:08.447594+00:00
2021-05-03,132.0399932861328,134.07000732421875,131.8300018310547,132.5399932861328,129.09335327148438,75135100,2026-03-09 06:50:08.447594+00:00
2021-05-04,131.19000244140625,131.49000549316406,126.69999694824219,127.8499984741211,124.52531433105469,137564700,2026-03-09 06:50:08.447594+00:00
2021-05-05,129.1999969482422,130.4499969482422,127.97000122070312,128.10000610351562,124.76883697509766,84000900,2026-03-09 06:50:08.447594+00:00
2021-05-06,127.88999938964844,129.75,127.12999725341797,129.74000549316406,126.36620330810547,78128300,2026-03-09 06:50:08.447594+00:00
2021-05-07,130.85000610351562,131.25999450683594,129.47999572753906,130.2100067138672,127.03939819335938,78973300,2026-03-09 06:50:08.447594+00:00
2021-05-10,129.41000366210938,129.5399932861328,126.80999755859375,126.8499984741211,123.76119232177734,88071200,2026-03-09 06:50:08.447594+00:00
2021-05-11,123.5,126.2699966430664,122.7699966430664,125.91000366210938,122.84408569335938,126142800,2026-03-09 06:50:08.447594+00:00
2021-05-12,123.4000015258789,124.63999938964844,122.25,122.7699966430664,119.7805404663086,112172300,2026-03-09 06:50:08.447594+00:00
2021-05-13,124.58000183105469,126.1500015258789,124.26000213623047,124.97000122070312,121.92697143554688,105861300,2026-03-09 06:50:08.447594+00:00
2021-05-14,126.25,127.88999938964844,125.8499984741211,127.44999694824219,124.3465805053711,81918000,2026-03-09 06:50:08.447594+00:00
2021-05-17,126.81999969482422,126.93000030517578,125.16999816894531,126.2699966430664,123.19532775878906,74244600,2026-03-09 06:50:08.447594+00:00
2021-05-18,126.55999755859375,126.98999786376953,124.77999877929688,124.8499984741211,121.80988311767578,63342900,2026-03-09 06:50:08.447594+00:00
2021-05-19,123.16000366210938,124.91999816894531,122.86000061035156,124.69000244140625,121.65380859375,92612000,2026-03-09 06:50:08.447594+00:00
2021-05-20,125.2300033569336,127.72000122070312,125.0999984741211,127.30999755859375,124.2099838256836,76857100,2026-03-09 06:50:08.447594+00:00
2021-05-21,127.81999969482422,128.0,125.20999908447266,125.43000030517578,122.37577056884766,79295400,2026-03-09 06:50:08.447594+00:00
2021-05-24,126.01000213623047,127.94000244140625,125.94000244140625,127.0999984741211,124.00509643554688,63092900,2026-03-09 06:50:08.447594+00:00
2021-05-25,127.81999969482422,128.32000732421875,126.31999969482422,126.9000015258789,123.80999755859375,72009500,2026-03-09 06:50:08.447594+00:00
2021-05-26,126.95999908447266,127.38999938964844,126.41999816894531,126.8499984741211,123.76119232177734,56575900,2026-03-09 06:50:08.447594+00:00
2021-05-27,126.44000244140625,127.63999938964844,125.08000183105469,125.27999877929688,122.22943878173828,94625600,2026-03-09 06:50:08.447594+00:00
2021-05-28,125.56999969482422,125.80000305175781,124.55000305175781,124.61000061035156,121.57574462890625,71311100,2026-03-09 06:50:08.447594+00:00
2021-06-01,125.08000183105469,125.3499984741211,123.94000244140625,124.27999877929688,121.25379180908203,67637100,2026-03-09 06:50:08.447594+00:00
2021-06-02,124.27999877929688,125.23999786376953,124.05000305175781,125.05999755859375,122.0147933959961,59278900,2026-03-09 06:50:08.447594+00:00
2021-06-03,124.68000030517578,124.8499984741211,123.12999725341797,123.54000091552734,120.53179931640625,76229200,2026-03-09 06:50:08.447594+00:00
2021-06-04,124.06999969482422,126.16000366210938,123.8499984741211,125.88999938964844,122.82459259033203,75169300,2026-03-09 06:50:08.447594+00:00
2021-06-07,126.16999816894531,126.31999969482422,124.83000183105469,125.9000015258789,122.83433532714844,71057600,2026-03-09 06:50:08.447594+00:00
2021-06-08,126.5999984741211,128.4600067138672,126.20999908447266,126.73999786376953,123.65386199951172,74403800,2026-03-09 06:50:08.447594+00:00
2021-06-09,127.20999908447266,127.75,126.5199966430664,127.12999725341797,124.03438568115234,56877900,2026-03-09 06:50:08.447594+00:00
2021-06-10,127.0199966430664,128.19000244140625,125.94000244140625,126.11000061035156,123.03921508789062,71186400,2026-03-09 06:50:08.447594+00:00
2021-06-11,126.52999877929688,127.44000244140625,126.0999984741211,127.3499984741211,124.24901580810547,53522400,2026-03-09 06:50:08.447594+00:00
2021-06-14,127.81999969482422,130.5399932861328,127.06999969482422,130.47999572753906,127.30282592773438,96906500,2026-03-09 06:50:08.447594+00:00
2021-06-15,129.94000244140625,130.60000610351562,129.38999938964844,129.63999938964844,126.48326110839844,62746300,2026-03-09 06:50:08.447594+00:00
2021-06-16,130.3699951171875,130.88999938964844,128.4600067138672,130.14999389648438,126.98085021972656,91815000,2026-03-09 06:50:08.447594+00:00
2021-06-17,129.8000030517578,132.5500030517578,129.64999389648438,131.7899932861328,128.5808868408203,96721700,2026-03-09 06:50:08.447594+00:00
2021-06-18,130.7100067138672,131.50999450683594,130.24000549316406,130.4600067138672,127.28333282470703,108953300,2026-03-09 06:50:08.447594+00:00
2021-06-21,130.3000030517578,132.41000366210938,129.2100067138672,132.3000030517578,129.07850646972656,79663300,2026-03-09 06:50:08.447594+00:00
2021-06-22,132.1300048828125,134.0800018310547,131.6199951171875,133.97999572753906,130.7175750732422,74783600,2026-03-09 06:50:08.447594+00:00
2021-06-23,133.77000427246094,134.32000732421875,133.22999572753906,133.6999969482422,130.44439697265625,60214200,2026-03-09 06:50:08.447594+00:00
2021-06-24,134.4499969482422,134.63999938964844,132.92999267578125,133.41000366210938,130.16148376464844,68711000,2026-03-09 06:50:08.447594+00:00
2021-06-25,133.4600067138672,133.88999938964844,132.80999755859375,133.11000061035156,129.86874389648438,70783700,2026-03-09 06:50:08.447594+00:00
2021-06-28,133.41000366210938,135.25,133.35000610351562,134.77999877929688,131.49810791015625,62111300,2026-03-09 06:50:08.447594+00:00
2021-06-29,134.8000030517578,136.49000549316406,134.35000610351562,136.3300018310547,133.01034545898438,64556100,2026-03-09 06:50:08.447594+00:00
2021-06-30,136.1699981689453,137.41000366210938,135.8699951171875,136.9600067138672,133.62501525878906,63261400,2026-03-09 06:50:08.447594+00:00
2021-07-01,136.60000610351562,137.3300018310547,135.75999450683594,137.27000427246094,133.9274444580078,52485800,2026-03-09 06:50:08.447594+00:00
2021-07-02,137.89999389648438,140.0,137.75,139.9600067138672,136.5519256591797,78852600,2026-03-09 06:50:08.447594+00:00
2021-07-06,140.07000732421875,143.14999389648438,140.07000732421875,142.02000427246094,138.5618133544922,108181800,2026-03-09 06:50:08.447594+00:00
2021-07-07,143.5399932861328,144.88999938964844,142.66000366210938,144.57000732421875,141.04966735839844,104911600,2026-03-09 06:50:08.447594+00:00
2021-07-08,141.5800018310547,144.05999755859375,140.6699981689453,143.24000549316406,139.7521209716797,105575500,2026-03-09 06:50:08.447594+00:00
2021-07-09,142.75,145.64999389648438,142.64999389648438,145.11000061035156,141.57655334472656,99890800,2026-03-09 06:50:08.447594+00:00
2021-07-12,146.2100067138672,146.32000732421875,144.0,144.5,140.98141479492188,76299700,2026-03-09 06:50:08.447594+00:00
2021-07-13,144.02999877929688,147.4600067138672,143.6300048828125,145.63999938964844,142.0936279296875,100827100,2026-03-09 06:50:08.447594+00:00
2021-07-14,148.10000610351562,149.57000732421875,147.67999267578125,149.14999389648438,145.5181427001953,127050800,2026-03-09 06:50:08.447594+00:00
2021-07-15,149.24000549316406,150.0,147.08999633789062,148.47999572753906,144.86448669433594,106820300,2026-03-09 06:50:08.447594+00:00
2021-07-16,148.4600067138672,149.75999450683594,145.8800048828125,146.38999938964844,142.8253936767578,93251400,2026-03-09 06:50:08.447594+00:00
2021-07-19,143.75,144.07000732421875,141.6699981689453,142.4499969482422,138.98133850097656,121434600,2026-03-09 06:50:08.447594+00:00
2021-07-20,143.4600067138672,147.10000610351562,142.9600067138672,146.14999389648438,142.59121704101562,96350000,2026-03-09 06:50:08.447594+00:00
2021-07-21,145.52999877929688,146.1300048828125,144.6300048828125,145.39999389648438,141.8594970703125,74993500,2026-03-09 06:50:08.447594+00:00
2021-07-22,145.94000244140625,148.1999969482422,145.80999755859375,146.8000030517578,143.2254180908203,77338200,2026-03-09 06:50:08.447594+00:00
2021-07-23,147.5500030517578,148.72000122070312,146.9199981689453,148.55999755859375,144.94259643554688,71447400,2026-03-09 06:50:08.447594+00:00
2021-07-26,148.27000427246094,149.8300018310547,147.6999969482422,148.99000549316406,145.36212158203125,72434100,2026-03-09 06:50:08.447594+00:00
2021-07-27,149.1199951171875,149.2100067138672,145.5500030517578,146.77000427246094,143.19615173339844,104818600,2026-03-09 06:50:08.447594+00:00
2021-07-28,144.80999755859375,146.97000122070312,142.5399932861328,144.97999572753906,141.44973754882812,118931200,2026-03-09 06:50:08.447594+00:00
2021-07-29,144.69000244140625,146.5500030517578,144.5800018310547,145.63999938964844,142.0936279296875,56699500,2026-03-09 06:50:08.447594+00:00
2021-07-30,144.3800048828125,146.3300018310547,144.11000061035156,145.86000061035156,142.3083038330078,70440600,2026-03-09 06:50:08.447594+00:00
2021-08-02,146.36000061035156,146.9499969482422,145.25,145.52000427246094,141.97659301757812,62880000,2026-03-09 06:50:08.447594+00:00
2021-08-03,145.80999755859375,148.0399932861328,145.17999267578125,147.36000061035156,143.77175903320312,64786600,2026-03-09 06:50:08.447594+00:00
2021-08-04,147.27000427246094,147.7899932861328,146.27999877929688,146.9499969482422,143.3717803955078,56368300,2026-03-09 06:50:08.447594+00:00
2021-08-05,146.97999572753906,147.83999633789062,146.1699981689453,147.05999755859375,143.47906494140625,46397700,2026-03-09 06:50:08.447594+00:00
2021-08-06,146.35000610351562,147.11000061035156,145.6300048828125,146.13999938964844,142.7950897216797,54126800,2026-03-09 06:50:08.447594+00:00
2021-08-09,146.1999969482422,146.6999969482422,145.52000427246094,146.08999633789062,142.74624633789062,48908700,2026-03-09 06:50:08.447594+00:00
2021-08-10,146.44000244140625,147.7100067138672,145.3000030517578,145.60000610351562,142.2675018310547,69023100,2026-03-09 06:50:08.447594+00:00
2021-08-11,146.0500030517578,146.72000122070312,145.52999877929688,145.86000061035156,142.5215301513672,48493500,2026-03-09 06:50:08.447594+00:00
2021-08-12,146.19000244140625,149.0500030517578,145.83999633789062,148.88999938964844,145.482177734375,72282600,2026-03-09 06:50:08.447594+00:00
2021-08-13,148.97000122070312,149.44000244140625,148.27000427246094,149.10000610351562,145.6873779296875,59375000,2026-03-09 06:50:08.447594+00:00
2021-08-16,148.5399932861328,151.19000244140625,146.47000122070312,151.1199951171875,147.66114807128906,103296000,2026-03-09 06:50:08.447594+00:00
2021-08-17,150.22999572753906,151.67999267578125,149.08999633789062,150.19000244140625,146.75241088867188,92229700,2026-03-09 06:50:08.447594+00:00
2021-08-18,149.8000030517578,150.72000122070312,146.14999389648438,146.36000061035156,143.0100555419922,86326000,2026-03-09 06:50:08.447594+00:00
2021-08-19,145.02999877929688,148.0,144.5,146.6999969482422,143.34228515625,86960300,2026-03-09 06:50:08.447594+00:00
2021-08-20,147.44000244140625,148.5,146.77999877929688,148.19000244140625,144.79820251464844,60549600,2026-03-09 06:50:08.447594+00:00
2021-08-23,148.30999755859375,150.19000244140625,147.88999938964844,149.7100067138672,146.28343200683594,60131800,2026-03-09 06:50:08.447594+00:00
2021-08-24,149.4499969482422,150.86000061035156,149.14999389648438,149.6199951171875,146.19546508789062,48606400,2026-03-09 06:50:08.447594+00:00
2021-08-25,149.80999755859375,150.32000732421875,147.8000030517578,148.36000061035156,144.96426391601562,58991300,2026-03-09 06:50:08.447594+00:00
2021-08-26,148.35000610351562,149.1199951171875,147.50999450683594,147.5399932861328,144.16302490234375,48597200,2026-03-09 06:50:08.447594+00:00
2021-08-27,147.47999572753906,148.75,146.8300018310547,148.60000610351562,145.19883728027344,55802400,2026-03-09 06:50:08.447594+00:00
2021-08-30,149.0,153.49000549316406,148.61000061035156,153.1199951171875,149.6153106689453,90956700,2026-03-09 06:50:08.447594+00:00
2021-08-31,152.66000366210938,152.8000030517578,151.2899932861328,151.8300018310547,148.35488891601562,86453100,2026-03-09 06:50:08.447594+00:00
2021-09-01,152.8300018310547,154.97999572753906,152.33999633789062,152.50999450683594,149.01931762695312,80313700,2026-03-09 06:50:08.447594+00:00
2021-09-02,153.8699951171875,154.72000122070312,152.39999389648438,153.64999389648438,150.13320922851562,71115500,2026-03-09 06:50:08.447594+00:00
2021-09-03,153.75999450683594,154.6300048828125,153.08999633789062,154.3000030517578,150.76834106445312,57808700,2026-03-09 06:50:08.447594+00:00
2021-09-07,154.97000122070312,157.25999450683594,154.38999938964844,156.69000244140625,153.10365295410156,82278300,2026-03-09 06:50:08.447594+00:00
2021-09-08,156.97999572753906,157.0399932861328,153.97999572753906,155.11000061035156,151.559814453125,74420200,2026-03-09 06:50:08.447594+00:00
2021-09-09,155.49000549316406,156.11000061035156,153.9499969482422,154.07000732421875,150.54360961914062,57305700,2026-03-09 06:50:08.447594+00:00
2021-09-10,155.0,155.47999572753906,148.6999969482422,148.97000122070312,145.56031799316406,140893200,2026-03-09 06:50:08.447594+00:00
2021-09-13,150.6300048828125,151.4199981689453,148.75,149.5500030517578,146.1270751953125,102404300,2026-03-09 06:50:08.447594+00:00
2021-09-14,150.35000610351562,151.07000732421875,146.91000366210938,148.1199951171875,144.72979736328125,109296300,2026-03-09 06:50:08.447594+00:00
2021-09-15,148.55999755859375,149.44000244140625,146.3699951171875,149.02999877929688,145.61895751953125,83281300,2026-03-09 06:50:08.447594+00:00
2021-09-16,148.44000244140625,148.97000122070312,147.22000122070312,148.7899932861328,145.3844757080078,68034100,2026-03-09 06:50:08.447594+00:00
2021-09-17,148.82000732421875,148.82000732421875,145.75999450683594,146.05999755859375,142.7169189453125,129868800,2026-03-09 06:50:08.447594+00:00
2021-09-20,143.8000030517578,144.83999633789062,141.27000427246094,142.94000244140625,139.66836547851562,123478900,2026-03-09 06:50:08.447594+00:00
2021-09-21,143.92999267578125,144.60000610351562,142.77999877929688,143.42999267578125,140.14712524414062,75834000,2026-03-09 06:50:08.447594+00:00
2021-09-22,144.4499969482422,146.42999267578125,143.6999969482422,145.85000610351562,142.51174926757812,76404300,2026-03-09 06:50:08.447594+00:00
2021-09-23,146.64999389648438,147.0800018310547,145.63999938964844,146.8300018310547,143.46932983398438,64838200,2026-03-09 06:50:08.447594+00:00
2021-09-24,145.66000366210938,147.47000122070312,145.55999755859375,146.9199981689453,143.5572509765625,53477900,2026-03-09 06:50:08.447594+00:00
2021-09-27,145.47000122070312,145.9600067138672,143.82000732421875,145.3699951171875,142.04275512695312,74150700,2026-03-09 06:50:08.447594+00:00
2021-09-28,143.25,144.75,141.69000244140625,141.91000366210938,138.6619110107422,108972300,2026-03-09 06:50:08.447594+00:00
2021-09-29,142.47000122070312,144.4499969482422,142.02999877929688,142.8300018310547,139.56089782714844,74602000,2026-03-09 06:50:08.447594+00:00
2021-09-30,143.66000366210938,144.3800048828125,141.27999877929688,141.5,138.2613067626953,89056700,2026-03-09 06:50:08.447594+00:00
2021-10-01,141.89999389648438,142.9199981689453,139.11000061035156,142.64999389648438,139.385009765625,94639600,2026-03-09 06:50:08.447594+00:00
2021-10-04,141.75999450683594,142.2100067138672,138.27000427246094,139.13999938964844,135.95533752441406,98322000,2026-03-09 06:50:08.447594+00:00
2021-10-05,139.49000549316406,142.24000549316406,139.36000061035156,141.11000061035156,137.88018798828125,80861100,2026-03-09 06:50:08.447594+00:00
2021-10-06,139.47000122070312,142.14999389648438,138.3699951171875,142.0,138.7498779296875,83221100,2026-03-09 06:50:08.447594+00:00
2021-10-07,143.05999755859375,144.22000122070312,142.72000122070312,143.2899932861328,140.0103302001953,61732700,2026-03-09 06:50:08.447594+00:00
2021-10-08,144.02999877929688,144.17999267578125,142.55999755859375,142.89999389648438,139.6292724609375,58773200,2026-03-09 06:50:08.447594+00:00
2021-10-11,142.27000427246094,144.80999755859375,141.80999755859375,142.80999755859375,139.5413360595703,64452200,2026-03-09 06:50:08.447594+00:00
2021-10-12,143.22999572753906,143.25,141.0399932861328,141.50999450683594,138.27105712890625,73035900,2026-03-09 06:50:08.447594+00:00
2021-10-13,141.24000549316406,141.39999389648438,139.1999969482422,140.91000366210938,137.68482971191406,78762700,2026-03-09 06:50:08.447594+00:00
2021-10-14,142.11000061035156,143.8800048828125,141.50999450683594,143.75999450683594,140.46958923339844,69907100,2026-03-09 06:50:08.447594+00:00
2021-10-15,143.77000427246094,144.89999389648438,143.50999450683594,144.83999633789062,141.5248260498047,67940300,2026-03-09 06:50:08.447594+00:00
2021-10-18,143.4499969482422,146.83999633789062,143.16000366210938,146.5500030517578,143.19573974609375,85589200,2026-03-09 06:50:08.447594+00:00
2021-10-19,147.00999450683594,149.1699981689453,146.5500030517578,148.75999450683594,145.35511779785156,76378900,2026-03-09 06:50:08.447594+00:00
2021-10-20,148.6999969482422,149.75,148.1199951171875,149.25999450683594,145.84368896484375,58418800,2026-03-09 06:50:08.447594+00:00
2021-10-21,148.80999755859375,149.63999938964844,147.8699951171875,149.47999572753906,146.05865478515625,61421000,2026-03-09 06:50:08.447594+00:00
2021-10-22,149.69000244140625,150.17999267578125,148.63999938964844,148.69000244140625,145.28672790527344,58883400,2026-03-09 06:50:08.447594+00:00
2021-10-25,148.67999267578125,149.3699951171875,147.6199951171875,148.63999938964844,145.2379150390625,50720600,2026-03-09 06:50:08.447594+00:00
2021-10-26,149.3300018310547,150.83999633789062,149.00999450683594,149.32000732421875,145.90235900878906,60893400,2026-03-09 06:50:08.447594+00:00
2021-10-27,149.36000061035156,149.72999572753906,148.49000549316406,148.85000610351562,145.4430694580078,56094900,2026-03-09 06:50:08.447594+00:00
2021-10-28,149.82000732421875,153.1699981689453,149.72000122070312,152.57000732421875,149.07797241210938,100077900,2026-03-09 06:50:08.447594+00:00
2021-10-29,147.22000122070312,149.94000244140625,146.41000366210938,149.8000030517578,146.371337890625,124953200,2026-03-09 06:50:08.447594+00:00
2021-11-01,148.99000549316406,149.6999969482422,147.8000030517578,148.9600067138672,145.55055236816406,74588300,2026-03-09 06:50:08.447594+00:00
2021-11-02,148.66000366210938,151.57000732421875,148.64999389648438,150.02000427246094,146.5863037109375,69122000,2026-03-09 06:50:08.447594+00:00
2021-11-03,150.38999938964844,151.97000122070312,149.82000732421875,151.49000549316406,148.02267456054688,54511500,2026-03-09 06:50:08.447594+00:00
2021-11-04,151.5800018310547,152.42999267578125,150.63999938964844,150.9600067138672,147.50477600097656,60394600,2026-03-09 06:50:08.447594+00:00
2021-11-05,151.88999938964844,152.1999969482422,150.05999755859375,151.27999877929688,148.03317260742188,65463900,2026-03-09 06:50:08.447594+00:00
2021-11-08,151.41000366210938,151.57000732421875,150.16000366210938,150.44000244140625,147.21121215820312,55020900,2026-03-09 06:50:08.447594+00:00
2021-11-09,150.1999969482422,151.42999267578125,150.05999755859375,150.80999755859375,147.57330322265625,56787900,2026-03-09 06:50:08.447594+00:00
2021-11-10,150.02000427246094,150.1300048828125,147.85000610351562,147.9199981689453,144.74530029296875,65187100,2026-03-09 06:50:08.447594+00:00
2021-11-11,148.9600067138672,149.42999267578125,147.67999267578125,147.8699951171875,144.6964111328125,41000000,2026-03-09 06:50:08.447594+00:00
2021-11-12,148.42999267578125,150.39999389648438,147.47999572753906,149.99000549316406,146.7708740234375,63804000,2026-03-09 06:50:08.447594+00:00
2021-11-15,150.3699951171875,151.8800048828125,149.42999267578125,150.0,146.7806854248047,59222800,2026-03-09 06:50:08.447594+00:00
2021-11-16,149.94000244140625,151.49000549316406,149.33999633789062,151.0,147.7592010498047,59256200,2026-03-09 06:50:08.447594+00:00
2021-11-17,151.0,155.0,150.99000549316406,153.49000549316406,150.19580078125,88807000,2026-03-09 06:50:08.447594+00:00
2021-11-18,153.7100067138672,158.6699981689453,153.0500030517578,157.8699951171875,154.48171997070312,137827700,2026-03-09 06:50:08.447594+00:00
2021-11-19,157.64999389648438,161.02000427246094,156.52999877929688,160.5500030517578,157.10426330566406,117305600,2026-03-09 06:50:08.447594+00:00
2021-11-22,161.67999267578125,165.6999969482422,161.0,161.02000427246094,157.5641632080078,117467900,2026-03-09 06:50:08.447594+00:00
2021-11-23,161.1199951171875,161.8000030517578,159.05999755859375,161.41000366210938,157.94578552246094,96041900,2026-03-09 06:50:08.447594+00:00
2021-11-24,160.75,162.13999938964844,159.63999938964844,161.94000244140625,158.4644012451172,69463600,2026-03-09 06:50:08.447594+00:00
2021-11-26,159.57000732421875,160.4499969482422,156.36000061035156,156.80999755859375,153.4445343017578,76959800,2026-03-09 06:50:08.447594+00:00
2021-11-29,159.3699951171875,161.19000244140625,158.7899932861328,160.24000549316406,156.80091857910156,88748200,2026-03-09 06:50:08.447594+00:00
2021-11-30,159.99000549316406,165.52000427246094,159.9199981689453,165.3000030517578,161.75230407714844,174048100,2026-03-09 06:50:08.447594+00:00
2021-12-01,167.47999572753906,170.3000030517578,164.52999877929688,164.77000427246094,161.2336883544922,152052500,2026-03-09 06:50:08.447594+00:00
2021-12-02,158.74000549316406,164.1999969482422,157.8000030517578,163.75999450683594,160.24533081054688,136739200,2026-03-09 06:50:08.447594+00:00
2021-12-03,164.02000427246094,164.9600067138672,159.72000122070312,161.83999633789062,158.36654663085938,118023100,2026-03-09 06:50:08.447594+00:00
2021-12-06,164.2899932861328,167.8800048828125,164.27999877929688,165.32000732421875,161.77188110351562,107497000,2026-03-09 06:50:08.447594+00:00
2021-12-07,169.0800018310547,171.5800018310547,168.33999633789062,171.17999267578125,167.50607299804688,120405400,2026-03-09 06:50:08.447594+00:00
2021-12-08,172.1300048828125,175.9600067138672,170.6999969482422,175.0800018310547,171.3223876953125,116998900,2026-03-09 06:50:08.447594+00:00
2021-12-09,174.91000366210938,176.75,173.9199981689453,174.55999755859375,170.81356811523438,108923700,2026-03-09 06:50:08.447594+00:00
2021-12-10,175.2100067138672,179.6300048828125,174.69000244140625,179.4499969482422,175.5985870361328,115402700,2026-03-09 06:50:08.447594+00:00
2021-12-13,181.1199951171875,182.1300048828125,175.52999877929688,175.74000549316406,171.9682159423828,153237000,2026-03-09 06:50:08.447594+00:00
2021-12-14,175.25,177.74000549316406,172.2100067138672,174.3300018310547,170.5884552001953,139380400,2026-03-09 06:50:08.447594+00:00
2021-12-15,175.11000061035156,179.5,172.30999755859375,179.3000030517578,175.4518585205078,131063300,2026-03-09 06:50:08.447594+00:00
2021-12-16,179.27999877929688,181.13999938964844,170.75,172.25999450683594,168.56292724609375,150185800,2026-03-09 06:50:08.447594+00:00
2021-12-17,169.92999267578125,173.47000122070312,169.69000244140625,171.13999938964844,167.4669189453125,195432700,2026-03-09 06:50:08.447594+00:00
2021-12-20,168.27999877929688,170.5800018310547,167.4600067138672,169.75,166.10679626464844,107499100,2026-03-09 06:50:08.447594+00:00
2021-12-21,171.55999755859375,173.1999969482422,169.1199951171875,172.99000549316406,169.27723693847656,91185900,2026-03-09 06:50:08.447594+00:00
2021-12-22,173.0399932861328,175.86000061035156,172.14999389648438,175.63999938964844,171.870361328125,92135300,2026-03-09 06:50:08.447594+00:00
2021-12-23,175.85000610351562,176.85000610351562,175.27000427246094,176.27999877929688,172.4966583251953,68356600,2026-03-09 06:50:08.447594+00:00
2021-12-27,177.08999633789062,180.4199981689453,177.07000732421875,180.3300018310547,176.45974731445312,74919600,2026-03-09 06:50:08.447594+00:00
2021-12-28,180.16000366210938,181.3300018310547,178.52999877929688,179.2899932861328,175.44203186035156,79144300,2026-03-09 06:50:08.447594+00:00
2021-12-29,179.3300018310547,180.6300048828125,178.13999938964844,179.3800048828125,175.53012084960938,62348900,2026-03-09 06:50:08.447594+00:00
2021-12-30,179.47000122070312,180.57000732421875,178.08999633789062,178.1999969482422,174.37542724609375,59773000,2026-03-09 06:50:08.447594+00:00
2021-12-31,178.08999633789062,179.22999572753906,177.25999450683594,177.57000732421875,173.7589874267578,64062300,2026-03-09 06:50:08.447594+00:00
2022-01-03,177.8300018310547,182.8800048828125,177.7100067138672,182.00999450683594,178.10366821289062,104487900,2026-03-09 06:50:08.447594+00:00
2022-01-04,182.6300048828125,182.94000244140625,179.1199951171875,179.6999969482422,175.8432159423828,99310400,2026-03-09 06:50:08.447594+00:00
2022-01-05,179.61000061035156,180.1699981689453,174.63999938964844,174.9199981689453,171.1658172607422,94537600,2026-03-09 06:50:08.447594+00:00
2022-01-06,172.6999969482422,175.3000030517578,171.63999938964844,172.0,168.3085174560547,96904000,2026-03-09 06:50:08.447594+00:00
2022-01-07,172.88999938964844,174.13999938964844,171.02999877929688,172.1699981689453,168.47486877441406,86709100,2026-03-09 06:50:08.447594+00:00
2022-01-10,169.0800018310547,172.5,168.1699981689453,172.19000244140625,168.49436950683594,106765600,2026-03-09 06:50:08.447594+00:00
2022-01-11,172.32000732421875,175.17999267578125,170.82000732421875,175.0800018310547,171.3223876953125,76138300,2026-03-09 06:50:08.447594+00:00
2022-01-12,176.1199951171875,177.17999267578125,174.82000732421875,175.52999877929688,171.7627410888672,74805200,2026-03-09 06:50:08.447594+00:00
2022-01-13,175.77999877929688,176.6199951171875,171.7899932861328,172.19000244140625,168.49436950683594,84505800,2026-03-09 06:50:08.447594+00:00
2022-01-14,171.33999633789062,173.77999877929688,171.08999633789062,173.07000732421875,169.35556030273438,80440800,2026-03-09 06:50:08.447594+00:00
2022-01-18,171.50999450683594,172.5399932861328,169.41000366210938,169.8000030517578,166.15570068359375,90956700,2026-03-09 06:50:08.447594+00:00
2022-01-19,170.0,171.0800018310547,165.94000244140625,166.22999572753906,162.66233825683594,94815000,2026-03-09 06:50:08.447594+00:00
2022-01-20,166.97999572753906,169.67999267578125,164.17999267578125,164.50999450683594,160.979248046875,91420500,2026-03-09 06:50:08.447594+00:00
2022-01-21,164.4199981689453,166.3300018310547,162.3000030517578,162.41000366210938,158.92431640625,122848900,2026-03-09 06:50:08.447594+00:00
2022-01-24,160.02000427246094,162.3000030517578,154.6999969482422,161.6199951171875,158.15126037597656,162294600,2026-03-09 06:50:08.447594+00:00
2022-01-25,158.97999572753906,162.75999450683594,157.02000427246094,159.77999877929688,156.3507537841797,115798400,2026-03-09 06:50:08.447594+00:00
2022-01-26,163.5,164.38999938964844,157.82000732421875,159.69000244140625,156.26272583007812,108275300,2026-03-09 06:50:08.447594+00:00
2022-01-27,162.4499969482422,163.83999633789062,158.27999877929688,159.22000122070312,155.8028106689453,121954600,2026-03-09 06:50:08.447594+00:00
2022-01-28,165.7100067138672,170.35000610351562,162.8000030517578,170.3300018310547,166.67434692382812,179935700,2026-03-09 06:50:08.447594+00:00
2022-01-31,170.16000366210938,175.0,169.50999450683594,174.77999877929688,171.02883911132812,115541600,2026-03-09 06:50:08.447594+00:00
2022-02-01,174.00999450683594,174.83999633789062,172.30999755859375,174.61000061035156,170.8624725341797,86213900,2026-03-09 06:50:08.447594+00:00
2022-02-02,174.75,175.8800048828125,173.3300018310547,175.83999633789062,172.06605529785156,84914300,2026-03-09 06:50:08.447594+00:00
2022-02-03,174.47999572753906,176.24000549316406,172.1199951171875,172.89999389648438,169.1891632080078,89418100,2026-03-09 06:50:08.447594+00:00
2022-02-04,171.67999267578125,174.10000610351562,170.67999267578125,172.38999938964844,168.905029296875,82465400,2026-03-09 06:50:08.447594+00:00
2022-02-07,172.86000061035156,173.9499969482422,170.9499969482422,171.66000366210938,168.1898193359375,77251200,2026-03-09 06:50:08.447594+00:00
2022-02-08,171.72999572753906,175.35000610351562,171.42999267578125,174.8300018310547,171.29574584960938,74829200,2026-03-09 06:50:08.447594+00:00
2022-02-09,176.0500030517578,176.64999389648438,174.89999389648438,176.27999877929688,172.7164306640625,71285000,2026-03-09 06:50:08.447594+00:00
2022-02-10,174.13999938964844,175.47999572753906,171.5500030517578,172.1199951171875,168.64053344726562,90865900,2026-03-09 06:50:08.447594+00:00
2022-02-11,172.3300018310547,173.0800018310547,168.0399932861328,168.63999938964844,165.23086547851562,98670700,2026-03-09 06:50:08.447594+00:00
2022-02-14,167.3699951171875,169.5800018310547,166.55999755859375,168.8800048828125,165.4659881591797,86185500,2026-03-09 06:50:08.447594+00:00
2022-02-15,170.97000122070312,172.9499969482422,170.25,172.7899932861328,169.29698181152344,62527400,2026-03-09 06:50:08.447594+00:00
2022-02-16,171.85000610351562,173.33999633789062,170.0500030517578,172.5500030517578,169.0618438720703,61177400,2026-03-09 06:50:08.447594+00:00
2022-02-17,171.02999877929688,171.91000366210938,168.47000122070312,168.8800048828125,165.4659881591797,69589300,2026-03-09 06:50:08.447594+00:00
2022-02-18,169.82000732421875,170.5399932861328,166.19000244140625,167.3000030517578,163.91795349121094,82772700,2026-03-09 06:50:08.447594+00:00
2022-02-22,164.97999572753906,166.69000244140625,162.14999389648438,164.32000732421875,160.9981689453125,91162800,2026-03-09 06:50:08.447594+00:00
2022-02-23,165.5399932861328,166.14999389648438,159.75,160.07000732421875,156.83412170410156,90009200,2026-03-09 06:50:08.447594+00:00
2022-02-24,152.5800018310547,162.85000610351562,152.0,162.74000549316406,159.45013427734375,141147500,2026-03-09 06:50:08.447594+00:00
2022-02-25,163.83999633789062,165.1199951171875,160.8699951171875,164.85000610351562,161.5175018310547,91974200,2026-03-09 06:50:08.447594+00:00
2022-02-28,163.05999755859375,165.4199981689453,162.42999267578125,165.1199951171875,161.78201293945312,95056600,2026-03-09 06:50:08.447594+00:00
2022-03-01,164.6999969482422,166.60000610351562,161.97000122070312,163.1999969482422,159.9008026123047,83474400,2026-03-09 06:50:08.447594+00:00
2022-03-02,164.38999938964844,167.36000061035156,162.9499969482422,166.55999755859375,163.1929168701172,79724800,2026-03-09 06:50:08.447594+00:00
2022-03-03,168.47000122070312,168.91000366210938,165.5500030517578,166.22999572753906,162.86956787109375,76678400,2026-03-09 06:50:08.447594+00:00
2022-03-04,164.49000549316406,165.5500030517578,162.10000610351562,163.1699981689453,159.8714599609375,83737200,2026-03-09 06:50:08.447594+00:00
2022-03-07,163.36000061035156,165.02000427246094,159.0399932861328,159.3000030517578,156.07969665527344,96418800,2026-03-09 06:50:08.447594+00:00
2022-03-08,158.82000732421875,162.8800048828125,155.8000030517578,157.44000244140625,154.2572784423828,131148300,2026-03-09 06:50:08.447594+00:00
2022-03-09,161.47999572753906,163.41000366210938,159.41000366210938,162.9499969482422,159.65585327148438,91454900,2026-03-09 06:50:08.447594+00:00
2022-03-10,160.1999969482422,160.38999938964844,155.97999572753906,158.52000427246094,155.31539916992188,105342000,2026-03-09 06:50:08.447594+00:00
2022-03-11,158.92999267578125,159.27999877929688,154.5,154.72999572753906,151.60205078125,96970100,2026-03-09 06:50:08.447594+00:00
2022-03-14,151.4499969482422,154.1199951171875,150.10000610351562,150.6199951171875,147.5751190185547,108732100,2026-03-09 06:50:08.447594+00:00
2022-03-15,150.89999389648438,155.57000732421875,150.3800048828125,155.08999633789062,151.9547882080078,92964300,2026-03-09 06:50:08.447594+00:00
2022-03-16,157.0500030517578,160.0,154.4600067138672,159.58999633789062,156.36380004882812,102300200,2026-03-09 06:50:08.447594+00:00
2022-03-17,158.61000061035156,161.0,157.6300048828125,160.6199951171875,157.37298583984375,75615400,2026-03-09 06:50:08.447594+00:00
2022-03-18,160.50999450683594,164.47999572753906,159.75999450683594,163.97999572753906,160.66506958007812,123511700,2026-03-09 06:50:08.447594+00:00
2022-03-21,163.50999450683594,166.35000610351562,163.00999450683594,165.3800048828125,162.03675842285156,95811400,2026-03-09 06:50:08.447594+00:00
2022-03-22,165.50999450683594,169.4199981689453,164.91000366210938,168.82000732421875,165.40724182128906,81532000,2026-03-09 06:50:08.447594+00:00
2022-03-23,167.99000549316406,172.63999938964844,167.64999389648438,170.2100067138672,166.76910400390625,98062700,2026-03-09 06:50:08.447594+00:00
2022-03-24,171.05999755859375,174.13999938964844,170.2100067138672,174.07000732421875,170.5510711669922,90131400,2026-03-09 06:50:08.447594+00:00
2022-03-25,173.8800048828125,175.27999877929688,172.75,174.72000122070312,171.18792724609375,80546200,2026-03-09 06:50:08.447594+00:00
2022-03-28,172.1699981689453,175.72999572753906,172.0,175.60000610351562,172.05018615722656,90371900,2026-03-09 06:50:08.447594+00:00
2022-03-29,176.69000244140625,179.00999450683594,176.33999633789062,178.9600067138672,175.3422088623047,100589400,2026-03-09 06:50:08.447594+00:00
2022-03-30,178.5500030517578,179.61000061035156,176.6999969482422,177.77000427246094,174.17628479003906,92633200,2026-03-09 06:50:08.447594+00:00
2022-03-31,177.83999633789062,178.02999877929688,174.39999389648438,174.61000061035156,171.08018493652344,103049300,2026-03-09 06:50:08.447594+00:00
2022-04-01,174.02999877929688,174.8800048828125,171.94000244140625,174.30999755859375,170.7862548828125,78751300,2026-03-09 06:50:08.447594+00:00
2022-04-04,174.57000732421875,178.49000549316406,174.44000244140625,178.44000244140625,174.83274841308594,76468400,2026-03-09 06:50:08.447594+00:00
2022-04-05,177.5,178.3000030517578,174.4199981689453,175.05999755859375,171.52108764648438,73401800,2026-03-09 06:50:08.447594+00:00
2022-04-06,172.36000061035156,173.6300048828125,170.1300048828125,171.8300018310547,168.35638427734375,89058800,2026-03-09 06:50:08.447594+00:00
2022-04-07,171.16000366210938,173.36000061035156,169.85000610351562,172.13999938964844,168.66009521484375,77594700,2026-03-09 06:50:08.447594+00:00
2022-04-08,171.77999877929688,171.77999877929688,169.1999969482422,170.08999633789062,166.65155029296875,76575500,2026-03-09 06:50:08.447594+00:00
2022-04-11,168.7100067138672,169.02999877929688,165.5,165.75,162.3992919921875,72246700,2026-03-09 06:50:08.447594+00:00
2022-04-12,168.02000427246094,169.8699951171875,166.63999938964844,167.66000366210938,164.2706756591797,79265200,2026-03-09 06:50:08.447594+00:00
2022-04-13,167.38999938964844,171.0399932861328,166.77000427246094,170.39999389648438,166.95529174804688,70618900,2026-03-09 06:50:08.447594+00:00
2022-04-14,170.6199951171875,171.27000427246094,165.0399932861328,165.2899932861328,161.94859313964844,75329400,2026-03-09 06:50:08.447594+00:00
2022-04-18,163.9199981689453,166.60000610351562,163.57000732421875,165.07000732421875,161.73304748535156,69023900,2026-03-09 06:50:08.447594+00:00
2022-04-19,165.02000427246094,167.82000732421875,163.91000366210938,167.39999389648438,164.0159149169922,67723800,2026-03-09 06:50:08.447594+00:00
2022-04-20,168.75999450683594,168.8800048828125,166.10000610351562,167.22999572753906,163.84933471679688,67929800,2026-03-09 06:50:08.447594+00:00
2022-04-21,168.91000366210938,171.52999877929688,165.91000366210938,166.4199981689453,163.0557403564453,87227800,2026-03-09 06:50:08.447594+00:00
2022-04-22,166.4600067138672,167.8699951171875,161.5,161.7899932861328,158.519287109375,84882400,2026-03-09 06:50:08.447594+00:00
2022-04-25,161.1199951171875,163.1699981689453,158.4600067138672,162.8800048828125,159.58729553222656,96046400,2026-03-09 06:50:08.447594+00:00
2022-04-26,162.25,162.33999633789062,156.72000122070312,156.8000030517578,153.6302032470703,95623200,2026-03-09 06:50:08.447594+00:00
2022-04-27,155.91000366210938,159.7899932861328,155.3800048828125,156.57000732421875,153.4049072265625,88063200,2026-03-09 06:50:08.447594+00:00
2022-04-28,159.25,164.52000427246094,158.92999267578125,163.63999938964844,160.33192443847656,130216800,2026-03-09 06:50:08.447594+00:00
2022-04-29,161.83999633789062,166.1999969482422,157.25,157.64999389648438,154.46304321289062,131747600,2026-03-09 06:50:08.447594+00:00
2022-05-02,156.7100067138672,158.22999572753906,153.27000427246094,157.9600067138672,154.76675415039062,123055300,2026-03-09 06:50:08.447594+00:00
2022-05-03,158.14999389648438,160.7100067138672,156.32000732421875,159.47999572753906,156.25604248046875,88966500,2026-03-09 06:50:08.447594+00:00
2022-05-04,159.6699981689453,166.47999572753906,159.25999450683594,166.02000427246094,162.66384887695312,108256500,2026-03-09 06:50:08.447594+00:00
2022-05-05,163.85000610351562,164.0800018310547,154.9499969482422,156.77000427246094,153.60081481933594,130525300,2026-03-09 06:50:08.447594+00:00
2022-05-06,156.00999450683594,159.44000244140625,154.17999267578125,157.27999877929688,154.32691955566406,116124600,2026-03-09 06:50:08.447594+00:00
2022-05-09,154.92999267578125,155.8300018310547,151.49000549316406,152.05999755859375,149.20494079589844,131577900,2026-03-09 06:50:08.447594+00:00
2022-05-10,155.52000427246094,156.74000549316406,152.92999267578125,154.50999450683594,151.60894775390625,115366700,2026-03-09 06:50:08.447594+00:00
2022-05-11,153.5,155.4499969482422,145.80999755859375,146.5,143.74932861328125,142689800,2026-03-09 06:50:08.447594+00:00
2022-05-12,142.77000427246094,146.1999969482422,138.8000030517578,142.55999755859375,139.88330078125,182602000,2026-03-09 06:50:08.447594+00:00
2022-05-13,144.58999633789062,148.10000610351562,143.11000061035156,147.11000061035156,144.34788513183594,113990900,2026-03-09 06:50:08.447594+00:00
2022-05-16,145.5500030517578,147.52000427246094,144.17999267578125,145.5399932861328,142.80734252929688,86643800,2026-03-09 06:50:08.447594+00:00
2022-05-17,148.86000061035156,149.77000427246094,146.67999267578125,149.24000549316406,146.43788146972656,78336300,2026-03-09 06:50:08.447594+00:00
2022-05-18,146.85000610351562,147.36000061035156,139.89999389648438,140.82000732421875,138.17599487304688,109742900,2026-03-09 06:50:08.447594+00:00
2022-05-19,139.8800048828125,141.66000366210938,136.60000610351562,137.35000610351562,134.77114868164062,136095600,2026-03-09 06:50:08.447594+00:00
2022-05-20,139.08999633789062,140.6999969482422,132.61000061035156,137.58999633789062,135.00662231445312,137426100,2026-03-09 06:50:08.447594+00:00
2022-05-23,137.7899932861328,143.25999450683594,137.64999389648438,143.11000061035156,140.42300415039062,117726300,2026-03-09 06:50:08.447594+00:00
2022-05-24,140.80999755859375,141.97000122070312,137.3300018310547,140.36000061035156,137.72459411621094,104132700,2026-03-09 06:50:08.447594+00:00
2022-05-25,138.42999267578125,141.7899932861328,138.33999633789062,140.52000427246094,137.8816375732422,92482700,2026-03-09 06:50:08.447594+00:00
2022-05-26,137.38999938964844,144.33999633789062,137.13999938964844,143.77999877929688,141.08041381835938,90601500,2026-03-09 06:50:08.447594+00:00
2022-05-27,145.38999938964844,149.67999267578125,145.25999450683594,149.63999938964844,146.8303680419922,90978500,2026-03-09 06:50:08.447594+00:00
2022-05-31,149.07000732421875,150.66000366210938,146.83999633789062,148.83999633789062,146.04537963867188,103718400,2026-03-09 06:50:08.447594+00:00
2022-06-01,149.89999389648438,151.74000549316406,147.67999267578125,148.7100067138672,145.91778564453125,74286600,2026-03-09 06:50:08.447594+00:00
2022-06-02,147.8300018310547,151.27000427246094,146.86000061035156,151.2100067138672,148.3708953857422,72348100,2026-03-09 06:50:08.447594+00:00
2022-06-03,146.89999389648438,147.97000122070312,144.4600067138672,145.3800048828125,142.65037536621094,88570300,2026-03-09 06:50:08.447594+00:00
2022-06-06,147.02999877929688,148.57000732421875,144.89999389648438,146.13999938964844,143.3960723876953,71598400,2026-03-09 06:50:08.447594+00:00
2022-06-07,144.35000610351562,149.0,144.10000610351562,148.7100067138672,145.91778564453125,67808200,2026-03-09 06:50:08.447594+00:00
2022-06-08,148.5800018310547,149.8699951171875,147.4600067138672,147.9600067138672,145.18194580078125,53950200,2026-03-09 06:50:08.447594+00:00
2022-06-09,147.0800018310547,147.9499969482422,142.52999877929688,142.63999938964844,139.96177673339844,69473000,2026-03-09 06:50:08.447594+00:00
2022-06-10,140.27999877929688,140.75999450683594,137.05999755859375,137.1300048828125,134.55526733398438,91437900,2026-03-09 06:50:08.447594+00:00
2022-06-13,132.8699951171875,135.1999969482422,131.44000244140625,131.8800048828125,129.4038543701172,122207100,2026-03-09 06:50:08.447594+00:00
2022-06-14,133.1300048828125,133.88999938964844,131.47999572753906,132.75999450683594,130.267333984375,84784300,2026-03-09 06:50:08.447594+00:00
2022-06-15,134.2899932861328,137.33999633789062,132.16000366210938,135.42999267578125,132.88717651367188,91533000,2026-03-09 06:50:08.447594+00:00
2022-06-16,132.0800018310547,132.38999938964844,129.0399932861328,130.05999755859375,127.61798858642578,108123900,2026-03-09 06:50:08.447594+00:00
2022-06-17,130.07000732421875,133.0800018310547,129.80999755859375,131.55999755859375,129.08985900878906,134520300,2026-03-09 06:50:08.447594+00:00
2022-06-21,133.4199981689453,137.05999755859375,133.32000732421875,135.8699951171875,133.3188934326172,81000500,2026-03-09 06:50:08.447594+00:00
2022-06-22,134.7899932861328,137.75999450683594,133.91000366210938,135.35000610351562,132.80868530273438,73409200,2026-03-09 06:50:08.447594+00:00
2022-06-23,136.82000732421875,138.58999633789062,135.6300048828125,138.27000427246094,135.67384338378906,72433800,2026-03-09 06:50:08.447594+00:00
2022-06-24,139.89999389648438,141.91000366210938,139.77000427246094,141.66000366210938,139.0001983642578,89116800,2026-03-09 06:50:08.447594+00:00
2022-06-27,142.6999969482422,143.49000549316406,140.97000122070312,141.66000366210938,139.0001983642578,70207900,2026-03-09 06:50:08.447594+00:00
2022-06-28,142.1300048828125,143.4199981689453,137.32000732421875,137.44000244140625,134.85946655273438,67083400,2026-03-09 06:50:08.447594+00:00
2022-06-29,137.4600067138672,140.6699981689453,136.6699981689453,139.22999572753906,136.61581420898438,66242400,2026-03-09 06:50:08.447594+00:00
2022-06-30,137.25,138.3699951171875,133.77000427246094,136.72000122070312,134.15296936035156,98964500,2026-03-09 06:50:08.447594+00:00
2022-07-01,136.0399932861328,139.0399932861328,135.66000366210938,138.92999267578125,136.32144165039062,71051600,2026-03-09 06:50:08.447594+00:00
2022-07-05,137.77000427246094,141.61000061035156,136.92999267578125,141.55999755859375,138.90206909179688,73353800,2026-03-09 06:50:08.447594+00:00
2022-07-06,141.35000610351562,144.1199951171875,141.0800018310547,142.9199981689453,140.2365264892578,74064300,2026-03-09 06:50:08.447594+00:00
2022-07-07,143.2899932861328,146.5500030517578,143.27999877929688,146.35000610351562,143.60214233398438,66253700,2026-03-09 06:50:08.447594+00:00
2022-07-08,145.25999450683594,147.5500030517578,145.0,147.0399932861328,144.27919006347656,64547800,2026-03-09 06:50:08.447594+00:00
2022-07-11,145.6699981689453,146.63999938964844,143.77999877929688,144.8699951171875,142.14993286132812,63141600,2026-03-09 06:50:08.447594+00:00
2022-07-12,145.75999450683594,148.4499969482422,145.0500030517578,145.86000061035156,143.12132263183594,77588800,2026-03-09 06:50:08.447594+00:00
2022-07-13,142.99000549316406,146.4499969482422,142.1199951171875,145.49000549316406,142.75830078125,71185600,2026-03-09 06:50:08.447594+00:00
2022-07-14,144.0800018310547,148.9499969482422,143.25,148.47000122070312,145.68234252929688,78140700,2026-03-09 06:50:08.447594+00:00
2022-07-15,149.77999877929688,150.86000061035156,148.1999969482422,150.1699981689453,147.3504180908203,76259900,2026-03-09 06:50:08.447594+00:00
2022-07-18,150.74000549316406,151.57000732421875,146.6999969482422,147.07000732421875,144.30862426757812,81420900,2026-03-09 06:50:08.447594+00:00
2022-07-19,147.9199981689453,151.22999572753906,146.91000366210938,151.0,148.16482543945312,82982400,2026-03-09 06:50:08.447594+00:00
2022-07-20,151.1199951171875,153.72000122070312,150.3699951171875,153.0399932861328,150.16651916503906,64823400,2026-03-09 06:50:08.447594+00:00
2022-07-21,154.5,155.57000732421875,151.94000244140625,155.35000610351562,152.43316650390625,65086600,2026-03-09 06:50:08.447594+00:00
2022-07-22,155.38999938964844,156.27999877929688,153.41000366210938,154.08999633789062,151.19683837890625,66675400,2026-03-09 06:50:08.447594+00:00
2022-07-25,154.00999450683594,155.0399932861328,152.27999877929688,152.9499969482422,150.07821655273438,53623900,2026-03-09 06:50:08.447594+00:00
2022-07-26,152.25999450683594,153.08999633789062,150.8000030517578,151.60000610351562,148.7535400390625,55138700,2026-03-09 06:50:08.447594+00:00
2022-07-27,152.5800018310547,157.3300018310547,152.16000366210938,156.7899932861328,153.84613037109375,78620700,2026-03-09 06:50:08.447594+00:00
2022-07-28,156.97999572753906,157.63999938964844,154.41000366210938,157.35000610351562,154.3956298828125,81378700,2026-03-09 06:50:08.447594+00:00
2022-07-29,161.24000549316406,163.6300048828125,159.5,162.50999450683594,159.458740234375,101786900,2026-03-09 06:50:08.447594+00:00
2022-08-01,161.00999450683594,163.58999633789062,160.88999938964844,161.50999450683594,158.47747802734375,67829400,2026-03-09 06:50:08.447594+00:00
2022-08-02,160.10000610351562,162.41000366210938,159.6300048828125,160.00999450683594,157.00564575195312,59907000,2026-03-09 06:50:08.447594+00:00
2022-08-03,160.83999633789062,166.58999633789062,160.75,166.1300048828125,163.0107421875,82507500,2026-03-09 06:50:08.447594+00:00
2022-08-04,166.00999450683594,167.19000244140625,164.42999267578125,165.80999755859375,162.69679260253906,55474100,2026-03-09 06:50:08.447594+00:00
2022-08-05,163.2100067138672,165.85000610351562,163.0,165.35000610351562,162.47080993652344,56697000,2026-03-09 06:50:08.447594+00:00
2022-08-08,166.3699951171875,167.80999755859375,164.1999969482422,164.8699951171875,161.99913024902344,60276900,2026-03-09 06:50:08.447594+00:00
2022-08-09,164.02000427246094,165.82000732421875,163.25,164.9199981689453,162.04824829101562,63135500,2026-03-09 06:50:08.447594+00:00
2022-08-10,167.67999267578125,169.33999633789062,166.89999389648438,169.24000549316406,166.2930450439453,70170500,2026-03-09 06:50:08.447594+00:00
2022-08-11,170.05999755859375,170.99000549316406,168.19000244140625,168.49000549316406,165.5561065673828,57149200,2026-03-09 06:50:08.447594+00:00
2022-08-12,169.82000732421875,172.1699981689453,169.39999389648438,172.10000610351562,169.10325622558594,68039400,2026-03-09 06:50:08.447594+00:00
2022-08-15,171.52000427246094,173.38999938964844,171.35000610351562,173.19000244140625,170.17425537109375,54091700,2026-03-09 06:50:08.447594+00:00
2022-08-16,172.77999877929688,173.7100067138672,171.66000366210938,173.02999877929688,170.0170440673828,56377100,2026-03-09 06:50:08.447594+00:00
2022-08-17,172.77000427246094,176.14999389648438,172.57000732421875,174.5500030517578,171.51055908203125,79542000,2026-03-09 06:50:08.447594+00:00
2022-08-18,173.75,174.89999389648438,173.1199951171875,174.14999389648438,171.11753845214844,62290100,2026-03-09 06:50:08.447594+00:00
2022-08-19,173.02999877929688,173.74000549316406,171.30999755859375,171.52000427246094,168.5333251953125,70346300,2026-03-09 06:50:08.447594+00:00
2022-08-22,169.69000244140625,169.86000061035156,167.13999938964844,167.57000732421875,164.65211486816406,69026800,2026-03-09 06:50:08.447594+00:00
2022-08-23,167.0800018310547,168.7100067138672,166.64999389648438,167.22999572753906,164.3180389404297,54147100,2026-03-09 06:50:08.447594+00:00
2022-08-24,167.32000732421875,168.11000061035156,166.25,167.52999877929688,164.61277770996094,53841500,2026-03-09 06:50:08.447594+00:00
2022-08-25,168.77999877929688,170.13999938964844,168.35000610351562,170.02999877929688,167.0692901611328,51218200,2026-03-09 06:50:08.447594+00:00
2022-08-26,170.57000732421875,171.0500030517578,163.55999755859375,163.6199951171875,160.77088928222656,78961000,2026-03-09 06:50:08.447594+00:00
2022-08-29,161.14999389648438,162.89999389648438,159.82000732421875,161.3800048828125,158.56988525390625,73314000,2026-03-09 06:50:08.447594+00:00
2022-08-30,162.1300048828125,162.55999755859375,157.72000122070312,158.91000366210938,156.14291381835938,77906200,2026-03-09 06:50:08.447594+00:00
2022-08-31,160.30999755859375,160.5800018310547,157.13999938964844,157.22000122070312,154.48231506347656,87991100,2026-03-09 06:50:08.447594+00:00
2022-09-01,156.63999938964844,158.4199981689453,154.6699981689453,157.9600067138672,155.20945739746094,74229900,2026-03-09 06:50:08.447594+00:00
2022-09-02,159.75,160.36000061035156,154.97000122070312,155.80999755859375,153.0968780517578,76957800,2026-03-09 06:50:08.447594+00:00
2022-09-06,156.47000122070312,157.08999633789062,153.69000244140625,154.52999877929688,151.83917236328125,73714800,2026-03-09 06:50:08.447594+00:00
2022-09-07,154.82000732421875,156.6699981689453,153.61000061035156,155.9600067138672,153.24427795410156,87449600,2026-03-09 06:50:08.447594+00:00
2022-09-08,154.63999938964844,156.36000061035156,152.67999267578125,154.4600067138672,151.77040100097656,84923800,2026-03-09 06:50:08.447594+00:00
2022-09-09,155.47000122070312,157.82000732421875,154.75,157.3699951171875,154.6297149658203,68028800,2026-03-09 06:50:08.447594+00:00
2022-09-12,159.58999633789062,164.25999450683594,159.3000030517578,163.42999267578125,160.58421325683594,104956000,2026-03-09 06:50:08.447594+00:00
2022-09-13,159.89999389648438,160.5399932861328,153.3699951171875,153.83999633789062,151.16119384765625,122656600,2026-03-09 06:50:08.447594+00:00
2022-09-14,154.7899932861328,157.10000610351562,153.61000061035156,155.30999755859375,152.60562133789062,87965400,2026-03-09 06:50:08.447594+00:00
2022-09-15,154.64999389648438,155.24000549316406,151.3800048828125,152.3699951171875,149.71678161621094,90481100,2026-03-09 06:50:08.447594+00:00
2022-09-16,151.2100067138672,151.35000610351562,148.3699951171875,150.6999969482422,148.0758819580078,162278800,2026-03-09 06:50:08.447594+00:00
2022-09-19,149.30999755859375,154.55999755859375,149.10000610351562,154.47999572753906,151.79002380371094,81474200,2026-03-09 06:50:08.447594+00:00
2022-09-20,153.39999389648438,158.0800018310547,153.0800018310547,156.89999389648438,154.1678924560547,107689800,2026-03-09 06:50:08.447594+00:00
2022-09-21,157.33999633789062,158.74000549316406,153.60000610351562,153.72000122070312,151.04330444335938,101696800,2026-03-09 06:50:08.447594+00:00
2022-09-22,152.3800048828125,154.47000122070312,150.91000366210938,152.74000549316406,150.0803680419922,86652500,2026-03-09 06:50:08.447594+00:00
2022-09-23,151.19000244140625,151.47000122070312,148.55999755859375,150.42999267578125,147.81056213378906,96029900,2026-03-09 06:50:08.447594+00:00
2022-09-26,149.66000366210938,153.77000427246094,149.63999938964844,150.77000427246094,148.1446533203125,93339400,2026-03-09 06:50:08.447594+00:00
2022-09-27,152.74000549316406,154.72000122070312,149.9499969482422,151.75999450683594,149.11740112304688,84442700,2026-03-09 06:50:08.447594+00:00
2022-09-28,147.63999938964844,150.63999938964844,144.83999633789062,149.83999633789062,147.23085021972656,146691400,2026-03-09 06:50:08.447594+00:00
2022-09-29,146.10000610351562,146.72000122070312,140.67999267578125,142.47999572753906,139.9989776611328,128138200,2026-03-09 06:50:08.447594+00:00
2022-09-30,141.27999877929688,143.10000610351562,138.0,138.1999969482422,135.79356384277344,124925300,2026-03-09 06:50:08.447594+00:00
2022-10-03,138.2100067138672,143.07000732421875,137.69000244140625,142.4499969482422,139.9695281982422,114311700,2026-03-09 06:50:08.447594+00:00
2022-10-04,145.02999877929688,146.22000122070312,144.25999450683594,146.10000610351562,143.5559844970703,87830100,2026-03-09 06:50:08.447594+00:00
2022-10-05,144.07000732421875,147.3800048828125,143.00999450683594,146.39999389648438,143.85073852539062,79471000,2026-03-09 06:50:08.447594+00:00
2022-10-06,145.80999755859375,147.5399932861328,145.22000122070312,145.42999267578125,142.8976287841797,68402200,2026-03-09 06:50:08.447594+00:00
2022-10-07,142.5399932861328,143.10000610351562,139.4499969482422,140.08999633789062,137.65060424804688,85925600,2026-03-09 06:50:08.447594+00:00
2022-10-10,140.4199981689453,141.88999938964844,138.57000732421875,140.4199981689453,137.97486877441406,74899000,2026-03-09 06:50:08.447594+00:00
2022-10-11,139.89999389648438,141.35000610351562,138.22000122070312,138.97999572753906,136.55995178222656,77033700,2026-03-09 06:50:08.447594+00:00
2022-10-12,139.1300048828125,140.36000061035156,138.16000366210938,138.33999633789062,135.93109130859375,70433700,2026-03-09 06:50:08.447594+00:00
2022-10-13,134.99000549316406,143.58999633789062,134.3699951171875,142.99000549316406,140.5001220703125,113224000,2026-03-09 06:50:08.447594+00:00
2022-10-14,144.30999755859375,144.52000427246094,138.19000244140625,138.3800048828125,135.97039794921875,88598000,2026-03-09 06:50:08.447594+00:00
2022-10-17,141.07000732421875,142.89999389648438,140.27000427246094,142.41000366210938,139.93023681640625,85250900,2026-03-09 06:50:08.447594+00:00
2022-10-18,145.49000549316406,146.6999969482422,140.61000061035156,143.75,141.24688720703125,99136600,2026-03-09 06:50:08.447594+00:00
2022-10-19,141.69000244140625,144.9499969482422,141.5,143.86000061035156,141.35499572753906,61758300,2026-03-09 06:50:08.447594+00:00
2022-10-20,143.02000427246094,145.88999938964844,142.64999389648438,143.38999938964844,140.8931427001953,64522000,2026-03-09 06:50:08.447594+00:00
2022-10-21,142.8699951171875,147.85000610351562,142.64999389648438,147.27000427246094,144.70558166503906,86548600,2026-03-09 06:50:08.447594+00:00
2022-10-24,147.19000244140625,150.22999572753906,146.0,149.4499969482422,146.8476104736328,75981900,2026-03-09 06:50:08.447594+00:00
2022-10-25,150.08999633789062,152.49000549316406,149.36000061035156,152.33999633789062,149.68731689453125,74732300,2026-03-09 06:50:08.447594+00:00
2022-10-26,150.9600067138672,151.99000549316406,148.0399932861328,149.35000610351562,146.74937438964844,88194300,2026-03-09 06:50:08.447594+00:00
2022-10-27,148.07000732421875,149.0500030517578,144.1300048828125,144.8000030517578,142.2786102294922,109180200,2026-03-09 06:50:08.447594+00:00
2022-10-28,148.1999969482422,157.5,147.82000732421875,155.74000549316406,153.02810668945312,164762400,2026-03-09 06:50:08.447594+00:00
2022-10-31,153.16000366210938,154.24000549316406,151.9199981689453,153.33999633789062,150.66986083984375,97943200,2026-03-09 06:50:08.447594+00:00
2022-11-01,155.0800018310547,155.4499969482422,149.1300048828125,150.64999389648438,148.02674865722656,80379300,2026-03-09 06:50:08.447594+00:00
2022-11-02,148.9499969482422,152.1699981689453,145.0,145.02999877929688,142.50457763671875,93604600,2026-03-09 06:50:08.447594+00:00
2022-11-03,142.05999755859375,142.8000030517578,138.75,138.8800048828125,136.46168518066406,97918500,2026-03-09 06:50:08.447594+00:00
2022-11-04,142.08999633789062,142.6699981689453,134.3800048828125,138.3800048828125,136.19593811035156,140814800,2026-03-09 06:50:08.447594+00:00
2022-11-07,137.11000061035156,139.14999389648438,135.6699981689453,138.9199981689453,136.7274169921875,83374600,2026-03-09 06:50:08.447594+00:00
2022-11-08,140.41000366210938,141.42999267578125,137.49000549316406,139.5,137.2982635498047,89908500,2026-03-09 06:50:08.447594+00:00
2022-11-09,138.5,138.5500030517578,134.58999633789062,134.8699951171875,132.7413330078125,74917800,2026-03-09 06:50:08.447594+00:00
2022-11-10,141.24000549316406,146.8699951171875,139.5,146.8699951171875,144.55197143554688,118854000,2026-03-09 06:50:08.447594+00:00
2022-11-11,145.82000732421875,150.00999450683594,144.3699951171875,149.6999969482422,147.33729553222656,93979700,2026-03-09 06:50:08.447594+00:00
2022-11-14,148.97000122070312,150.27999877929688,147.42999267578125,148.27999877929688,145.93968200683594,73374100,2026-03-09 06:50:08.447594+00:00
2022-11-15,152.22000122070312,153.58999633789062,148.55999755859375,150.0399932861328,147.6719207763672,89868300,2026-03-09 06:50:08.447594+00:00
2022-11-16,149.1300048828125,149.8699951171875,147.2899932861328,148.7899932861328,146.44163513183594,64218300,2026-03-09 06:50:08.447594+00:00
2022-11-17,146.42999267578125,151.47999572753906,146.14999389648438,150.72000122070312,148.34121704101562,80389400,2026-03-09 06:50:08.447594+00:00
2022-11-18,152.30999755859375,152.6999969482422,149.97000122070312,151.2899932861328,148.90220642089844,74829600,2026-03-09 06:50:08.447594+00:00
2022-11-21,150.16000366210938,150.3699951171875,147.72000122070312,148.00999450683594,145.6739501953125,58724100,2026-03-09 06:50:08.447594+00:00
2022-11-22,148.1300048828125,150.4199981689453,146.92999267578125,150.17999267578125,147.8096923828125,51804100,2026-03-09 06:50:08.447594+00:00
2022-11-23,149.4499969482422,151.8300018310547,149.33999633789062,151.07000732421875,148.68565368652344,58301400,2026-03-09 06:50:08.447594+00:00
2022-11-25,148.30999755859375,148.8800048828125,147.1199951171875,148.11000061035156,145.7723846435547,35195900,2026-03-09 06:50:08.447594+00:00
2022-11-28,145.13999938964844,146.63999938964844,143.3800048828125,144.22000122070312,141.94378662109375,69246000,2026-03-09 06:50:08.447594+00:00
2022-11-29,144.2899932861328,144.80999755859375,140.35000610351562,141.1699981689453,138.94190979003906,83763800,2026-03-09 06:50:08.447594+00:00
2022-11-30,141.39999389648438,148.72000122070312,140.5500030517578,148.02999877929688,145.69366455078125,111380900,2026-03-09 06:50:08.447594+00:00
2022-12-01,148.2100067138672,149.1300048828125,146.61000061035156,148.30999755859375,145.96925354003906,71250400,2026-03-09 06:50:08.447594+00:00
2022-12-02,145.9600067138672,148.0,145.64999389648438,147.80999755859375,145.4771270751953,65447400,2026-03-09 06:50:08.447594+00:00
2022-12-05,147.77000427246094,150.9199981689453,145.77000427246094,146.6300048828125,144.31576538085938,68826400,2026-03-09 06:50:08.447594+00:00
2022-12-06,147.07000732421875,147.3000030517578,141.9199981689453,142.91000366210938,140.6544647216797,64727200,2026-03-09 06:50:08.447594+00:00
2022-12-07,142.19000244140625,143.3699951171875,140.0,140.94000244140625,138.71556091308594,69721100,2026-03-09 06:50:08.447594+00:00
2022-12-08,142.36000061035156,143.52000427246094,141.10000610351562,142.64999389648438,140.3985595703125,62128300,2026-03-09 06:50:08.447594+00:00
2022-12-09,142.33999633789062,145.57000732421875,140.89999389648438,142.16000366210938,139.91629028320312,76097000,2026-03-09 06:50:08.447594+00:00
2022-12-12,142.6999969482422,144.5,141.05999755859375,144.49000549316406,142.20953369140625,70462700,2026-03-09 06:50:08.447594+00:00
2022-12-13,149.5,149.97000122070312,144.24000549316406,145.47000122070312,143.17405700683594,93886200,2026-03-09 06:50:08.447594+00:00
2022-12-14,145.35000610351562,146.66000366210938,141.16000366210938,143.2100067138672,140.94970703125,82291200,2026-03-09 06:50:08.447594+00:00
2022-12-15,141.11000061035156,141.8000030517578,136.02999877929688,136.5,134.34564208984375,98931900,2026-03-09 06:50:08.447594+00:00
2022-12-16,136.69000244140625,137.64999389648438,133.72999572753906,134.50999450683594,132.3870391845703,160156900,2026-03-09 06:50:08.447594+00:00
2022-12-19,135.11000061035156,135.1999969482422,131.32000732421875,132.3699951171875,130.2808074951172,79592600,2026-03-09 06:50:08.447594+00:00
2022-12-20,131.38999938964844,133.25,129.88999938964844,132.3000030517578,130.21192932128906,77432800,2026-03-09 06:50:08.447594+00:00
2022-12-21,132.97999572753906,136.80999755859375,132.75,135.4499969482422,133.3121795654297,85928000,2026-03-09 06:50:08.447594+00:00
2022-12-22,134.35000610351562,134.55999755859375,130.3000030517578,132.22999572753906,130.1429901123047,77852100,2026-03-09 06:50:08.447594+00:00
2022-12-23,130.9199981689453,132.4199981689453,129.63999938964844,131.86000061035156,129.77886962890625,63814900,2026-03-09 06:50:08.447594+00:00
2022-12-27,131.3800048828125,131.41000366210938,128.72000122070312,130.02999877929688,127.97775268554688,69007800,2026-03-09 06:50:08.447594+00:00
2022-12-28,129.6699981689453,131.02999877929688,125.87000274658203,126.04000091552734,124.05071258544922,85438400,2026-03-09 06:50:08.447594+00:00
2022-12-29,127.98999786376953,130.47999572753906,127.7300033569336,129.61000061035156,127.56437683105469,75703700,2026-03-09 06:50:08.447594+00:00
2022-12-30,128.41000366210938,129.9499969482422,127.43000030517578,129.92999267578125,127.87931823730469,77034200,2026-03-09 06:50:08.447594+00:00
2023-01-03,130.27999877929688,130.89999389648438,124.16999816894531,125.06999969482422,123.09601593017578,112117500,2026-03-09 06:50:08.447594+00:00
2023-01-04,126.88999938964844,128.66000366210938,125.08000183105469,126.36000061035156,124.36567687988281,89113600,2026-03-09 06:50:08.447594+00:00
2023-01-05,127.12999725341797,127.7699966430664,124.76000213623047,125.0199966430664,123.04681396484375,80962700,2026-03-09 06:50:08.447594+00:00
2023-01-06,126.01000213623047,130.2899932861328,124.88999938964844,129.6199951171875,127.57422637939453,87754700,2026-03-09 06:50:08.447594+00:00
2023-01-09,130.47000122070312,133.41000366210938,129.88999938964844,130.14999389648438,128.09584045410156,70790800,2026-03-09 06:50:08.447594+00:00
2023-01-10,130.25999450683594,131.25999450683594,128.1199951171875,130.72999572753906,128.66668701171875,63896200,2026-03-09 06:50:08.447594+00:00
2023-01-11,131.25,133.50999450683594,130.4600067138672,133.49000549316406,131.38311767578125,69458900,2026-03-09 06:50:08.447594+00:00
2023-01-12,133.8800048828125,134.25999450683594,131.44000244140625,133.41000366210938,131.30441284179688,71379600,2026-03-09 06:50:08.447594+00:00
2023-01-13,132.02999877929688,134.9199981689453,131.66000366210938,134.75999450683594,132.63308715820312,57809700,2026-03-09 06:50:08.447594+00:00
2023-01-17,134.8300018310547,137.2899932861328,134.1300048828125,135.94000244140625,133.7944793701172,63646600,2026-03-09 06:50:08.447594+00:00
2023-01-18,136.82000732421875,138.61000061035156,135.02999877929688,135.2100067138672,133.0759735107422,69672800,2026-03-09 06:50:08.447594+00:00
2023-01-19,134.0800018310547,136.25,133.77000427246094,135.27000427246094,133.1350860595703,58280400,2026-03-09 06:50:08.447594+00:00
2023-01-20,135.27999877929688,138.02000427246094,134.22000122070312,137.8699951171875,135.69398498535156,80223600,2026-03-09 06:50:08.447594+00:00
2023-01-23,138.1199951171875,143.32000732421875,137.89999389648438,141.11000061035156,138.88287353515625,81760300,2026-03-09 06:50:08.447594+00:00
2023-01-24,140.30999755859375,143.16000366210938,140.3000030517578,142.52999877929688,140.2804718017578,66435100,2026-03-09 06:50:08.447594+00:00
2023-01-25,140.88999938964844,142.42999267578125,138.80999755859375,141.86000061035156,139.6210174560547,65799300,2026-03-09 06:50:08.447594+00:00
2023-01-26,143.1699981689453,144.25,141.89999389648438,143.9600067138672,141.68789672851562,54105100,2026-03-09 06:50:08.447594+00:00
2023-01-27,143.16000366210938,147.22999572753906,143.0800018310547,145.92999267578125,143.6267852783203,70555800,2026-03-09 06:50:08.447594+00:00
2023-01-30,144.9600067138672,145.5500030517578,142.85000610351562,143.0,140.74302673339844,64015300,2026-03-09 06:50:08.447594+00:00
2023-01-31,142.6999969482422,144.33999633789062,142.27999877929688,144.2899932861328,142.01266479492188,65874500,2026-03-09 06:50:08.447594+00:00
2023-02-01,143.97000122070312,146.61000061035156,141.32000732421875,145.42999267578125,143.13467407226562,77663600,2026-03-09 06:50:08.447594+00:00
2023-02-02,148.89999389648438,151.17999267578125,148.1699981689453,150.82000732421875,148.4396209716797,118339000,2026-03-09 06:50:08.447594+00:00
2023-02-03,148.02999877929688,157.3800048828125,147.8300018310547,154.5,152.06155395507812,154357300,2026-03-09 06:50:08.447594+00:00
2023-02-06,152.57000732421875,153.10000610351562,150.77999877929688,151.72999572753906,149.33522033691406,69858300,2026-03-09 06:50:08.447594+00:00
2023-02-07,150.63999938964844,155.22999572753906,150.63999938964844,154.64999389648438,152.2091522216797,83322600,2026-03-09 06:50:08.447594+00:00
2023-02-08,153.8800048828125,154.5800018310547,151.1699981689453,151.9199981689453,149.52224731445312,64120100,2026-03-09 06:50:08.447594+00:00
2023-02-09,153.77999877929688,154.3300018310547,150.4199981689453,150.8699951171875,148.4888153076172,56007100,2026-03-09 06:50:08.447594+00:00
2023-02-10,149.4600067138672,151.33999633789062,149.22000122070312,151.00999450683594,148.8535614013672,57450700,2026-03-09 06:50:08.447594+00:00
2023-02-13,150.9499969482422,154.25999450683594,150.9199981689453,153.85000610351562,151.65298461914062,62199000,2026-03-09 06:50:08.447594+00:00
2023-02-14,152.1199951171875,153.77000427246094,150.86000061035156,153.1999969482422,151.01222229003906,61707600,2026-03-09 06:50:08.447594+00:00
2023-02-15,153.11000061035156,155.5,152.8800048828125,155.3300018310547,153.1118621826172,65573800,2026-03-09 06:50:08.447594+00:00
2023-02-16,153.50999450683594,156.3300018310547,153.35000610351562,153.7100067138672,151.51498413085938,68167900,2026-03-09 06:50:08.447594+00:00
2023-02-17,152.35000610351562,153.0,150.85000610351562,152.5500030517578,150.37158203125,59144100,2026-03-09 06:50:08.447594+00:00
2023-02-21,150.1999969482422,151.3000030517578,148.41000366210938,148.47999572753906,146.35968017578125,58867200,2026-03-09 06:50:08.447594+00:00
2023-02-22,148.8699951171875,149.9499969482422,147.16000366210938,148.91000366210938,146.78355407714844,51011300,2026-03-09 06:50:08.447594+00:00
2023-02-23,150.08999633789062,150.33999633789062,147.24000549316406,149.39999389648438,147.2665252685547,48394200,2026-03-09 06:50:08.447594+00:00
2023-02-24,147.11000061035156,147.19000244140625,145.72000122070312,146.7100067138672,144.61497497558594,55469600,2026-03-09 06:50:08.447594+00:00
2023-02-27,147.7100067138672,149.1699981689453,147.4499969482422,147.9199981689453,145.80767822265625,44998500,2026-03-09 06:50:08.447594+00:00
2023-02-28,147.0500030517578,149.0800018310547,146.8300018310547,147.41000366210938,145.30494689941406,50547000,2026-03-09 06:50:08.447594+00:00
2023-03-01,146.8300018310547,147.22999572753906,145.00999450683594,145.30999755859375,143.2349395751953,55479000,2026-03-09 06:50:08.447594+00:00
2023-03-02,144.3800048828125,146.7100067138672,143.89999389648438,145.91000366210938,143.8263702392578,52238100,2026-03-09 06:50:08.447594+00:00
2023-03-03,148.0399932861328,151.11000061035156,147.3300018310547,151.02999877929688,148.87322998046875,70732300,2026-03-09 06:50:08.447594+00:00
2023-03-06,153.7899932861328,156.3000030517578,153.4600067138672,153.8300018310547,151.63327026367188,87558000,2026-03-09 06:50:08.447594+00:00
2023-03-07,153.6999969482422,154.02999877929688,151.1300048828125,151.60000610351562,149.4351348876953,56182000,2026-03-09 06:50:08.447594+00:00
2023-03-08,152.80999755859375,153.47000122070312,151.8300018310547,152.8699951171875,150.68698120117188,47204800,2026-03-09 06:50:08.447594+00:00
2023-03-09,153.55999755859375,154.5399932861328,150.22999572753906,150.58999633789062,148.43954467773438,53833600,2026-03-09 06:50:08.447594+00:00
2023-03-10,150.2100067138672,150.94000244140625,147.61000061035156,148.5,146.37939453125,68572400,2026-03-09 06:50:08.447594+00:00
2023-03-13,147.80999755859375,153.13999938964844,147.6999969482422,150.47000122070312,148.32125854492188,84457100,2026-03-09 06:50:08.447594+00:00
2023-03-14,151.27999877929688,153.39999389648438,150.10000610351562,152.58999633789062,150.4109649658203,73695900,2026-03-09 06:50:08.447594+00:00
2023-03-15,151.19000244140625,153.25,149.9199981689453,152.99000549316406,150.8052520751953,77167900,2026-03-09 06:50:08.447594+00:00
2023-03-16,152.16000366210938,156.4600067138672,151.63999938964844,155.85000610351562,153.62442016601562,76161100,2026-03-09 06:50:08.447594+00:00
2023-03-17,156.0800018310547,156.74000549316406,154.27999877929688,155.0,152.7865753173828,98944600,2026-03-09 06:50:08.447594+00:00
2023-03-20,155.07000732421875,157.82000732421875,154.14999389648438,157.39999389648438,155.1522979736328,73641400,2026-03-09 06:50:08.447594+00:00
2023-03-21,157.32000732421875,159.39999389648438,156.5399932861328,159.27999877929688,157.00543212890625,73938300,2026-03-09 06:50:08.447594+00:00
2023-03-22,159.3000030517578,162.13999938964844,157.80999755859375,157.8300018310547,155.5761260986328,75701800,2026-03-09 06:50:08.447594+00:00
2023-03-23,158.8300018310547,161.5500030517578,157.67999267578125,158.92999267578125,156.66046142578125,67622100,2026-03-09 06:50:08.447594+00:00
2023-03-24,158.86000061035156,160.33999633789062,157.85000610351562,160.25,157.9615936279297,59196500,2026-03-09 06:50:08.447594+00:00
2023-03-27,159.94000244140625,160.77000427246094,157.8699951171875,158.27999877929688,156.0197296142578,52390300,2026-03-09 06:50:08.447594+00:00
2023-03-28,157.97000122070312,158.49000549316406,155.97999572753906,157.64999389648438,155.39869689941406,45992200,2026-03-09 06:50:08.447594+00:00
2023-03-29,159.3699951171875,161.0500030517578,159.35000610351562,160.77000427246094,158.4741973876953,51305700,2026-03-09 06:50:08.447594+00:00
2023-03-30,161.52999877929688,162.47000122070312,161.27000427246094,162.36000061035156,160.0414581298828,49501700,2026-03-09 06:50:08.447594+00:00
2023-03-31,162.44000244140625,165.0,161.91000366210938,164.89999389648438,162.545166015625,68749800,2026-03-09 06:50:08.447594+00:00
2023-04-03,164.27000427246094,166.2899932861328,164.22000122070312,166.1699981689453,163.79702758789062,56976200,2026-03-09 06:50:08.447594+00:00
2023-04-04,166.60000610351562,166.83999633789062,165.11000061035156,165.6300048828125,163.26475524902344,46278300,2026-03-09 06:50:08.447594+00:00
2023-04-05,164.74000549316406,165.0500030517578,161.8000030517578,163.75999450683594,161.4214630126953,51511700,2026-03-09 06:50:08.447594+00:00
2023-04-06,162.42999267578125,164.9600067138672,162.0,164.66000366210938,162.30862426757812,45390100,2026-03-09 06:50:08.447594+00:00
2023-04-10,161.4199981689453,162.02999877929688,160.0800018310547,162.02999877929688,159.71615600585938,47716900,2026-03-09 06:50:08.447594+00:00
2023-04-11,162.35000610351562,162.36000061035156,160.50999450683594,160.8000030517578,158.50372314453125,47644200,2026-03-09 06:50:08.447594+00:00
2023-04-12,161.22000122070312,162.05999755859375,159.77999877929688,160.10000610351562,157.813720703125,50133100,2026-03-09 06:50:08.447594+00:00
2023-04-13,161.6300048828125,165.8000030517578,161.4199981689453,165.55999755859375,163.19573974609375,68445600,2026-03-09 06:50:08.447594+00:00
2023-04-14,164.58999633789062,166.32000732421875,163.82000732421875,165.2100067138672,162.8507537841797,49386500,2026-03-09 06:50:08.447594+00:00
2023-04-17,165.08999633789062,165.38999938964844,164.02999877929688,165.22999572753906,162.87046813964844,41516200,2026-03-09 06:50:08.447594+00:00
2023-04-18,166.10000610351562,167.41000366210938,165.64999389648438,166.47000122070312,164.09280395507812,49923000,2026-03-09 06:50:08.447594+00:00
2023-04-19,165.8000030517578,168.16000366210938,165.5399932861328,167.6300048828125,165.2362060546875,47720200,2026-03-09 06:50:08.447594+00:00
2023-04-20,166.08999633789062,167.8699951171875,165.55999755859375,166.64999389648438,164.27017211914062,52456400,2026-03-09 06:50:08.447594+00:00
2023-04-21,165.0500030517578,166.4499969482422,164.49000549316406,165.02000427246094,162.6634521484375,58337300,2026-03-09 06:50:08.447594+00:00
2023-04-24,165.0,165.60000610351562,163.88999938964844,165.3300018310547,162.96905517578125,41949600,2026-03-09 06:50:08.447594+00:00
2023-04-25,165.19000244140625,166.30999755859375,163.72999572753906,163.77000427246094,161.4313507080078,48714100,2026-03-09 06:50:08.447594+00:00
2023-04-26,163.05999755859375,165.27999877929688,162.8000030517578,163.75999450683594,161.4214630126953,45498800,2026-03-09 06:50:08.447594+00:00
2023-04-27,165.19000244140625,168.55999755859375,165.19000244140625,168.41000366210938,166.00509643554688,64902300,2026-03-09 06:50:08.447594+00:00
2023-04-28,168.49000549316406,169.85000610351562,167.8800048828125,169.67999267578125,167.25689697265625,55275900,2026-03-09 06:50:08.447594+00:00
2023-05-01,169.27999877929688,170.4499969482422,168.63999938964844,169.58999633789062,167.168212890625,52472900,2026-03-09 06:50:08.447594+00:00
2023-05-02,170.08999633789062,170.35000610351562,167.5399932861328,168.5399932861328,166.1332244873047,48425700,2026-03-09 06:50:08.447594+00:00
2023-05-03,169.5,170.9199981689453,167.16000366210938,167.4499969482422,165.05874633789062,65136000,2026-03-09 06:50:08.447594+00:00
2023-05-04,164.88999938964844,167.0399932861328,164.30999755859375,165.7899932861328,163.42247009277344,81235400,2026-03-09 06:50:08.447594+00:00
2023-05-05,170.97999572753906,174.3000030517578,170.75999450683594,173.57000732421875,171.09136962890625,113453200,2026-03-09 06:50:08.447594+00:00
2023-05-08,172.47999572753906,173.85000610351562,172.11000061035156,173.5,171.02236938476562,55962800,2026-03-09 06:50:08.447594+00:00
2023-05-09,173.0500030517578,173.5399932861328,171.60000610351562,171.77000427246094,169.31710815429688,45326900,2026-03-09 06:50:08.447594+00:00
2023-05-10,173.02000427246094,174.02999877929688,171.89999389648438,173.55999755859375,171.08151245117188,53724500,2026-03-09 06:50:08.447594+00:00
2023-05-11,173.85000610351562,174.58999633789062,172.1699981689453,173.75,171.26881408691406,49514700,2026-03-09 06:50:08.447594+00:00
2023-05-12,173.6199951171875,174.05999755859375,171.0,172.57000732421875,170.3409423828125,45533100,2026-03-09 06:50:08.447594+00:00
2023-05-15,173.16000366210938,173.2100067138672,171.47000122070312,172.07000732421875,169.84742736816406,37266700,2026-03-09 06:50:08.447594+00:00
2023-05-16,171.99000549316406,173.13999938964844,171.8000030517578,172.07000732421875,169.84742736816406,42110300,2026-03-09 06:50:08.447594+00:00
2023-05-17,171.7100067138672,172.92999267578125,170.4199981689453,172.69000244140625,170.4593963623047,57951600,2026-03-09 06:50:08.447594+00:00
2023-05-18,173.0,175.24000549316406,172.5800018310547,175.0500030517578,172.78890991210938,65496700,2026-03-09 06:50:08.447594+00:00
2023-05-19,176.38999938964844,176.38999938964844,174.94000244140625,175.16000366210938,172.89747619628906,55809500,2026-03-09 06:50:08.447594+00:00
2023-05-22,173.97999572753906,174.7100067138672,173.4499969482422,174.1999969482422,171.9499053955078,43570900,2026-03-09 06:50:08.447594+00:00
2023-05-23,173.1300048828125,173.3800048828125,171.27999877929688,171.55999755859375,169.34396362304688,50747300,2026-03-09 06:50:08.447594+00:00
2023-05-24,171.08999633789062,172.4199981689453,170.52000427246094,171.83999633789062,169.62034606933594,45143500,2026-03-09 06:50:08.447594+00:00
2023-05-25,172.41000366210938,173.89999389648438,171.69000244140625,172.99000549316406,170.75552368164062,56058300,2026-03-09 06:50:08.447594+00:00
2023-05-26,173.32000732421875,175.77000427246094,173.11000061035156,175.42999267578125,173.1639862060547,54835000,2026-03-09 06:50:08.447594+00:00
2023-05-30,176.9600067138672,178.99000549316406,176.57000732421875,177.3000030517578,175.0098419189453,55964400,2026-03-09 06:50:08.447594+00:00
2023-05-31,177.3300018310547,179.35000610351562,176.75999450683594,177.25,174.9605255126953,99625300,2026-03-09 06:50:08.447594+00:00
2023-06-01,177.6999969482422,180.1199951171875,176.92999267578125,180.08999633789062,177.76382446289062,68901800,2026-03-09 06:50:08.447594+00:00
2023-06-02,181.02999877929688,181.77999877929688,179.25999450683594,180.9499969482422,178.61270141601562,61996900,2026-03-09 06:50:08.447594+00:00
2023-06-05,182.6300048828125,184.9499969482422,178.0399932861328,179.5800018310547,177.26040649414062,121946500,2026-03-09 06:50:08.447594+00:00
2023-06-06,179.97000122070312,180.1199951171875,177.42999267578125,179.2100067138672,176.8951873779297,64848400,2026-03-09 06:50:08.447594+00:00
2023-06-07,178.44000244140625,181.2100067138672,177.32000732421875,177.82000732421875,175.5231475830078,61944600,2026-03-09 06:50:08.447594+00:00
2023-06-08,177.89999389648438,180.83999633789062,177.4600067138672,180.57000732421875,178.2376251220703,50214900,2026-03-09 06:50:08.447594+00:00
2023-06-09,181.5,182.22999572753906,180.6300048828125,180.9600067138672,178.62257385253906,48900000,2026-03-09 06:50:08.447594+00:00
2023-06-12,181.27000427246094,183.88999938964844,180.97000122070312,183.7899932861328,181.41603088378906,54274900,2026-03-09 06:50:08.447594+00:00
2023-06-13,182.8000030517578,184.14999389648438,182.44000244140625,183.30999755859375,180.9422149658203,54929100,2026-03-09 06:50:08.447594+00:00
2023-06-14,183.3699951171875,184.38999938964844,182.02000427246094,183.9499969482422,181.57391357421875,57462900,2026-03-09 06:50:08.447594+00:00
2023-06-15,183.9600067138672,186.52000427246094,183.77999877929688,186.00999450683594,183.60736083984375,65433200,2026-03-09 06:50:08.447594+00:00
2023-06-16,186.72999572753906,186.99000549316406,184.27000427246094,184.9199981689453,182.5314178466797,101256200,2026-03-09 06:50:08.447594+00:00
2023-06-20,184.41000366210938,186.10000610351562,184.41000366210938,185.00999450683594,182.62025451660156,49799100,2026-03-09 06:50:08.447594+00:00
2023-06-21,184.89999389648438,185.41000366210938,182.58999633789062,183.9600067138672,181.58383178710938,49515700,2026-03-09 06:50:08.447594+00:00
2023-06-22,183.74000549316406,187.0500030517578,183.6699981689453,187.0,184.58456420898438,51245300,2026-03-09 06:50:08.447594+00:00
2023-06-23,185.5500030517578,187.55999755859375,185.00999450683594,186.67999267578125,184.26866149902344,53117000,2026-03-09 06:50:08.447594+00:00
2023-06-26,186.8300018310547,188.0500030517578,185.22999572753906,185.27000427246094,182.87692260742188,48088700,2026-03-09 06:50:08.447594+00:00
2023-06-27,185.88999938964844,188.38999938964844,185.6699981689453,188.05999755859375,185.63087463378906,50730800,2026-03-09 06:50:08.447594+00:00
2023-06-28,187.92999267578125,189.89999389648438,187.60000610351562,189.25,186.8054962158203,51216800,2026-03-09 06:50:08.447594+00:00
2023-06-29,189.0800018310547,190.07000732421875,188.94000244140625,189.58999633789062,187.14111328125,46347300,2026-03-09 06:50:08.447594+00:00
2023-06-30,191.6300048828125,194.47999572753906,191.25999450683594,193.97000122070312,191.46450805664062,85213200,2026-03-09 06:50:08.447594+00:00
2023-07-03,193.77999877929688,193.8800048828125,191.75999450683594,192.4600067138672,189.97401428222656,31458200,2026-03-09 06:50:08.447594+00:00
2023-07-05,191.57000732421875,192.97999572753906,190.6199951171875,191.3300018310547,188.858642578125,46920300,2026-03-09 06:50:08.447594+00:00
2023-07-06,189.83999633789062,192.02000427246094,189.1999969482422,191.80999755859375,189.3324432373047,45094300,2026-03-09 06:50:08.447594+00:00
2023-07-07,191.41000366210938,192.6699981689453,190.24000549316406,190.67999267578125,188.21702575683594,46815000,2026-03-09 06:50:08.447594+00:00
2023-07-10,189.25999450683594,189.99000549316406,187.0399932861328,188.61000061035156,186.17376708984375,59922200,2026-03-09 06:50:08.447594+00:00
2023-07-11,189.16000366210938,189.3000030517578,186.60000610351562,188.0800018310547,185.65061950683594,46638100,2026-03-09 06:50:08.447594+00:00
2023-07-12,189.67999267578125,191.6999969482422,188.47000122070312,189.77000427246094,187.3187713623047,60750200,2026-03-09 06:50:08.447594+00:00
2023-07-13,190.5,191.19000244140625,189.77999877929688,190.5399932861328,188.07882690429688,41342300,2026-03-09 06:50:08.447594+00:00
2023-07-14,190.22999572753906,191.17999267578125,189.6300048828125,190.69000244140625,188.22689819335938,41616200,2026-03-09 06:50:08.447594+00:00
2023-07-17,191.89999389648438,194.32000732421875,191.80999755859375,193.99000549316406,191.4842987060547,50520200,2026-03-09 06:50:08.447594+00:00
2023-07-18,193.35000610351562,194.3300018310547,192.4199981689453,193.72999572753906,191.22760009765625,48288200,2026-03-09 06:50:08.447594+00:00
2023-07-19,193.10000610351562,198.22999572753906,192.64999389648438,195.10000610351562,192.57992553710938,80507300,2026-03-09 06:50:08.447594+00:00
2023-07-20,195.08999633789062,196.47000122070312,192.5,193.1300048828125,190.6353759765625,59581200,2026-03-09 06:50:08.447594+00:00
2023-07-21,194.10000610351562,194.97000122070312,191.22999572753906,191.94000244140625,189.46075439453125,71951700,2026-03-09 06:50:08.447594+00:00
2023-07-24,193.41000366210938,194.91000366210938,192.25,192.75,190.26028442382812,45377800,2026-03-09 06:50:08.447594+00:00
2023-07-25,193.3300018310547,194.44000244140625,192.9199981689453,193.6199951171875,191.11903381347656,37283200,2026-03-09 06:50:08.447594+00:00
2023-07-26,193.6699981689453,195.63999938964844,193.32000732421875,194.5,191.98770141601562,47471900,2026-03-09 06:50:08.447594+00:00
2023-07-27,196.02000427246094,197.1999969482422,192.5500030517578,193.22000122070312,190.7242431640625,47460200,2026-03-09 06:50:08.447594+00:00
2023-07-28,194.6699981689453,196.6300048828125,194.13999938964844,195.8300018310547,193.30050659179688,48291400,2026-03-09 06:50:08.447594+00:00
2023-07-31,196.05999755859375,196.49000549316406,195.25999450683594,196.4499969482422,193.91249084472656,38824100,2026-03-09 06:50:08.447594+00:00
2023-08-01,196.24000549316406,196.72999572753906,195.27999877929688,195.61000061035156,193.08334350585938,35175100,2026-03-09 06:50:08.447594+00:00
2023-08-02,195.0399932861328,195.17999267578125,191.85000610351562,192.5800018310547,190.09246826171875,50389300,2026-03-09 06:50:08.447594+00:00
2023-08-03,191.57000732421875,192.3699951171875,190.69000244140625,191.1699981689453,188.70069885253906,61235200,2026-03-09 06:50:08.447594+00:00
2023-08-04,185.52000427246094,187.3800048828125,181.9199981689453,181.99000549316406,179.6392822265625,115956800,2026-03-09 06:50:08.447594+00:00
2023-08-07,182.1300048828125,183.1300048828125,177.35000610351562,178.85000610351562,176.53982543945312,97576100,2026-03-09 06:50:08.447594+00:00
2023-08-08,179.69000244140625,180.27000427246094,177.5800018310547,179.8000030517578,177.47756958007812,67823000,2026-03-09 06:50:08.447594+00:00
2023-08-09,180.8699951171875,180.92999267578125,177.00999450683594,178.19000244140625,175.8883819580078,60378500,2026-03-09 06:50:08.447594+00:00
2023-08-10,179.47999572753906,180.75,177.60000610351562,177.97000122070312,175.67117309570312,54686900,2026-03-09 06:50:08.447594+00:00
2023-08-11,177.32000732421875,178.6199951171875,176.5500030517578,177.7899932861328,175.73049926757812,52036700,2026-03-09 06:50:08.447594+00:00
2023-08-14,177.97000122070312,179.69000244140625,177.30999755859375,179.4600067138672,177.38116455078125,43675600,2026-03-09 06:50:08.447594+00:00
2023-08-15,178.8800048828125,179.47999572753906,177.0500030517578,177.4499969482422,175.39442443847656,43622600,2026-03-09 06:50:08.447594+00:00
2023-08-16,177.1300048828125,178.5399932861328,176.5,176.57000732421875,174.52462768554688,46964900,2026-03-09 06:50:08.447594+00:00
2023-08-17,177.13999938964844,177.50999450683594,173.47999572753906,174.0,171.984375,66062900,2026-03-09 06:50:08.447594+00:00
2023-08-18,172.3000030517578,175.10000610351562,171.9600067138672,174.49000549316406,172.46875,61172200,2026-03-09 06:50:08.447594+00:00
2023-08-21,175.07000732421875,176.1300048828125,173.74000549316406,175.83999633789062,173.80311584472656,46311900,2026-03-09 06:50:08.447594+00:00
2023-08-22,177.05999755859375,177.67999267578125,176.25,177.22999572753906,175.17698669433594,42038900,2026-03-09 06:50:08.447594+00:00
2023-08-23,178.52000427246094,181.5500030517578,178.3300018310547,181.1199951171875,179.0219268798828,52722800,2026-03-09 06:50:08.447594+00:00
2023-08-24,180.6699981689453,181.10000610351562,176.00999450683594,176.3800048828125,174.3368377685547,54945800,2026-03-09 06:50:08.447594+00:00
2023-08-25,177.3800048828125,179.14999389648438,175.82000732421875,178.61000061035156,176.54100036621094,51449600,2026-03-09 06:50:08.447594+00:00
2023-08-28,180.08999633789062,180.58999633789062,178.5500030517578,180.19000244140625,178.1027069091797,43820700,2026-03-09 06:50:08.447594+00:00
2023-08-29,179.6999969482422,184.89999389648438,179.5,184.1199951171875,181.98716735839844,53003900,2026-03-09 06:50:08.447594+00:00
2023-08-30,184.94000244140625,187.85000610351562,184.74000549316406,187.64999389648438,185.47630310058594,60813900,2026-03-09 06:50:08.447594+00:00
2023-08-31,187.83999633789062,189.1199951171875,187.47999572753906,187.8699951171875,185.6937255859375,60794500,2026-03-09 06:50:08.447594+00:00
2023-09-01,189.49000549316406,189.9199981689453,188.27999877929688,189.4600067138672,187.26528930664062,45766500,2026-03-09 06:50:08.447594+00:00
2023-09-05,188.27999877929688,189.97999572753906,187.61000061035156,189.6999969482422,187.5025634765625,45280000,2026-03-09 06:50:08.447594+00:00
2023-09-06,188.39999389648438,188.85000610351562,181.47000122070312,182.91000366210938,180.79119873046875,81755800,2026-03-09 06:50:08.447594+00:00
2023-09-07,175.17999267578125,178.2100067138672,173.5399932861328,177.55999755859375,175.503173828125,112488800,2026-03-09 06:50:08.447594+00:00
2023-09-08,178.35000610351562,180.24000549316406,177.7899932861328,178.17999267578125,176.11598205566406,65551300,2026-03-09 06:50:08.447594+00:00
2023-09-11,180.07000732421875,180.3000030517578,177.33999633789062,179.36000061035156,177.2823028564453,58953100,2026-03-09 06:50:08.447594+00:00
2023-09-12,179.49000549316406,180.1300048828125,174.82000732421875,176.3000030517578,174.2577667236328,90370200,2026-03-09 06:50:08.447594+00:00
2023-09-13,176.50999450683594,177.3000030517578,173.97999572753906,174.2100067138672,172.19198608398438,84267900,2026-03-09 06:50:08.447594+00:00
2023-09-14,174.0,176.10000610351562,173.5800018310547,175.74000549316406,173.70423889160156,60895800,2026-03-09 06:50:08.447594+00:00
2023-09-15,176.47999572753906,176.5,173.82000732421875,175.00999450683594,172.9827117919922,109259500,2026-03-09 06:50:08.447594+00:00
2023-09-18,176.47999572753906,179.3800048828125,176.1699981689453,177.97000122070312,175.90841674804688,67257600,2026-03-09 06:50:08.447594+00:00
2023-09-19,177.52000427246094,179.6300048828125,177.1300048828125,179.07000732421875,176.99569702148438,51826900,2026-03-09 06:50:08.447594+00:00
2023-09-20,179.25999450683594,179.6999969482422,175.39999389648438,175.49000549316406,173.45716857910156,58436200,2026-03-09 06:50:08.447594+00:00
2023-09-21,174.5500030517578,176.3000030517578,173.86000061035156,173.92999267578125,171.91522216796875,63149100,2026-03-09 06:50:08.447594+00:00
2023-09-22,174.6699981689453,177.0800018310547,174.0500030517578,174.7899932861328,172.76524353027344,56725400,2026-03-09 06:50:08.447594+00:00
2023-09-25,174.1999969482422,176.97000122070312,174.14999389648438,176.0800018310547,174.04031372070312,46172700,2026-03-09 06:50:08.447594+00:00
2023-09-26,174.82000732421875,175.1999969482422,171.66000366210938,171.9600067138672,169.96804809570312,64588900,2026-03-09 06:50:08.447594+00:00
2023-09-27,172.6199951171875,173.0399932861328,169.0500030517578,170.42999267578125,168.45578002929688,66921800,2026-03-09 06:50:08.447594+00:00
2023-09-28,169.33999633789062,172.02999877929688,167.6199951171875,170.69000244140625,168.71273803710938,56294400,2026-03-09 06:50:08.447594+00:00
2023-09-29,172.02000427246094,173.07000732421875,170.33999633789062,171.2100067138672,169.22671508789062,51861100,2026-03-09 06:50:08.447594+00:00
2023-10-02,171.22000122070312,174.3000030517578,170.92999267578125,173.75,171.7373046875,52164500,2026-03-09 06:50:08.447594+00:00
2023-10-03,172.25999450683594,173.6300048828125,170.82000732421875,172.39999389648438,170.40293884277344,49594600,2026-03-09 06:50:08.447594+00:00
2023-10-04,171.08999633789062,174.2100067138672,170.97000122070312,173.66000366210938,171.64834594726562,53020300,2026-03-09 06:50:08.447594+00:00
2023-10-05,173.7899932861328,175.4499969482422,172.67999267578125,174.91000366210938,172.8838653564453,48527900,2026-03-09 06:50:08.447594+00:00
2023-10-06,173.8000030517578,177.99000549316406,173.17999267578125,177.49000549316406,175.4340057373047,57266700,2026-03-09 06:50:08.447594+00:00
2023-10-09,176.80999755859375,179.0500030517578,175.8000030517578,178.99000549316406,176.9166259765625,42390800,2026-03-09 06:50:08.447594+00:00
2023-10-10,178.10000610351562,179.72000122070312,177.9499969482422,178.38999938964844,176.32354736328125,43698000,2026-03-09 06:50:08.447594+00:00
2023-10-11,178.1999969482422,179.85000610351562,177.60000610351562,179.8000030517578,177.7172393798828,47551100,2026-03-09 06:50:08.447594+00:00
2023-10-12,180.07000732421875,182.33999633789062,179.0399932861328,180.7100067138672,178.61669921875,56743100,2026-03-09 06:50:08.447594+00:00
2023-10-13,181.4199981689453,181.92999267578125,178.13999938964844,178.85000610351562,176.77822875976562,51427100,2026-03-09 06:50:08.447594+00:00
2023-10-16,176.75,179.0800018310547,176.50999450683594,178.72000122070312,176.6497344970703,52517000,2026-03-09 06:50:08.447594+00:00
2023-10-17,176.64999389648438,178.4199981689453,174.8000030517578,177.14999389648438,175.09791564941406,57549400,2026-03-09 06:50:08.447594+00:00
2023-10-18,175.5800018310547,177.5800018310547,175.11000061035156,175.83999633789062,173.80311584472656,54764400,2026-03-09 06:50:08.447594+00:00
2023-10-19,176.0399932861328,177.83999633789062,175.19000244140625,175.4600067138672,173.427490234375,59302900,2026-03-09 06:50:08.447594+00:00
2023-10-20,175.30999755859375,175.4199981689453,172.63999938964844,172.8800048828125,170.8773956298828,64244000,2026-03-09 06:50:08.447594+00:00
2023-10-23,170.91000366210938,174.00999450683594,169.92999267578125,173.0,170.99600219726562,55980100,2026-03-09 06:50:08.447594+00:00
2023-10-24,173.0500030517578,173.6699981689453,171.4499969482422,173.44000244140625,171.43092346191406,43816600,2026-03-09 06:50:08.447594+00:00
2023-10-25,171.8800048828125,173.05999755859375,170.64999389648438,171.10000610351562,169.11801147460938,57157000,2026-03-09 06:50:08.447594+00:00
2023-10-26,170.3699951171875,171.3800048828125,165.6699981689453,166.88999938964844,164.9567413330078,70625300,2026-03-09 06:50:08.447594+00:00
2023-10-27,166.91000366210938,168.9600067138672,166.8300018310547,168.22000122070312,166.27137756347656,58499100,2026-03-09 06:50:08.447594+00:00
2023-10-30,169.02000427246094,171.1699981689453,168.8699951171875,170.2899932861328,168.31739807128906,51131000,2026-03-09 06:50:08.447594+00:00
2023-10-31,169.35000610351562,170.89999389648438,167.89999389648438,170.77000427246094,168.79183959960938,44846000,2026-03-09 06:50:08.447594+00:00
2023-11-01,171.0,174.22999572753906,170.1199951171875,173.97000122070312,171.95477294921875,56934900,2026-03-09 06:50:08.447594+00:00
2023-11-02,175.52000427246094,177.77999877929688,175.4600067138672,177.57000732421875,175.5130615234375,77334800,2026-03-09 06:50:08.447594+00:00
2023-11-03,174.24000549316406,176.82000732421875,173.35000610351562,176.64999389648438,174.6037139892578,79829200,2026-03-09 06:50:08.447594+00:00
2023-11-06,176.3800048828125,179.42999267578125,176.2100067138672,179.22999572753906,177.15382385253906,63841300,2026-03-09 06:50:08.447594+00:00
2023-11-07,179.17999267578125,182.44000244140625,178.97000122070312,181.82000732421875,179.7138214111328,70530000,2026-03-09 06:50:08.447594+00:00
2023-11-08,182.35000610351562,183.4499969482422,181.58999633789062,182.88999938964844,180.7714385986328,49340300,2026-03-09 06:50:08.447594+00:00
2023-11-09,182.9600067138672,184.1199951171875,181.80999755859375,182.41000366210938,180.2969970703125,53763500,2026-03-09 06:50:08.447594+00:00
2023-11-10,183.97000122070312,186.57000732421875,183.52999877929688,186.39999389648438,184.48348999023438,66133400,2026-03-09 06:50:08.447594+00:00
2023-11-13,185.82000732421875,186.02999877929688,184.2100067138672,184.8000030517578,182.89996337890625,43627500,2026-03-09 06:50:08.447594+00:00
2023-11-14,187.6999969482422,188.11000061035156,186.3000030517578,187.44000244140625,185.5128173828125,60108400,2026-03-09 06:50:08.447594+00:00
2023-11-15,187.85000610351562,189.5,187.77999877929688,188.00999450683594,186.0769500732422,53790500,2026-03-09 06:50:08.447594+00:00
2023-11-16,189.57000732421875,190.9600067138672,188.64999389648438,189.7100067138672,187.75946044921875,54412900,2026-03-09 06:50:08.447594+00:00
2023-11-17,190.25,190.3800048828125,188.57000732421875,189.69000244140625,187.7396697998047,50922700,2026-03-09 06:50:08.447594+00:00
2023-11-20,189.88999938964844,191.91000366210938,189.8800048828125,191.4499969482422,189.48158264160156,46505100,2026-03-09 06:50:08.447594+00:00
2023-11-21,191.41000366210938,191.52000427246094,189.74000549316406,190.63999938964844,188.67991638183594,38134500,2026-03-09 06:50:08.447594+00:00
2023-11-22,191.49000549316406,192.92999267578125,190.8300018310547,191.30999755859375,189.34303283691406,39617700,2026-03-09 06:50:08.447594+00:00
2023-11-24,190.8699951171875,190.89999389648438,189.25,189.97000122070312,188.0167999267578,24048300,2026-03-09 06:50:08.447594+00:00
2023-11-27,189.9199981689453,190.6699981689453,188.89999389648438,189.7899932861328,187.838623046875,40552600,2026-03-09 06:50:08.447594+00:00
2023-11-28,189.77999877929688,191.0800018310547,189.39999389648438,190.39999389648438,188.44236755371094,38415400,2026-03-09 06:50:08.447594+00:00
2023-11-29,190.89999389648438,192.08999633789062,188.97000122070312,189.3699951171875,187.42295837402344,43014200,2026-03-09 06:50:08.447594+00:00
2023-11-30,189.83999633789062,190.32000732421875,188.19000244140625,189.9499969482422,187.9969940185547,48794400,2026-03-09 06:50:08.447594+00:00
2023-12-01,190.3300018310547,191.55999755859375,189.22999572753906,191.24000549316406,189.27374267578125,45704800,2026-03-09 06:50:08.447594+00:00
2023-12-04,189.97999572753906,190.0500030517578,187.4499969482422,189.42999267578125,187.48233032226562,43389500,2026-03-09 06:50:08.447594+00:00
2023-12-05,190.2100067138672,194.39999389648438,190.17999267578125,193.4199981689453,191.4313201904297,66628400,2026-03-09 06:50:08.447594+00:00
2023-12-06,194.4499969482422,194.75999450683594,192.11000061035156,192.32000732421875,190.34262084960938,41089700,2026-03-09 06:50:08.447594+00:00
2023-12-07,193.6300048828125,195.0,193.58999633789062,194.27000427246094,192.27256774902344,47477700,2026-03-09 06:50:08.447594+00:00
2023-12-08,194.1999969482422,195.99000549316406,193.6699981689453,195.7100067138672,193.69778442382812,53406400,2026-03-09 06:50:08.447594+00:00
2023-12-11,193.11000061035156,193.49000549316406,191.4199981689453,193.17999267578125,191.1937713623047,60943700,2026-03-09 06:50:08.447594+00:00
2023-12-12,193.0800018310547,194.72000122070312,191.72000122070312,194.7100067138672,192.7080535888672,52696900,2026-03-09 06:50:08.447594+00:00
2023-12-13,195.08999633789062,198.0,194.85000610351562,197.9600067138672,195.9246368408203,70404200,2026-03-09 06:50:08.447594+00:00
2023-12-14,198.02000427246094,199.6199951171875,196.16000366210938,198.11000061035156,196.07308959960938,66831600,2026-03-09 06:50:08.447594+00:00
2023-12-15,197.52999877929688,198.39999389648438,197.0,197.57000732421875,195.53866577148438,128538400,2026-03-09 06:50:08.447594+00:00
2023-12-18,196.08999633789062,196.6300048828125,194.38999938964844,195.88999938964844,193.8759307861328,55751900,2026-03-09 06:50:08.447594+00:00
2023-12-19,196.16000366210938,196.9499969482422,195.88999938964844,196.94000244140625,194.91514587402344,40714100,2026-03-09 06:50:08.447594+00:00
2023-12-20,196.89999389648438,197.67999267578125,194.8300018310547,194.8300018310547,192.8268280029297,52242800,2026-03-09 06:50:08.447594+00:00
2023-12-21,196.10000610351562,197.0800018310547,193.5,194.67999267578125,192.67832946777344,46482500,2026-03-09 06:50:08.447594+00:00
2023-12-22,195.17999267578125,195.41000366210938,192.97000122070312,193.60000610351562,191.60946655273438,37149600,2026-03-09 06:50:08.447594+00:00
2023-12-26,193.61000061035156,193.88999938964844,192.8300018310547,193.0500030517578,191.06512451171875,28919300,2026-03-09 06:50:08.447594+00:00
2023-12-27,192.49000549316406,193.5,191.08999633789062,193.14999389648438,191.16409301757812,48087700,2026-03-09 06:50:08.447594+00:00
2023-12-28,194.13999938964844,194.66000366210938,193.1699981689453,193.5800018310547,191.5896759033203,34049900,2026-03-09 06:50:08.447594+00:00
2023-12-29,193.89999389648438,194.39999389648438,191.72999572753906,192.52999877929688,190.5504608154297,42672100,2026-03-09 06:50:08.447594+00:00
2024-01-02,187.14999389648438,188.44000244140625,183.88999938964844,185.63999938964844,183.73129272460938,82488700,2026-03-09 06:50:08.447594+00:00
2024-01-03,184.22000122070312,185.8800048828125,183.42999267578125,184.25,182.3555908203125,58414500,2026-03-09 06:50:08.447594+00:00
2024-01-04,182.14999389648438,183.08999633789062,180.8800048828125,181.91000366210938,180.03965759277344,71983600,2026-03-09 06:50:08.447594+00:00
2024-01-05,181.99000549316406,182.75999450683594,180.1699981689453,181.17999267578125,179.31715393066406,62379700,2026-03-09 06:50:08.447594+00:00
2024-01-08,182.08999633789062,185.60000610351562,181.5,185.55999755859375,183.65213012695312,59144500,2026-03-09 06:50:08.447594+00:00
2024-01-09,183.9199981689453,185.14999389648438,182.72999572753906,185.13999938964844,183.2364501953125,42841800,2026-03-09 06:50:08.447594+00:00
2024-01-10,184.35000610351562,186.39999389648438,183.9199981689453,186.19000244140625,184.27565002441406,46792900,2026-03-09 06:50:08.447594+00:00
2024-01-11,186.5399932861328,187.0500030517578,183.6199951171875,185.58999633789062,183.6818084716797,49128400,2026-03-09 06:50:08.447594+00:00
2024-01-12,186.05999755859375,186.74000549316406,185.19000244140625,185.9199981689453,184.00843811035156,40477800,2026-03-09 06:50:08.447594+00:00
2024-01-16,182.16000366210938,184.25999450683594,180.92999267578125,183.6300048828125,181.74195861816406,65603000,2026-03-09 06:50:08.447594+00:00
2024-01-17,181.27000427246094,182.92999267578125,180.3000030517578,182.67999267578125,180.8017120361328,47317400,2026-03-09 06:50:08.447594+00:00
2024-01-18,186.08999633789062,189.13999938964844,185.8300018310547,188.6300048828125,186.69058227539062,78005800,2026-03-09 06:50:08.447594+00:00
2024-01-19,189.3300018310547,191.9499969482422,188.82000732421875,191.55999755859375,189.5904541015625,68903000,2026-03-09 06:50:08.447594+00:00
2024-01-22,192.3000030517578,195.3300018310547,192.25999450683594,193.88999938964844,191.89646911621094,60133900,2026-03-09 06:50:08.447594+00:00
2024-01-23,195.02000427246094,195.75,193.8300018310547,195.17999267578125,193.17320251464844,42355600,2026-03-09 06:50:08.447594+00:00
2024-01-24,195.4199981689453,196.3800048828125,194.33999633789062,194.5,192.50022888183594,53631300,2026-03-09 06:50:08.447594+00:00
2024-01-25,195.22000122070312,196.27000427246094,193.11000061035156,194.1699981689453,192.17361450195312,54822100,2026-03-09 06:50:08.447594+00:00
2024-01-26,194.27000427246094,194.75999450683594,191.94000244140625,192.4199981689453,190.44158935546875,44594000,2026-03-09 06:50:08.447594+00:00
2024-01-29,192.00999450683594,192.1999969482422,189.5800018310547,191.72999572753906,189.75869750976562,47145600,2026-03-09 06:50:08.447594+00:00
2024-01-30,190.94000244140625,191.8000030517578,187.47000122070312,188.0399932861328,186.1066131591797,55859400,2026-03-09 06:50:08.447594+00:00
2024-01-31,187.0399932861328,187.10000610351562,184.35000610351562,184.39999389648438,182.50404357910156,55467800,2026-03-09 06:50:08.447594+00:00
2024-02-01,183.99000549316406,186.9499969482422,183.82000732421875,186.86000061035156,184.93878173828125,64885400,2026-03-09 06:50:08.447594+00:00
2024-02-02,179.86000061035156,187.3300018310547,179.25,185.85000610351562,183.9391326904297,102551700,2026-03-09 06:50:08.447594+00:00
2024-02-05,188.14999389648438,189.25,185.83999633789062,187.67999267578125,185.7503204345703,69668800,2026-03-09 06:50:08.447594+00:00
2024-02-06,186.86000061035156,189.30999755859375,186.77000427246094,189.3000030517578,187.3536834716797,43490800,2026-03-09 06:50:08.447594+00:00
2024-02-07,190.63999938964844,191.0500030517578,188.61000061035156,189.41000366210938,187.46255493164062,53439000,2026-03-09 06:50:08.447594+00:00
2024-02-08,189.38999938964844,189.5399932861328,187.35000610351562,188.32000732421875,186.38375854492188,40962000,2026-03-09 06:50:08.447594+00:00
2024-02-09,188.64999389648438,189.99000549316406,188.0,188.85000610351562,187.14682006835938,45155200,2026-03-09 06:50:08.447594+00:00
2024-02-12,188.4199981689453,188.6699981689453,186.7899932861328,187.14999389648438,185.46214294433594,41781900,2026-03-09 06:50:08.447594+00:00
2024-02-13,185.77000427246094,186.2100067138672,183.50999450683594,185.0399932861328,183.37115478515625,56529500,2026-03-09 06:50:08.447594+00:00
2024-02-14,185.32000732421875,185.52999877929688,182.44000244140625,184.14999389648438,182.4891815185547,54630500,2026-03-09 06:50:08.447594+00:00
2024-02-15,183.5500030517578,184.49000549316406,181.35000610351562,183.86000061035156,182.2018280029297,65434500,2026-03-09 06:50:08.447594+00:00
2024-02-16,183.4199981689453,184.85000610351562,181.6699981689453,182.30999755859375,180.665771484375,49752500,2026-03-09 06:50:08.447594+00:00
2024-02-20,181.7899932861328,182.42999267578125,180.0,181.55999755859375,179.92254638671875,53665600,2026-03-09 06:50:08.447594+00:00
2024-02-21,181.94000244140625,182.88999938964844,180.66000366210938,182.32000732421875,180.6757049560547,41371400,2026-03-09 06:50:08.447594+00:00
2024-02-22,183.47999572753906,184.9600067138672,182.4600067138672,184.3699951171875,182.7071990966797,52292200,2026-03-09 06:50:08.447594+00:00
2024-02-23,185.00999450683594,185.0399932861328,182.22999572753906,182.52000427246094,180.87391662597656,45119700,2026-03-09 06:50:08.447594+00:00
2024-02-26,182.24000549316406,182.75999450683594,180.64999389648438,181.16000366210938,179.5261688232422,40867400,2026-03-09 06:50:08.447594+00:00
2024-02-27,181.10000610351562,183.9199981689453,179.55999755859375,182.6300048828125,180.98292541503906,54318900,2026-03-09 06:50:08.447594+00:00
2024-02-28,182.50999450683594,183.1199951171875,180.1300048828125,181.4199981689453,179.7838134765625,48953900,2026-03-09 06:50:08.447594+00:00
2024-02-29,181.27000427246094,182.57000732421875,179.52999877929688,180.75,179.11985778808594,136682600,2026-03-09 06:50:08.447594+00:00
2024-03-01,179.5500030517578,180.52999877929688,177.3800048828125,179.66000366210938,178.03968811035156,73563100,2026-03-09 06:50:08.447594+00:00
2024-03-04,176.14999389648438,176.89999389648438,173.7899932861328,175.10000610351562,173.5208282470703,81510100,2026-03-09 06:50:08.447594+00:00
2024-03-05,170.75999450683594,172.0399932861328,169.6199951171875,170.1199951171875,168.58572387695312,95132400,2026-03-09 06:50:08.447594+00:00
2024-03-06,171.05999755859375,171.24000549316406,168.67999267578125,169.1199951171875,167.59474182128906,68587700,2026-03-09 06:50:08.447594+00:00
2024-03-07,169.14999389648438,170.72999572753906,168.49000549316406,169.0,167.475830078125,71765100,2026-03-09 06:50:08.447594+00:00
2024-03-08,169.0,173.6999969482422,168.94000244140625,170.72999572753906,169.1902313232422,76267000,2026-03-09 06:50:08.447594+00:00
2024-03-11,172.94000244140625,174.3800048828125,172.0500030517578,172.75,171.19200134277344,60139500,2026-03-09 06:50:08.447594+00:00
2024-03-12,173.14999389648438,174.02999877929688,171.00999450683594,173.22999572753906,171.66769409179688,59825400,2026-03-09 06:50:08.447594+00:00
2024-03-13,172.77000427246094,173.19000244140625,170.75999450683594,171.1300048828125,169.58660888671875,52488700,2026-03-09 06:50:08.447594+00:00
2024-03-14,172.91000366210938,174.30999755859375,172.0500030517578,173.0,171.4397735595703,72913500,2026-03-09 06:50:08.447594+00:00
2024-03-15,171.1699981689453,172.6199951171875,170.2899932861328,172.6199951171875,171.0631866455078,121752700,2026-03-09 06:50:08.447594+00:00
2024-03-18,175.57000732421875,177.7100067138672,173.52000427246094,173.72000122070312,172.1532440185547,75604200,2026-03-09 06:50:08.447594+00:00
2024-03-19,174.33999633789062,176.61000061035156,173.02999877929688,176.0800018310547,174.4919891357422,55215200,2026-03-09 06:50:08.447594+00:00
2024-03-20,175.72000122070312,178.6699981689453,175.08999633789062,178.6699981689453,177.05859375,53423100,2026-03-09 06:50:08.447594+00:00
2024-03-21,177.0500030517578,177.49000549316406,170.83999633789062,171.3699951171875,169.82444763183594,106181300,2026-03-09 06:50:08.447594+00:00
2024-03-22,171.75999450683594,173.0500030517578,170.05999755859375,172.27999877929688,170.72625732421875,71160100,2026-03-09 06:50:08.447594+00:00
2024-03-25,170.57000732421875,171.94000244140625,169.4499969482422,170.85000610351562,169.30914306640625,54288300,2026-03-09 06:50:08.447594+00:00
2024-03-26,170.0,171.4199981689453,169.5800018310547,169.7100067138672,168.17942810058594,57388400,2026-03-09 06:50:08.447594+00:00
2024-03-27,170.41000366210938,173.60000610351562,170.11000061035156,173.30999755859375,171.7469482421875,60273300,2026-03-09 06:50:08.447594+00:00
2024-03-28,171.75,172.22999572753906,170.50999450683594,171.47999572753906,169.93344116210938,65672700,2026-03-09 06:50:08.447594+00:00
2024-04-01,171.19000244140625,171.25,169.47999572753906,170.02999877929688,168.49655151367188,46240500,2026-03-09 06:50:08.447594+00:00
2024-04-02,169.0800018310547,169.33999633789062,168.22999572753906,168.83999633789062,167.31727600097656,49329500,2026-03-09 06:50:08.447594+00:00
2024-04-03,168.7899932861328,170.67999267578125,168.5800018310547,169.64999389648438,168.1199493408203,47691700,2026-03-09 06:50:08.447594+00:00
2024-04-04,170.2899932861328,171.9199981689453,168.82000732421875,168.82000732421875,167.29747009277344,53704400,2026-03-09 06:50:08.447594+00:00
2024-04-05,169.58999633789062,170.38999938964844,168.9499969482422,169.5800018310547,168.05059814453125,42104800,2026-03-09 06:50:08.447594+00:00
2024-04-08,169.02999877929688,169.1999969482422,168.24000549316406,168.4499969482422,166.9307861328125,37425500,2026-03-09 06:50:08.447594+00:00
2024-04-09,168.6999969482422,170.0800018310547,168.35000610351562,169.6699981689453,168.13975524902344,42373800,2026-03-09 06:50:08.447594+00:00
2024-04-10,168.8000030517578,169.08999633789062,167.11000061035156,167.77999877929688,166.26686096191406,49709300,2026-03-09 06:50:08.447594+00:00
2024-04-11,168.33999633789062,175.4600067138672,168.16000366210938,175.0399932861328,173.46133422851562,91070300,2026-03-09 06:50:08.447594+00:00
2024-04-12,174.25999450683594,178.36000061035156,174.2100067138672,176.5500030517578,174.95774841308594,101670900,2026-03-09 06:50:08.447594+00:00
2024-04-15,175.36000061035156,176.6300048828125,172.5,172.69000244140625,171.13255310058594,73531800,2026-03-09 06:50:08.447594+00:00
2024-04-16,171.75,173.75999450683594,168.27000427246094,169.3800048828125,167.85240173339844,73711200,2026-03-09 06:50:08.447594+00:00
2024-04-17,169.61000061035156,170.64999389648438,168.0,168.0,166.48486328125,50901200,2026-03-09 06:50:08.447594+00:00
2024-04-18,168.02999877929688,168.63999938964844,166.5500030517578,167.0399932861328,165.5334930419922,43122900,2026-03-09 06:50:08.447594+00:00
2024-04-19,166.2100067138672,166.39999389648438,164.0800018310547,165.0,163.51193237304688,68149400,2026-03-09 06:50:08.447594+00:00
2024-04-22,165.52000427246094,167.25999450683594,164.77000427246094,165.83999633789062,164.3443145751953,48116400,2026-03-09 06:50:08.447594+00:00
2024-04-23,165.35000610351562,167.0500030517578,164.9199981689453,166.89999389648438,165.39479064941406,49537800,2026-03-09 06:50:08.447594+00:00
2024-04-24,166.5399932861328,169.3000030517578,166.2100067138672,169.02000427246094,167.49566650390625,48251800,2026-03-09 06:50:08.447594+00:00
2024-04-25,169.52999877929688,170.61000061035156,168.14999389648438,169.88999938964844,168.35781860351562,50558300,2026-03-09 06:50:08.447594+00:00
2024-04-26,169.8800048828125,171.33999633789062,169.17999267578125,169.3000030517578,167.77313232421875,44838400,2026-03-09 06:50:08.447594+00:00
2024-04-29,173.3699951171875,176.02999877929688,173.10000610351562,173.5,171.93524169921875,68169400,2026-03-09 06:50:08.447594+00:00
2024-04-30,173.3300018310547,174.99000549316406,170.0,170.3300018310547,168.79383850097656,65934800,2026-03-09 06:50:08.447594+00:00
2024-05-01,169.5800018310547,172.7100067138672,169.11000061035156,169.3000030517578,167.77313232421875,50383100,2026-03-09 06:50:08.447594+00:00
2024-05-02,172.50999450683594,173.4199981689453,170.88999938964844,173.02999877929688,171.469482421875,94214900,2026-03-09 06:50:08.447594+00:00
2024-05-03,186.64999389648438,187.0,182.66000366210938,183.3800048828125,181.72613525390625,163224100,2026-03-09 06:50:08.447594+00:00
2024-05-06,182.35000610351562,184.1999969482422,180.4199981689453,181.7100067138672,180.0712127685547,78569700,2026-03-09 06:50:08.447594+00:00
2024-05-07,183.4499969482422,184.89999389648438,181.32000732421875,182.39999389648438,180.75497436523438,77305800,2026-03-09 06:50:08.447594+00:00
2024-05-08,182.85000610351562,183.07000732421875,181.4499969482422,182.74000549316406,181.0919189453125,45057100,2026-03-09 06:50:08.447594+00:00
2024-05-09,182.55999755859375,184.66000366210938,182.11000061035156,184.57000732421875,182.90541076660156,48983000,2026-03-09 06:50:08.447594+00:00
2024-05-10,184.89999389648438,185.08999633789062,182.1300048828125,183.0500030517578,181.64515686035156,50759500,2026-03-09 06:50:08.447594+00:00
2024-05-13,185.44000244140625,187.10000610351562,184.6199951171875,186.27999877929688,184.85037231445312,72044800,2026-03-09 06:50:08.447594+00:00
2024-05-14,187.50999450683594,188.3000030517578,186.2899932861328,187.42999267578125,185.99154663085938,52393600,2026-03-09 06:50:08.447594+00:00
2024-05-15,187.91000366210938,190.64999389648438,187.3699951171875,189.72000122070312,188.2639617919922,70400000,2026-03-09 06:50:08.447594+00:00
2024-05-16,190.47000122070312,191.10000610351562,189.66000366210938,189.83999633789062,188.38304138183594,52845200,2026-03-09 06:50:08.447594+00:00
2024-05-17,189.50999450683594,190.80999755859375,189.17999267578125,189.8699951171875,188.41281127929688,41282900,2026-03-09 06:50:08.447594+00:00
2024-05-20,189.3300018310547,191.9199981689453,189.00999450683594,191.0399932861328,189.57382202148438,44361300,2026-03-09 06:50:08.447594+00:00
2024-05-21,191.08999633789062,192.72999572753906,190.9199981689453,192.35000610351562,190.87379455566406,42309400,2026-03-09 06:50:08.447594+00:00
2024-05-22,192.27000427246094,192.82000732421875,190.27000427246094,190.89999389648438,189.43490600585938,34648500,2026-03-09 06:50:08.447594+00:00
2024-05-23,190.97999572753906,191.0,186.6300048828125,186.8800048828125,185.44578552246094,51005900,2026-03-09 06:50:08.447594+00:00
2024-05-24,188.82000732421875,190.5800018310547,188.0399932861328,189.97999572753906,188.52195739746094,36327000,2026-03-09 06:50:08.447594+00:00
2024-05-28,191.50999450683594,193.0,189.10000610351562,189.99000549316406,188.53192138671875,52280100,2026-03-09 06:50:08.447594+00:00
2024-05-29,189.61000061035156,192.25,189.50999450683594,190.2899932861328,188.82957458496094,53068000,2026-03-09 06:50:08.447594+00:00
2024-05-30,190.75999450683594,192.17999267578125,190.6300048828125,191.2899932861328,189.8218994140625,49889100,2026-03-09 06:50:08.447594+00:00
2024-05-31,191.44000244140625,192.57000732421875,189.91000366210938,192.25,190.77455139160156,75158300,2026-03-09 06:50:08.447594+00:00
2024-06-03,192.89999389648438,194.99000549316406,192.52000427246094,194.02999877929688,192.54087829589844,50080500,2026-03-09 06:50:08.447594+00:00
2024-06-04,194.63999938964844,195.32000732421875,193.02999877929688,194.35000610351562,192.85842895507812,47471400,2026-03-09 06:50:08.447594+00:00
2024-06-05,195.39999389648438,196.89999389648438,194.8699951171875,195.8699951171875,194.36676025390625,54156800,2026-03-09 06:50:08.447594+00:00
2024-06-06,195.69000244140625,196.5,194.1699981689453,194.47999572753906,192.98741149902344,41181800,2026-03-09 06:50:08.447594+00:00
2024-06-07,194.64999389648438,196.94000244140625,194.13999938964844,196.88999938964844,195.37893676757812,53103900,2026-03-09 06:50:08.447594+00:00
2024-06-10,196.89999389648438,197.3000030517578,192.14999389648438,193.1199951171875,191.63784790039062,97010200,2026-03-09 06:50:08.447594+00:00
2024-06-11,193.64999389648438,207.16000366210938,193.6300048828125,207.14999389648438,205.5601806640625,172373300,2026-03-09 06:50:08.447594+00:00
2024-06-12,207.3699951171875,220.1999969482422,206.89999389648438,213.07000732421875,211.4347686767578,198134300,2026-03-09 06:50:08.447594+00:00
2024-06-13,214.74000549316406,216.75,211.60000610351562,214.24000549316406,212.5957794189453,97862700,2026-03-09 06:50:08.447594+00:00
2024-06-14,213.85000610351562,215.1699981689453,211.3000030517578,212.49000549316406,210.85922241210938,70122700,2026-03-09 06:50:08.447594+00:00
2024-06-17,213.3699951171875,218.9499969482422,212.72000122070312,216.6699981689453,215.0071258544922,93728300,2026-03-09 06:50:08.447594+00:00
2024-06-18,217.58999633789062,218.6300048828125,213.0,214.2899932861328,212.6453857421875,79943300,2026-03-09 06:50:08.447594+00:00
2024-06-20,213.92999267578125,214.24000549316406,208.85000610351562,209.67999267578125,208.07077026367188,86172500,2026-03-09 06:50:08.447594+00:00
2024-06-21,210.38999938964844,211.88999938964844,207.11000061035156,207.49000549316406,205.89759826660156,241805100,2026-03-09 06:50:08.447594+00:00
2024-06-24,207.72000122070312,212.6999969482422,206.58999633789062,208.13999938964844,206.54258728027344,80727000,2026-03-09 06:50:08.447594+00:00
2024-06-25,209.14999389648438,211.3800048828125,208.61000061035156,209.07000732421875,207.46548461914062,55549700,2026-03-09 06:50:08.447594+00:00
2024-06-26,211.5,214.86000061035156,210.63999938964844,213.25,211.61338806152344,66213200,2026-03-09 06:50:08.447594+00:00
2024-06-27,214.69000244140625,215.74000549316406,212.35000610351562,214.10000610351562,212.45687866210938,49772700,2026-03-09 06:50:08.447594+00:00
2024-06-28,215.77000427246094,216.07000732421875,210.3000030517578,210.6199951171875,209.00355529785156,82542700,2026-03-09 06:50:08.447594+00:00
2024-07-01,212.08999633789062,217.50999450683594,211.9199981689453,216.75,215.08651733398438,60402900,2026-03-09 06:50:08.447594+00:00
2024-07-02,216.14999389648438,220.3800048828125,215.10000610351562,220.27000427246094,218.5795135498047,58046200,2026-03-09 06:50:08.447594+00:00
2024-07-03,220.0,221.5500030517578,219.02999877929688,221.5500030517578,219.84967041015625,37369800,2026-03-09 06:50:08.447594+00:00
2024-07-05,221.64999389648438,226.4499969482422,221.64999389648438,226.33999633789062,224.6029052734375,60412400,2026-03-09 06:50:08.447594+00:00
2024-07-08,227.08999633789062,227.85000610351562,223.25,227.82000732421875,226.0715789794922,59085900,2026-03-09 06:50:08.447594+00:00
2024-07-09,227.92999267578125,229.39999389648438,226.3699951171875,228.67999267578125,226.92495727539062,48076100,2026-03-09 06:50:08.447594+00:00
2024-07-10,229.3000030517578,233.0800018310547,229.25,232.97999572753906,231.1919708251953,62627700,2026-03-09 06:50:08.447594+00:00
2024-07-11,231.38999938964844,232.38999938964844,225.77000427246094,227.57000732421875,225.823486328125,64710600,2026-03-09 06:50:08.447594+00:00
2024-07-12,228.9199981689453,232.63999938964844,228.67999267578125,230.5399932861328,228.77069091796875,53046500,2026-03-09 06:50:08.447594+00:00
2024-07-15,236.47999572753906,237.22999572753906,233.08999633789062,234.39999389648438,232.60105895996094,62631300,2026-03-09 06:50:08.447594+00:00
2024-07-16,235.0,236.27000427246094,232.3300018310547,234.82000732421875,233.0178680419922,43234300,2026-03-09 06:50:08.447594+00:00
2024-07-17,229.4499969482422,231.4600067138672,226.63999938964844,228.8800048828125,227.12344360351562,57345900,2026-03-09 06:50:08.447594+00:00
2024-07-18,230.27999877929688,230.44000244140625,222.27000427246094,224.17999267578125,222.45947265625,66034600,2026-03-09 06:50:08.447594+00:00
2024-07-19,224.82000732421875,226.8000030517578,223.27999877929688,224.30999755859375,222.5885009765625,49151500,2026-03-09 06:50:08.447594+00:00
2024-07-22,227.00999450683594,227.77999877929688,223.08999633789062,223.9600067138672,222.2412109375,48201800,2026-03-09 06:50:08.447594+00:00
2024-07-23,224.3699951171875,226.94000244140625,222.67999267578125,225.00999450683594,223.2831268310547,39960300,2026-03-09 06:50:08.447594+00:00
2024-07-24,224.0,224.8000030517578,217.1300048828125,218.5399932861328,216.86276245117188,61777600,2026-03-09 06:50:08.447594+00:00
2024-07-25,218.92999267578125,220.85000610351562,214.6199951171875,217.49000549316406,215.8208465576172,51391200,2026-03-09 06:50:08.447594+00:00
2024-07-26,218.6999969482422,219.49000549316406,216.00999450683594,217.9600067138672,216.2872314453125,41601300,2026-03-09 06:50:08.447594+00:00
2024-07-29,216.9600067138672,219.3000030517578,215.75,218.24000549316406,216.5651092529297,36311800,2026-03-09 06:50:08.447594+00:00
2024-07-30,219.19000244140625,220.3300018310547,216.1199951171875,218.8000030517578,217.1208038330078,41643800,2026-03-09 06:50:08.447594+00:00
2024-07-31,221.44000244140625,223.82000732421875,220.6300048828125,222.0800018310547,220.3756103515625,50036300,2026-03-09 06:50:08.447594+00:00
2024-08-01,224.3699951171875,224.47999572753906,217.02000427246094,218.36000061035156,216.68417358398438,62501000,2026-03-09 06:50:08.447594+00:00
2024-08-02,219.14999389648438,225.60000610351562,217.7100067138672,219.86000061035156,218.1726531982422,105568600,2026-03-09 06:50:08.447594+00:00
2024-08-05,199.08999633789062,213.5,196.0,209.27000427246094,207.6639404296875,119548600,2026-03-09 06:50:08.447594+00:00
2024-08-06,205.3000030517578,209.99000549316406,201.07000732421875,207.22999572753906,205.63958740234375,69660500,2026-03-09 06:50:08.447594+00:00
2024-08-07,206.89999389648438,213.63999938964844,206.38999938964844,209.82000732421875,208.209716796875,63516400,2026-03-09 06:50:08.447594+00:00
2024-08-08,213.11000061035156,214.1999969482422,208.8300018310547,213.30999755859375,211.6729278564453,47161100,2026-03-09 06:50:08.447594+00:00
2024-08-09,212.10000610351562,216.77999877929688,211.97000122070312,216.24000549316406,214.58042907714844,42201600,2026-03-09 06:50:08.447594+00:00
2024-08-12,216.07000732421875,219.50999450683594,215.60000610351562,217.52999877929688,216.1103973388672,38028100,2026-03-09 06:50:08.447594+00:00
2024-08-13,219.00999450683594,221.88999938964844,219.00999450683594,221.27000427246094,219.82598876953125,44155300,2026-03-09 06:50:08.447594+00:00
2024-08-14,220.57000732421875,223.02999877929688,219.6999969482422,221.72000122070312,220.27305603027344,41960600,2026-03-09 06:50:08.447594+00:00
2024-08-15,224.60000610351562,225.35000610351562,222.75999450683594,224.72000122070312,223.25344848632812,46414000,2026-03-09 06:50:08.447594+00:00
2024-08-16,223.9199981689453,226.8300018310547,223.64999389648438,226.0500030517578,224.5747833251953,44340200,2026-03-09 06:50:08.447594+00:00
2024-08-19,225.72000122070312,225.99000549316406,223.0399932861328,225.88999938964844,224.41583251953125,40687800,2026-03-09 06:50:08.447594+00:00
2024-08-20,225.77000427246094,227.1699981689453,225.4499969482422,226.50999450683594,225.0317840576172,30299000,2026-03-09 06:50:08.447594+00:00
2024-08-21,226.52000427246094,227.97999572753906,225.0500030517578,226.39999389648438,224.92250061035156,34765500,2026-03-09 06:50:08.447594+00:00
2024-08-22,227.7899932861328,228.33999633789062,223.89999389648438,224.52999877929688,223.06471252441406,43695300,2026-03-09 06:50:08.447594+00:00
2024-08-23,225.66000366210938,228.22000122070312,224.3300018310547,226.83999633789062,225.35963439941406,38677300,2026-03-09 06:50:08.447594+00:00
2024-08-26,226.75999450683594,227.27999877929688,223.88999938964844,227.17999267578125,225.69740295410156,30602200,2026-03-09 06:50:08.447594+00:00
2024-08-27,226.0,228.85000610351562,224.88999938964844,228.02999877929688,226.5418701171875,35934600,2026-03-09 06:50:08.447594+00:00
2024-08-28,227.9199981689453,229.86000061035156,225.67999267578125,226.49000549316406,225.01193237304688,38052200,2026-03-09 06:50:08.447594+00:00
2024-08-29,230.10000610351562,232.9199981689453,228.8800048828125,229.7899932861328,228.29039001464844,51906300,2026-03-09 06:50:08.447594+00:00
2024-08-30,230.19000244140625,230.39999389648438,227.47999572753906,229.0,227.5055389404297,52990800,2026-03-09 06:50:08.447594+00:00
2024-09-03,228.5500030517578,229.0,221.1699981689453,222.77000427246094,221.31619262695312,50190600,2026-03-09 06:50:08.447594+00:00
2024-09-04,221.66000366210938,221.77999877929688,217.47999572753906,220.85000610351562,219.40872192382812,43840200,2026-03-09 06:50:08.447594+00:00
2024-09-05,221.6300048828125,225.47999572753906,221.52000427246094,222.3800048828125,220.92874145507812,36615400,2026-03-09 06:50:08.447594+00:00
2024-09-06,223.9499969482422,225.24000549316406,219.77000427246094,220.82000732421875,219.37893676757812,48423000,2026-03-09 06:50:08.447594+00:00
2024-09-09,220.82000732421875,221.27000427246094,216.7100067138672,220.91000366210938,219.46835327148438,67180000,2026-03-09 06:50:08.447594+00:00
2024-09-10,218.9199981689453,221.47999572753906,216.72999572753906,220.11000061035156,218.6735382080078,51591000,2026-03-09 06:50:08.447594+00:00
2024-09-11,221.4600067138672,223.08999633789062,217.88999938964844,222.66000366210938,221.20692443847656,44587100,2026-03-09 06:50:08.447594+00:00
2024-09-12,222.5,223.5500030517578,219.82000732421875,222.77000427246094,221.31619262695312,37455600,2026-03-09 06:50:08.447594+00:00
2024-09-13,223.5800018310547,224.0399932861328,221.91000366210938,222.5,221.04794311523438,36766600,2026-03-09 06:50:08.447594+00:00
2024-09-16,216.5399932861328,217.22000122070312,213.9199981689453,216.32000732421875,214.90829467773438,59357400,2026-03-09 06:50:08.447594+00:00
2024-09-17,215.75,216.89999389648438,214.5,216.7899932861328,215.37522888183594,45519300,2026-03-09 06:50:08.447594+00:00
2024-09-18,217.5500030517578,222.7100067138672,217.5399932861328,220.69000244140625,219.24977111816406,59894900,2026-03-09 06:50:08.447594+00:00
2024-09-19,224.99000549316406,229.82000732421875,224.6300048828125,228.8699951171875,227.3763885498047,66781300,2026-03-09 06:50:08.447594+00:00
2024-09-20,229.97000122070312,233.08999633789062,227.6199951171875,228.1999969482422,226.7107391357422,318679900,2026-03-09 06:50:08.447594+00:00
2024-09-23,227.33999633789062,229.4499969482422,225.80999755859375,226.47000122070312,224.99205017089844,54146000,2026-03-09 06:50:08.447594+00:00
2024-09-24,228.64999389648438,229.35000610351562,225.72999572753906,227.3699951171875,225.8861541748047,43556100,2026-03-09 06:50:08.447594+00:00
2024-09-25,224.92999267578125,227.2899932861328,224.02000427246094,226.3699951171875,224.8927001953125,42308700,2026-03-09 06:50:08.447594+00:00
2024-09-26,227.3000030517578,228.5,225.41000366210938,227.52000427246094,226.0352020263672,36636700,2026-03-09 06:50:08.447594+00:00
2024-09-27,228.4600067138672,229.52000427246094,227.3000030517578,227.7899932861328,226.30340576171875,34026000,2026-03-09 06:50:08.447594+00:00
2024-09-30,230.0399932861328,233.0,229.64999389648438,233.0,231.4794464111328,54541900,2026-03-09 06:50:08.447594+00:00
2024-10-01,229.52000427246094,229.64999389648438,223.74000549316406,226.2100067138672,224.73374938964844,63285000,2026-03-09 06:50:08.447594+00:00
2024-10-02,225.88999938964844,227.3699951171875,223.02000427246094,226.77999877929688,225.30001831054688,32880600,2026-03-09 06:50:08.447594+00:00
2024-10-03,225.13999938964844,226.80999755859375,223.32000732421875,225.6699981689453,224.19728088378906,34044200,2026-03-09 06:50:08.447594+00:00
2024-10-04,227.89999389648438,228.0,224.1300048828125,226.8000030517578,225.3199005126953,37245100,2026-03-09 06:50:08.447594+00:00
2024-10-07,224.5,225.69000244140625,221.3300018310547,221.69000244140625,220.24325561523438,39505400,2026-03-09 06:50:08.447594+00:00
2024-10-08,224.3000030517578,225.97999572753906,223.25,225.77000427246094,224.29661560058594,31855700,2026-03-09 06:50:08.447594+00:00
2024-10-09,225.22999572753906,229.75,224.8300018310547,229.5399932861328,228.0419921875,33591100,2026-03-09 06:50:08.447594+00:00
2024-10-10,227.77999877929688,229.5,227.1699981689453,229.0399932861328,227.5452423095703,28183500,2026-03-09 06:50:08.447594+00:00
2024-10-11,229.3000030517578,229.41000366210938,227.33999633789062,227.5500030517578,226.06500244140625,31759200,2026-03-09 06:50:08.447594+00:00
2024-10-14,228.6999969482422,231.72999572753906,228.60000610351562,231.3000030517578,229.79054260253906,39882100,2026-03-09 06:50:08.447594+00:00
2024-10-15,233.61000061035156,237.49000549316406,232.3699951171875,233.85000610351562,232.32388305664062,64751400,2026-03-09 06:50:08.447594+00:00
2024-10-16,231.60000610351562,232.1199951171875,229.83999633789062,231.77999877929688,230.2673797607422,34082200,2026-03-09 06:50:08.447594+00:00
2024-10-17,233.42999267578125,233.85000610351562,230.52000427246094,232.14999389648438,230.63499450683594,32993800,2026-03-09 06:50:08.447594+00:00
2024-10-18,236.17999267578125,236.17999267578125,234.00999450683594,235.0,233.4663848876953,46431500,2026-03-09 06:50:08.447594+00:00
2024-10-21,234.4499969482422,236.85000610351562,234.4499969482422,236.47999572753906,234.93670654296875,36254500,2026-03-09 06:50:08.447594+00:00
2024-10-22,233.88999938964844,236.22000122070312,232.60000610351562,235.86000061035156,234.3207550048828,38846600,2026-03-09 06:50:08.447594+00:00
2024-10-23,234.0800018310547,235.13999938964844,227.75999450683594,230.75999450683594,229.25404357910156,52287000,2026-03-09 06:50:08.447594+00:00
2024-10-24,229.97999572753906,230.82000732421875,228.41000366210938,230.57000732421875,229.06529235839844,31109500,2026-03-09 06:50:08.447594+00:00
2024-10-25,229.74000549316406,233.22000122070312,229.57000732421875,231.41000366210938,229.8998260498047,38802300,2026-03-09 06:50:08.447594+00:00
2024-10-28,233.32000732421875,234.72999572753906,232.5500030517578,233.39999389648438,231.87681579589844,36087100,2026-03-09 06:50:08.447594+00:00
2024-10-29,233.10000610351562,234.3300018310547,232.32000732421875,233.6699981689453,232.1450653076172,35417200,2026-03-09 06:50:08.447594+00:00
2024-10-30,232.61000061035156,233.47000122070312,229.5500030517578,230.10000610351562,228.59837341308594,47070900,2026-03-09 06:50:08.447594+00:00
2024-10-31,229.33999633789062,229.8300018310547,225.3699951171875,225.91000366210938,224.4357147216797,64370100,2026-03-09 06:50:08.447594+00:00
2024-11-01,220.97000122070312,225.35000610351562,220.27000427246094,222.91000366210938,221.4552764892578,65276700,2026-03-09 06:50:08.447594+00:00
2024-11-04,220.99000549316406,222.7899932861328,219.7100067138672,222.00999450683594,220.5611572265625,44944500,2026-03-09 06:50:08.447594+00:00
2024-11-05,221.8000030517578,223.9499969482422,221.13999938964844,223.4499969482422,221.9917449951172,28111300,2026-03-09 06:50:08.447594+00:00
2024-11-06,222.61000061035156,226.07000732421875,221.19000244140625,222.72000122070312,221.26651000976562,54561100,2026-03-09 06:50:08.447594+00:00
2024-11-07,224.6300048828125,227.8800048828125,224.57000732421875,227.47999572753906,225.99545288085938,42137700,2026-03-09 06:50:08.447594+00:00
2024-11-08,227.1699981689453,228.66000366210938,226.41000366210938,226.9600067138672,225.72694396972656,38328800,2026-03-09 06:50:08.447594+00:00
2024-11-11,225.0,225.6999969482422,221.5,224.22999572753906,223.01173400878906,42005600,2026-03-09 06:50:08.447594+00:00
2024-11-12,224.5500030517578,225.58999633789062,223.36000061035156,224.22999572753906,223.01173400878906,40398300,2026-03-09 06:50:08.447594+00:00
2024-11-13,224.00999450683594,226.64999389648438,222.75999450683594,225.1199951171875,223.89691162109375,48566200,2026-03-09 06:50:08.447594+00:00
2024-11-14,225.02000427246094,228.8699951171875,225.0,228.22000122070312,226.98007202148438,44923900,2026-03-09 06:50:08.447594+00:00
2024-11-15,226.39999389648438,226.9199981689453,224.27000427246094,225.0,223.77755737304688,47923700,2026-03-09 06:50:08.447594+00:00
2024-11-18,225.25,229.74000549316406,225.1699981689453,228.02000427246094,226.78115844726562,44633700,2026-03-09 06:50:08.447594+00:00
2024-11-19,226.97999572753906,230.16000366210938,226.66000366210938,228.27999877929688,227.0397491455078,36211800,2026-03-09 06:50:08.447594+00:00
2024-11-20,228.05999755859375,229.92999267578125,225.88999938964844,229.0,227.75582885742188,35169600,2026-03-09 06:50:08.447594+00:00
2024-11-21,228.8800048828125,230.16000366210938,225.7100067138672,228.52000427246094,227.2784423828125,42108300,2026-03-09 06:50:08.447594+00:00
2024-11-22,228.05999755859375,230.72000122070312,228.05999755859375,229.8699951171875,228.62110900878906,38168300,2026-03-09 06:50:08.447594+00:00
2024-11-25,231.4600067138672,233.25,229.74000549316406,232.8699951171875,231.60479736328125,90152800,2026-03-09 06:50:08.447594+00:00
2024-11-26,233.3300018310547,235.57000732421875,233.3300018310547,235.05999755859375,233.78292846679688,45986200,2026-03-09 06:50:08.447594+00:00
2024-11-27,234.47000122070312,235.69000244140625,233.80999755859375,234.92999267578125,233.6536102294922,33498400,2026-03-09 06:50:08.447594+00:00
2024-11-29,234.80999755859375,237.80999755859375,233.97000122070312,237.3300018310547,236.04058837890625,28481400,2026-03-09 06:50:08.447594+00:00
2024-12-02,237.27000427246094,240.7899932861328,237.16000366210938,239.58999633789062,238.2882843017578,48137100,2026-03-09 06:50:08.447594+00:00
2024-12-03,239.80999755859375,242.75999450683594,238.89999389648438,242.64999389648438,241.3316650390625,38861000,2026-03-09 06:50:08.447594+00:00
2024-12-04,242.8699951171875,244.11000061035156,241.25,243.00999450683594,241.68972778320312,44383900,2026-03-09 06:50:08.447594+00:00
2024-12-05,243.99000549316406,244.5399932861328,242.1300048828125,243.0399932861328,241.7195587158203,40033900,2026-03-09 06:50:08.447594+00:00
2024-12-06,242.91000366210938,244.6300048828125,242.0800018310547,242.83999633789062,241.5206298828125,36870600,2026-03-09 06:50:08.447594+00:00
2024-12-09,241.8300018310547,247.24000549316406,241.75,246.75,245.40940856933594,44649200,2026-03-09 06:50:08.447594+00:00
2024-12-10,246.88999938964844,248.2100067138672,245.33999633789062,247.77000427246094,246.42385864257812,36914800,2026-03-09 06:50:08.447594+00:00
2024-12-11,247.9600067138672,250.8000030517578,246.25999450683594,246.49000549316406,245.1508331298828,45205800,2026-03-09 06:50:08.447594+00:00
2024-12-12,246.88999938964844,248.74000549316406,245.67999267578125,247.9600067138672,246.61282348632812,32777500,2026-03-09 06:50:08.447594+00:00
2024-12-13,247.82000732421875,249.2899932861328,246.24000549316406,248.1300048828125,246.78192138671875,33155300,2026-03-09 06:50:08.447594+00:00
2024-12-16,247.99000549316406,251.3800048828125,247.64999389648438,251.0399932861328,249.6761016845703,51694800,2026-03-09 06:50:08.447594+00:00
2024-12-17,250.0800018310547,253.8300018310547,249.77999877929688,253.47999572753906,252.1028289794922,51356400,2026-03-09 06:50:08.447594+00:00
2024-12-18,252.16000366210938,254.27999877929688,247.74000549316406,248.0500030517578,246.70233154296875,56774100,2026-03-09 06:50:08.447594+00:00
2024-12-19,247.5,252.0,247.08999633789062,249.7899932861328,248.43287658691406,60882300,2026-03-09 06:50:08.447594+00:00
2024-12-20,248.0399932861328,255.0,245.69000244140625,254.49000549316406,253.1073455810547,147495300,2026-03-09 06:50:08.447594+00:00
2024-12-23,254.77000427246094,255.64999389648438,253.4499969482422,255.27000427246094,253.88311767578125,40858800,2026-03-09 06:50:08.447594+00:00
2024-12-24,255.49000549316406,258.2099914550781,255.2899932861328,258.20001220703125,256.79718017578125,23234700,2026-03-09 06:50:08.447594+00:00
2024-12-26,258.19000244140625,260.1000061035156,257.6300048828125,259.0199890136719,257.61273193359375,27237100,2026-03-09 06:50:08.447594+00:00
2024-12-27,257.8299865722656,258.70001220703125,253.05999755859375,255.58999633789062,254.2013702392578,42355300,2026-03-09 06:50:08.447594+00:00
2024-12-30,252.22999572753906,253.5,250.75,252.1999969482422,250.82977294921875,35557500,2026-03-09 06:50:08.447594+00:00
2024-12-31,252.44000244140625,253.27999877929688,249.42999267578125,250.4199981689453,249.05946350097656,39480700,2026-03-09 06:50:08.447594+00:00
2025-01-02,248.92999267578125,249.10000610351562,241.82000732421875,243.85000610351562,242.52516174316406,55740700,2026-03-09 06:50:08.447594+00:00
2025-01-03,243.36000061035156,244.17999267578125,241.88999938964844,243.36000061035156,242.037841796875,40244100,2026-03-09 06:50:08.447594+00:00
2025-01-06,244.30999755859375,247.3300018310547,243.1999969482422,245.0,243.66891479492188,45045600,2026-03-09 06:50:08.447594+00:00
2025-01-07,242.97999572753906,245.5500030517578,241.35000610351562,242.2100067138672,240.89407348632812,40856000,2026-03-09 06:50:08.447594+00:00
2025-01-08,241.9199981689453,243.7100067138672,240.0500030517578,242.6999969482422,241.38140869140625,37628900,2026-03-09 06:50:08.447594+00:00
2025-01-10,240.00999450683594,240.16000366210938,233.0,236.85000610351562,235.56320190429688,61710900,2026-03-09 06:50:08.447594+00:00
2025-01-13,233.52999877929688,234.6699981689453,229.72000122070312,234.39999389648438,233.12649536132812,49630700,2026-03-09 06:50:08.447594+00:00
2025-01-14,234.75,236.1199951171875,232.47000122070312,233.27999877929688,232.01258850097656,39435300,2026-03-09 06:50:08.447594+00:00
2025-01-15,234.63999938964844,238.9600067138672,234.42999267578125,237.8699951171875,236.57763671875,39832000,2026-03-09 06:50:08.447594+00:00
2025-01-16,237.35000610351562,238.00999450683594,228.02999877929688,228.25999450683594,227.0198516845703,71759100,2026-03-09 06:50:08.447594+00:00
2025-01-17,232.1199951171875,232.2899932861328,228.47999572753906,229.97999572753906,228.7305145263672,68488300,2026-03-09 06:50:08.447594+00:00
2025-01-21,224.0,224.4199981689453,219.3800048828125,222.63999938964844,221.4303741455078,98070400,2026-03-09 06:50:08.447594+00:00
2025-01-22,219.7899932861328,224.1199951171875,219.7899932861328,223.8300018310547,222.6139373779297,64126500,2026-03-09 06:50:08.447594+00:00
2025-01-23,224.74000549316406,227.02999877929688,222.3000030517578,223.66000366210938,222.4448699951172,60234800,2026-03-09 06:50:08.447594+00:00
2025-01-24,224.77999877929688,225.6300048828125,221.41000366210938,222.77999877929688,221.5696258544922,54697900,2026-03-09 06:50:08.447594+00:00
2025-01-27,224.02000427246094,232.14999389648438,223.97999572753906,229.86000061035156,228.61117553710938,94863400,2026-03-09 06:50:08.447594+00:00
2025-01-28,230.85000610351562,240.19000244140625,230.80999755859375,238.25999450683594,236.9655303955078,75707600,2026-03-09 06:50:08.447594+00:00
2025-01-29,234.1199951171875,239.86000061035156,234.00999450683594,239.36000061035156,238.05953979492188,45486100,2026-03-09 06:50:08.447594+00:00
2025-01-30,238.6699981689453,240.7899932861328,237.2100067138672,237.58999633789062,236.2991485595703,55658300,2026-03-09 06:50:08.447594+00:00
2025-01-31,247.19000244140625,247.19000244140625,233.44000244140625,236.0,234.71778869628906,100959800,2026-03-09 06:50:08.447594+00:00
2025-02-03,229.99000549316406,231.8300018310547,225.6999969482422,228.00999450683594,226.77120971679688,73063300,2026-03-09 06:50:08.447594+00:00
2025-02-04,227.25,233.1300048828125,226.64999389648438,232.8000030517578,231.53518676757812,45067300,2026-03-09 06:50:08.447594+00:00
2025-02-05,228.52999877929688,232.6699981689453,228.27000427246094,232.47000122070312,231.2069854736328,39620300,2026-03-09 06:50:08.447594+00:00
2025-02-06,231.2899932861328,233.8000030517578,230.42999267578125,233.22000122070312,231.95291137695312,29925300,2026-03-09 06:50:08.447594+00:00
2025-02-07,232.60000610351562,234.0,227.25999450683594,227.6300048828125,226.39328002929688,39707200,2026-03-09 06:50:08.447594+00:00
2025-02-10,229.57000732421875,230.58999633789062,227.1999969482422,227.64999389648438,226.66209411621094,33115600,2026-03-09 06:50:08.447594+00:00
2025-02-11,228.1999969482422,235.22999572753906,228.1300048828125,232.6199951171875,231.6105499267578,53718400,2026-03-09 06:50:08.447594+00:00
2025-02-12,231.1999969482422,236.9600067138672,230.67999267578125,236.8699951171875,235.8420867919922,45243300,2026-03-09 06:50:08.447594+00:00
2025-02-13,236.91000366210938,242.33999633789062,235.57000732421875,241.52999877929688,240.4818572998047,53614100,2026-03-09 06:50:08.447594+00:00
2025-02-14,241.25,245.5500030517578,240.99000549316406,244.60000610351562,243.53857421875,40896200,2026-03-09 06:50:08.447594+00:00
2025-02-18,244.14999389648438,245.17999267578125,241.83999633789062,244.47000122070312,243.40911865234375,48822500,2026-03-09 06:50:08.447594+00:00
2025-02-19,244.66000366210938,246.00999450683594,243.16000366210938,244.8699951171875,243.80735778808594,32204200,2026-03-09 06:50:08.447594+00:00
2025-02-20,244.94000244140625,246.77999877929688,244.2899932861328,245.8300018310547,244.76319885253906,32316900,2026-03-09 06:50:08.447594+00:00
2025-02-21,245.9499969482422,248.69000244140625,245.22000122070312,245.5500030517578,244.4844207763672,53197400,2026-03-09 06:50:08.447594+00:00
2025-02-24,244.92999267578125,248.86000061035156,244.4199981689453,247.10000610351562,246.0277099609375,51326400,2026-03-09 06:50:08.447594+00:00
2025-02-25,248.0,250.0,244.91000366210938,247.0399932861328,245.9679718017578,48013300,2026-03-09 06:50:08.447594+00:00
2025-02-26,244.3300018310547,244.97999572753906,239.1300048828125,240.36000061035156,239.31695556640625,44433600,2026-03-09 06:50:08.447594+00:00
2025-02-27,239.41000366210938,242.4600067138672,237.05999755859375,237.3000030517578,236.27023315429688,41153600,2026-03-09 06:50:08.447594+00:00
2025-02-28,236.9499969482422,242.08999633789062,230.1999969482422,241.83999633789062,240.79052734375,56833400,2026-03-09 06:50:08.447594+00:00
2025-03-03,241.7899932861328,244.02999877929688,236.11000061035156,238.02999877929688,236.9970703125,47184000,2026-03-09 06:50:08.447594+00:00
2025-03-04,237.7100067138672,240.07000732421875,234.67999267578125,235.92999267578125,234.9061737060547,53798100,2026-03-09 06:50:08.447594+00:00
2025-03-05,235.4199981689453,236.5500030517578,229.22999572753906,235.74000549316406,234.7169952392578,47227600,2026-03-09 06:50:08.447594+00:00
2025-03-06,234.44000244140625,237.86000061035156,233.16000366210938,235.3300018310547,234.3087921142578,45170400,2026-03-09 06:50:08.447594+00:00
2025-03-07,235.11000061035156,241.3699951171875,234.75999450683594,239.07000732421875,238.03256225585938,46273600,2026-03-09 06:50:08.447594+00:00
2025-03-10,235.5399932861328,236.16000366210938,224.22000122070312,227.47999572753906,226.4928436279297,72071200,2026-03-09 06:50:08.447594+00:00
2025-03-11,223.80999755859375,225.83999633789062,217.4499969482422,220.83999633789062,219.8816680908203,76137400,2026-03-09 06:50:08.447594+00:00
2025-03-12,220.13999938964844,221.75,214.91000366210938,216.97999572753906,216.03842163085938,62547500,2026-03-09 06:50:08.447594+00:00
2025-03-13,215.9499969482422,216.83999633789062,208.4199981689453,209.67999267578125,208.77008056640625,61368300,2026-03-09 06:50:08.447594+00:00
2025-03-14,211.25,213.9499969482422,209.5800018310547,213.49000549316406,212.56356811523438,60107600,2026-03-09 06:50:08.447594+00:00
2025-03-17,213.30999755859375,215.22000122070312,209.97000122070312,214.0,213.07135009765625,48073400,2026-03-09 06:50:08.447594+00:00
2025-03-18,214.16000366210938,215.14999389648438,211.49000549316406,212.69000244140625,211.7670440673828,42432400,2026-03-09 06:50:08.447594+00:00
2025-03-19,214.22000122070312,218.75999450683594,213.75,215.24000549316406,214.30596923828125,54385400,2026-03-09 06:50:08.447594+00:00
2025-03-20,213.99000549316406,217.49000549316406,212.22000122070312,214.10000610351562,213.17091369628906,48862900,2026-03-09 06:50:08.447594+00:00
2025-03-21,211.55999755859375,218.83999633789062,211.27999877929688,218.27000427246094,217.3228302001953,94127800,2026-03-09 06:50:08.447594+00:00
2025-03-24,221.0,221.47999572753906,218.5800018310547,220.72999572753906,219.7721405029297,44299500,2026-03-09 06:50:08.447594+00:00
2025-03-25,220.77000427246094,224.10000610351562,220.0800018310547,223.75,222.77903747558594,34493600,2026-03-09 06:50:08.447594+00:00
2025-03-26,223.50999450683594,225.02000427246094,220.47000122070312,221.52999877929688,220.56866455078125,34466100,2026-03-09 06:50:08.447594+00:00
2025-03-27,221.38999938964844,224.99000549316406,220.55999755859375,223.85000610351562,222.8786163330078,37094800,2026-03-09 06:50:08.447594+00:00
2025-03-28,221.6699981689453,223.80999755859375,217.67999267578125,217.89999389648438,216.95440673828125,39818600,2026-03-09 06:50:08.447594+00:00
2025-03-31,217.00999450683594,225.6199951171875,216.22999572753906,222.1300048828125,221.1660614013672,65299300,2026-03-09 06:50:08.447594+00:00
2025-04-01,219.80999755859375,223.67999267578125,218.89999389648438,223.19000244140625,222.22146606445312,36412700,2026-03-09 06:50:08.447594+00:00
2025-04-02,221.32000732421875,225.19000244140625,221.02000427246094,223.88999938964844,222.91842651367188,35905900,2026-03-09 06:50:08.447594+00:00
2025-04-03,205.5399932861328,207.49000549316406,201.25,203.19000244140625,202.30825805664062,103419000,2026-03-09 06:50:08.447594+00:00
2025-04-04,193.88999938964844,199.8800048828125,187.33999633789062,188.3800048828125,187.56253051757812,125910900,2026-03-09 06:50:08.447594+00:00
2025-04-07,177.1999969482422,194.14999389648438,174.6199951171875,181.4600067138672,180.6725616455078,160466300,2026-03-09 06:50:08.447594+00:00
2025-04-08,186.6999969482422,190.33999633789062,169.2100067138672,172.4199981689453,171.6717987060547,120859500,2026-03-09 06:50:08.447594+00:00
2025-04-09,171.9499969482422,200.61000061035156,171.88999938964844,198.85000610351562,197.98709106445312,184395900,2026-03-09 06:50:08.447594+00:00
2025-04-10,189.07000732421875,194.77999877929688,183.0,190.4199981689453,189.5936737060547,121880000,2026-03-09 06:50:08.447594+00:00
2025-04-11,186.10000610351562,199.5399932861328,186.05999755859375,198.14999389648438,197.29013061523438,87435900,2026-03-09 06:50:08.447594+00:00
2025-04-14,211.44000244140625,212.94000244140625,201.16000366210938,202.52000427246094,201.64117431640625,101352900,2026-03-09 06:50:08.447594+00:00
2025-04-15,201.86000061035156,203.50999450683594,199.8000030517578,202.13999938964844,201.26280212402344,51343900,2026-03-09 06:50:08.447594+00:00
2025-04-16,198.36000061035156,200.6999969482422,192.3699951171875,194.27000427246094,193.4269561767578,59732400,2026-03-09 06:50:08.447594+00:00
2025-04-17,197.1999969482422,198.8300018310547,194.4199981689453,196.97999572753906,196.1251983642578,52164700,2026-03-09 06:50:08.447594+00:00
2025-04-21,193.27000427246094,193.8000030517578,189.80999755859375,193.16000366210938,192.32176208496094,46742500,2026-03-09 06:50:08.447594+00:00
2025-04-22,196.1199951171875,201.58999633789062,195.97000122070312,199.74000549316406,198.8732452392578,52976400,2026-03-09 06:50:08.447594+00:00
2025-04-23,206.0,208.0,202.8000030517578,204.60000610351562,203.71212768554688,52929200,2026-03-09 06:50:08.447594+00:00
2025-04-24,204.88999938964844,208.8300018310547,202.94000244140625,208.3699951171875,207.46578979492188,47311000,2026-03-09 06:50:08.447594+00:00
2025-04-25,206.3699951171875,209.75,206.1999969482422,209.27999877929688,208.371826171875,38222300,2026-03-09 06:50:08.447594+00:00
2025-04-28,210.0,211.5,207.4600067138672,210.13999938964844,209.2281036376953,38743100,2026-03-09 06:50:08.447594+00:00
2025-04-29,208.69000244140625,212.24000549316406,208.3699951171875,211.2100067138672,210.29345703125,36827600,2026-03-09 06:50:08.447594+00:00
2025-04-30,209.3000030517578,213.5800018310547,206.6699981689453,212.5,211.57785034179688,52286500,2026-03-09 06:50:08.447594+00:00
2025-05-01,209.0800018310547,214.55999755859375,208.89999389648438,213.32000732421875,212.39430236816406,57365700,2026-03-09 06:50:08.447594+00:00
2025-05-02,206.08999633789062,206.99000549316406,202.16000366210938,205.35000610351562,204.45889282226562,101010600,2026-03-09 06:50:08.447594+00:00
2025-05-05,203.10000610351562,204.10000610351562,198.2100067138672,198.88999938964844,198.02691650390625,69018500,2026-03-09 06:50:08.447594+00:00
2025-05-06,198.2100067138672,200.64999389648438,197.02000427246094,198.50999450683594,197.6485595703125,51216500,2026-03-09 06:50:08.447594+00:00
2025-05-07,199.1699981689453,199.44000244140625,193.25,196.25,195.39837646484375,68536700,2026-03-09 06:50:08.447594+00:00
2025-05-08,197.72000122070312,200.0500030517578,194.67999267578125,197.49000549316406,196.63299560546875,50478900,2026-03-09 06:50:08.447594+00:00
2025-05-09,199.0,200.5399932861328,197.5399932861328,198.52999877929688,197.66847229003906,36453900,2026-03-09 06:50:08.447594+00:00
2025-05-12,210.97000122070312,211.27000427246094,206.75,210.7899932861328,210.15048217773438,63775800,2026-03-09 06:50:08.447594+00:00
2025-05-13,210.42999267578125,213.39999389648438,209.0,212.92999267578125,212.28399658203125,51909300,2026-03-09 06:50:08.447594+00:00
2025-05-14,212.42999267578125,213.94000244140625,210.5800018310547,212.3300018310547,211.6858367919922,49325800,2026-03-09 06:50:08.447594+00:00
2025-05-15,210.9499969482422,212.9600067138672,209.5399932861328,211.4499969482422,210.80850219726562,45029500,2026-03-09 06:50:08.447594+00:00
2025-05-16,212.36000061035156,212.57000732421875,209.77000427246094,211.25999450683594,210.6190643310547,54737900,2026-03-09 06:50:08.447594+00:00
2025-05-19,207.91000366210938,209.47999572753906,204.25999450683594,208.77999877929688,208.14659118652344,46140500,2026-03-09 06:50:08.447594+00:00
2025-05-20,207.6699981689453,208.47000122070312,205.02999877929688,206.86000061035156,206.232421875,42496600,2026-03-09 06:50:08.447594+00:00
2025-05-21,205.1699981689453,207.0399932861328,200.7100067138672,202.08999633789062,201.47689819335938,59211800,2026-03-09 06:50:08.447594+00:00
2025-05-22,200.7100067138672,202.75,199.6999969482422,201.36000061035156,200.7490997314453,46742400,2026-03-09 06:50:08.447594+00:00
2025-05-23,193.6699981689453,197.6999969482422,193.4600067138672,195.27000427246094,194.67758178710938,78432900,2026-03-09 06:50:08.447594+00:00
2025-05-27,198.3000030517578,200.74000549316406,197.42999267578125,200.2100067138672,199.60260009765625,56288500,2026-03-09 06:50:08.447594+00:00
2025-05-28,200.58999633789062,202.72999572753906,199.89999389648438,200.4199981689453,199.8119659423828,45339700,2026-03-09 06:50:08.447594+00:00
2025-05-29,203.5800018310547,203.80999755859375,198.50999450683594,199.9499969482422,199.3433837890625,51396800,2026-03-09 06:50:08.447594+00:00
2025-05-30,199.3699951171875,201.9600067138672,196.77999877929688,200.85000610351562,200.24066162109375,70819900,2026-03-09 06:50:08.447594+00:00
2025-06-02,200.27999877929688,202.1300048828125,200.1199951171875,201.6999969482422,201.08807373046875,35423300,2026-03-09 06:50:08.447594+00:00
2025-06-03,201.35000610351562,203.77000427246094,200.9600067138672,203.27000427246094,202.6533203125,46381600,2026-03-09 06:50:08.447594+00:00
2025-06-04,202.91000366210938,206.24000549316406,202.10000610351562,202.82000732421875,202.2046661376953,43604000,2026-03-09 06:50:08.447594+00:00
2025-06-05,203.5,204.75,200.14999389648438,200.6300048828125,200.0213165283203,55126100,2026-03-09 06:50:08.447594+00:00
2025-06-06,203.0,205.6999969482422,202.0500030517578,203.9199981689453,203.30133056640625,46607700,2026-03-09 06:50:08.447594+00:00
2025-06-09,204.38999938964844,206.0,200.02000427246094,201.4499969482422,200.8388214111328,72862600,2026-03-09 06:50:08.447594+00:00
2025-06-10,200.60000610351562,204.35000610351562,200.57000732421875,202.6699981689453,202.0551300048828,54672600,2026-03-09 06:50:08.447594+00:00
2025-06-11,203.5,204.5,198.41000366210938,198.77999877929688,198.1769256591797,60989900,2026-03-09 06:50:08.447594+00:00
2025-06-12,199.0800018310547,199.67999267578125,197.36000061035156,199.1999969482422,198.5956573486328,43904600,2026-03-09 06:50:08.447594+00:00
2025-06-13,199.72999572753906,200.3699951171875,195.6999969482422,196.4499969482422,195.85400390625,51447300,2026-03-09 06:50:08.447594+00:00
2025-06-16,197.3000030517578,198.69000244140625,196.55999755859375,198.4199981689453,197.81802368164062,43020700,2026-03-09 06:50:08.447594+00:00
2025-06-17,197.1999969482422,198.38999938964844,195.2100067138672,195.63999938964844,195.04644775390625,38856200,2026-03-09 06:50:08.447594+00:00
2025-06-18,195.94000244140625,197.57000732421875,195.07000732421875,196.5800018310547,195.98361206054688,45394700,2026-03-09 06:50:08.447594+00:00
2025-06-20,198.24000549316406,201.6999969482422,196.86000061035156,201.0,200.39019775390625,96813500,2026-03-09 06:50:08.447594+00:00
2025-06-23,201.6300048828125,202.3000030517578,198.9600067138672,201.5,200.888671875,55814300,2026-03-09 06:50:08.447594+00:00
2025-06-24,202.58999633789062,203.44000244140625,200.1999969482422,200.3000030517578,199.69232177734375,54064000,2026-03-09 06:50:08.447594+00:00
2025-06-25,201.4499969482422,203.6699981689453,200.6199951171875,201.55999755859375,200.948486328125,39525700,2026-03-09 06:50:08.447594+00:00
2025-06-26,201.42999267578125,202.63999938964844,199.4600067138672,201.0,200.39019775390625,50799100,2026-03-09 06:50:08.447594+00:00
2025-06-27,201.88999938964844,203.22000122070312,200.0,201.0800018310547,200.469970703125,73188600,2026-03-09 06:50:08.447594+00:00
2025-06-30,202.00999450683594,207.38999938964844,199.25999450683594,205.1699981689453,204.54754638671875,91912800,2026-03-09 06:50:08.447594+00:00
2025-07-01,206.6699981689453,210.19000244140625,206.13999938964844,207.82000732421875,207.18951416015625,78788900,2026-03-09 06:50:08.447594+00:00
2025-07-02,208.91000366210938,213.33999633789062,208.13999938964844,212.44000244140625,211.7954864501953,67941800,2026-03-09 06:50:08.447594+00:00
2025-07-03,212.14999389648438,214.64999389648438,211.80999755859375,213.5500030517578,212.90211486816406,34955800,2026-03-09 06:50:08.447594+00:00
2025-07-07,212.67999267578125,216.22999572753906,208.8000030517578,209.9499969482422,209.3130340576172,50229000,2026-03-09 06:50:08.447594+00:00
2025-07-08,210.10000610351562,211.42999267578125,208.4499969482422,210.00999450683594,209.37286376953125,42848900,2026-03-09 06:50:08.447594+00:00
2025-07-09,209.52999877929688,211.3300018310547,207.22000122070312,211.13999938964844,210.4994354248047,48749400,2026-03-09 06:50:08.447594+00:00
2025-07-10,210.50999450683594,213.47999572753906,210.02999877929688,212.41000366210938,211.76559448242188,44443600,2026-03-09 06:50:08.447594+00:00
2025-07-11,210.57000732421875,212.1300048828125,209.86000061035156,211.16000366210938,210.5193634033203,39765800,2026-03-09 06:50:08.447594+00:00
2025-07-14,209.92999267578125,210.91000366210938,207.5399932861328,208.6199951171875,207.98707580566406,38840100,2026-03-09 06:50:08.447594+00:00
2025-07-15,209.22000122070312,211.88999938964844,208.9199981689453,209.11000061035156,208.47560119628906,42296300,2026-03-09 06:50:08.447594+00:00
2025-07-16,210.3000030517578,212.39999389648438,208.63999938964844,210.16000366210938,209.52239990234375,47490500,2026-03-09 06:50:08.447594+00:00
2025-07-17,210.57000732421875,211.8000030517578,209.58999633789062,210.02000427246094,209.38282775878906,48068100,2026-03-09 06:50:08.447594+00:00
2025-07-18,210.8699951171875,211.7899932861328,209.6999969482422,211.17999267578125,210.539306640625,48974600,2026-03-09 06:50:08.447594+00:00
2025-07-21,212.10000610351562,215.77999877929688,211.6300048828125,212.47999572753906,211.8353729248047,51377400,2026-03-09 06:50:08.447594+00:00
2025-07-22,213.13999938964844,214.9499969482422,212.22999572753906,214.39999389648438,213.74952697753906,46404100,2026-03-09 06:50:08.447594+00:00
2025-07-23,215.0,215.14999389648438,212.41000366210938,214.14999389648438,213.50030517578125,46989300,2026-03-09 06:50:08.447594+00:00
2025-07-24,213.89999389648438,215.69000244140625,213.52999877929688,213.75999450683594,213.11148071289062,46022600,2026-03-09 06:50:08.447594+00:00
2025-07-25,214.6999969482422,215.24000549316406,213.39999389648438,213.8800048828125,213.2311248779297,40268800,2026-03-09 06:50:08.447594+00:00
2025-07-28,214.02999877929688,214.85000610351562,213.05999755859375,214.0500030517578,213.40061950683594,37858000,2026-03-09 06:50:08.447594+00:00
2025-07-29,214.17999267578125,214.80999755859375,210.82000732421875,211.27000427246094,210.62904357910156,51411700,2026-03-09 06:50:08.447594+00:00
2025-07-30,211.89999389648438,212.38999938964844,207.72000122070312,209.0500030517578,208.415771484375,45512500,2026-03-09 06:50:08.447594+00:00
2025-07-31,208.49000549316406,209.83999633789062,207.16000366210938,207.57000732421875,206.94027709960938,80698400,2026-03-09 06:50:08.447594+00:00
2025-08-01,210.8699951171875,213.5800018310547,201.5,202.3800048828125,201.76600646972656,104434500,2026-03-09 06:50:08.447594+00:00
2025-08-04,204.50999450683594,207.8800048828125,201.67999267578125,203.35000610351562,202.7330780029297,75109300,2026-03-09 06:50:08.447594+00:00
2025-08-05,203.39999389648438,205.33999633789062,202.16000366210938,202.9199981689453,202.3043670654297,44155100,2026-03-09 06:50:08.447594+00:00
2025-08-06,205.6300048828125,215.3800048828125,205.58999633789062,213.25,212.60302734375,108483100,2026-03-09 06:50:08.447594+00:00
2025-08-07,218.8800048828125,220.85000610351562,216.5800018310547,220.02999877929688,219.36245727539062,90224800,2026-03-09 06:50:08.447594+00:00
2025-08-08,220.8300018310547,231.0,219.25,229.35000610351562,228.6541748046875,113854000,2026-03-09 06:50:08.447594+00:00
2025-08-11,227.9199981689453,229.55999755859375,224.75999450683594,227.17999267578125,226.747802734375,61806100,2026-03-09 06:50:08.447594+00:00
2025-08-12,228.00999450683594,230.8000030517578,227.07000732421875,229.64999389648438,229.21310424804688,55626200,2026-03-09 06:50:08.447594+00:00
2025-08-13,231.07000732421875,235.0,230.42999267578125,233.3300018310547,232.88612365722656,69878500,2026-03-09 06:50:08.447594+00:00
2025-08-14,234.05999755859375,235.1199951171875,230.85000610351562,232.77999877929688,232.337158203125,51916300,2026-03-09 06:50:08.447594+00:00
2025-08-15,234.0,234.27999877929688,229.33999633789062,231.58999633789062,231.1494140625,56038700,2026-03-09 06:50:08.447594+00:00
2025-08-18,231.6999969482422,233.1199951171875,230.11000061035156,230.88999938964844,230.4507598876953,37476200,2026-03-09 06:50:08.447594+00:00
2025-08-19,231.27999877929688,232.8699951171875,229.35000610351562,230.55999755859375,230.1213836669922,39402600,2026-03-09 06:50:08.447594+00:00
2025-08-20,229.97999572753906,230.47000122070312,225.77000427246094,226.00999450683594,225.5800323486328,42263900,2026-03-09 06:50:08.447594+00:00
2025-08-21,226.27000427246094,226.52000427246094,223.77999877929688,224.89999389648438,224.47215270996094,30621200,2026-03-09 06:50:08.447594+00:00
2025-08-22,226.1699981689453,229.08999633789062,225.41000366210938,227.75999450683594,227.3267059326172,42477800,2026-03-09 06:50:08.447594+00:00
2025-08-25,226.47999572753906,229.3000030517578,226.22999572753906,227.16000366210938,226.72784423828125,30983100,2026-03-09 06:50:08.447594+00:00
2025-08-26,226.8699951171875,229.49000549316406,224.69000244140625,229.30999755859375,228.87376403808594,54575100,2026-03-09 06:50:08.447594+00:00
2025-08-27,228.61000061035156,230.89999389648438,228.25999450683594,230.49000549316406,230.05152893066406,31259500,2026-03-09 06:50:08.447594+00:00
2025-08-28,230.82000732421875,233.41000366210938,229.33999633789062,232.55999755859375,232.11758422851562,38074700,2026-03-09 06:50:08.447594+00:00
2025-08-29,232.50999450683594,233.3800048828125,231.3699951171875,232.13999938964844,231.69837951660156,39418400,2026-03-09 06:50:08.447594+00:00
2025-09-02,229.25,230.85000610351562,226.97000122070312,229.72000122070312,229.28298950195312,44075600,2026-03-09 06:50:08.447594+00:00
2025-09-03,237.2100067138672,238.85000610351562,234.36000061035156,238.47000122070312,238.01634216308594,66427800,2026-03-09 06:50:08.447594+00:00
2025-09-04,238.4499969482422,239.89999389648438,236.74000549316406,239.77999877929688,239.32383728027344,47549400,2026-03-09 06:50:08.447594+00:00
2025-09-05,240.0,241.32000732421875,238.49000549316406,239.69000244140625,239.2340087890625,54870400,2026-03-09 06:50:08.447594+00:00
2025-09-08,239.3000030517578,240.14999389648438,236.33999633789062,237.8800048828125,237.42745971679688,48999500,2026-03-09 06:50:08.447594+00:00
2025-09-09,237.0,238.77999877929688,233.36000061035156,234.35000610351562,233.9041748046875,66313900,2026-03-09 06:50:08.447594+00:00
2025-09-10,232.19000244140625,232.4199981689453,225.9499969482422,226.7899932861328,226.35855102539062,83440800,2026-03-09 06:50:08.447594+00:00
2025-09-11,226.8800048828125,230.4499969482422,226.64999389648438,230.02999877929688,229.59239196777344,50208600,2026-03-09 06:50:08.447594+00:00
2025-09-12,229.22000122070312,234.50999450683594,229.02000427246094,234.07000732421875,233.6247100830078,55824200,2026-03-09 06:50:08.447594+00:00
2025-09-15,237.0,238.19000244140625,235.02999877929688,236.6999969482422,236.24969482421875,42699500,2026-03-09 06:50:08.447594+00:00
2025-09-16,237.17999267578125,241.22000122070312,236.32000732421875,238.14999389648438,237.6969451904297,63421100,2026-03-09 06:50:08.447594+00:00
2025-09-17,238.97000122070312,240.10000610351562,237.72999572753906,238.99000549316406,238.5353546142578,46508000,2026-03-09 06:50:08.447594+00:00
2025-09-18,239.97000122070312,241.1999969482422,236.64999389648438,237.8800048828125,237.42745971679688,44249600,2026-03-09 06:50:08.447594+00:00
2025-09-19,241.22999572753906,246.3000030517578,240.2100067138672,245.5,245.032958984375,163741300,2026-03-09 06:50:08.447594+00:00
2025-09-22,248.3000030517578,256.6400146484375,248.1199951171875,256.0799865722656,255.5928192138672,105517400,2026-03-09 06:50:08.447594+00:00
2025-09-23,255.8800048828125,257.3399963378906,253.5800018310547,254.42999267578125,253.9459686279297,60275200,2026-03-09 06:50:08.447594+00:00
2025-09-24,255.22000122070312,255.74000549316406,251.0399932861328,252.30999755859375,251.8300018310547,42303700,2026-03-09 06:50:08.447594+00:00
2025-09-25,253.2100067138672,257.1700134277344,251.7100067138672,256.8699951171875,256.3813171386719,55202100,2026-03-09 06:50:08.447594+00:00
2025-09-26,254.10000610351562,257.6000061035156,253.77999877929688,255.4600067138672,254.97401428222656,46076300,2026-03-09 06:50:08.447594+00:00
2025-09-29,254.55999755859375,255.0,253.00999450683594,254.42999267578125,253.9459686279297,40127700,2026-03-09 06:50:08.447594+00:00
2025-09-30,254.86000061035156,255.9199981689453,253.11000061035156,254.6300048828125,254.14559936523438,37704300,2026-03-09 06:50:08.447594+00:00
2025-10-01,255.0399932861328,258.7900085449219,254.92999267578125,255.4499969482422,254.9640350341797,48713900,2026-03-09 06:50:08.447594+00:00
2025-10-02,256.5799865722656,258.17999267578125,254.14999389648438,257.1300048828125,256.6408386230469,42630200,2026-03-09 06:50:08.447594+00:00
2025-10-03,254.6699981689453,259.239990234375,253.9499969482422,258.0199890136719,257.5291442871094,49155600,2026-03-09 06:50:08.447594+00:00
2025-10-06,257.989990234375,259.07000732421875,255.0500030517578,256.69000244140625,256.20166015625,44664100,2026-03-09 06:50:08.447594+00:00
2025-10-07,256.80999755859375,257.3999938964844,255.42999267578125,256.4800109863281,255.99209594726562,31955800,2026-03-09 06:50:08.447594+00:00
2025-10-08,256.5199890136719,258.5199890136719,256.1099853515625,258.05999755859375,257.569091796875,36496900,2026-03-09 06:50:08.447594+00:00
2025-10-09,257.80999755859375,258.0,253.13999938964844,254.0399932861328,253.55670166015625,38322000,2026-03-09 06:50:08.447594+00:00
2025-10-10,254.94000244140625,256.3800048828125,244.0,245.27000427246094,244.80340576171875,61999100,2026-03-09 06:50:08.447594+00:00
2025-10-13,249.3800048828125,249.69000244140625,245.55999755859375,247.66000366210938,247.18885803222656,38142900,2026-03-09 06:50:08.447594+00:00
2025-10-14,246.60000610351562,248.85000610351562,244.6999969482422,247.77000427246094,247.29864501953125,35478000,2026-03-09 06:50:08.447594+00:00
2025-10-15,249.49000549316406,251.82000732421875,247.47000122070312,249.33999633789062,248.86566162109375,33893600,2026-03-09 06:50:08.447594+00:00
2025-10-16,248.25,249.0399932861328,245.1300048828125,247.4499969482422,246.97926330566406,39777000,2026-03-09 06:50:08.447594+00:00
2025-10-17,248.02000427246094,253.3800048828125,247.27000427246094,252.2899932861328,251.81002807617188,49147000,2026-03-09 06:50:08.447594+00:00
2025-10-20,255.88999938964844,264.3800048828125,255.6300048828125,262.239990234375,261.7411193847656,90483000,2026-03-09 06:50:08.447594+00:00
2025-10-21,261.8800048828125,265.2900085449219,261.8299865722656,262.7699890136719,262.27008056640625,46695900,2026-03-09 06:50:08.447594+00:00
2025-10-22,262.6499938964844,262.8500061035156,255.42999267578125,258.45001220703125,257.9583435058594,45015300,2026-03-09 06:50:08.447594+00:00
2025-10-23,259.94000244140625,260.6199951171875,258.010009765625,259.5799865722656,259.0861511230469,32754900,2026-03-09 06:50:08.447594+00:00
2025-10-24,261.19000244140625,264.1300048828125,259.17999267578125,262.82000732421875,262.3200378417969,38253700,2026-03-09 06:50:08.447594+00:00
2025-10-27,264.8800048828125,269.1199951171875,264.6499938964844,268.80999755859375,268.2986145019531,44888200,2026-03-09 06:50:08.447594+00:00
2025-10-28,268.989990234375,269.8900146484375,268.1499938964844,269.0,268.4882507324219,41534800,2026-03-09 06:50:08.447594+00:00
2025-10-29,269.2799987792969,271.4100036621094,267.1099853515625,269.70001220703125,269.1869201660156,51086700,2026-03-09 06:50:08.447594+00:00
2025-10-30,271.989990234375,274.1400146484375,268.4800109863281,271.3999938964844,270.8836669921875,69886500,2026-03-09 06:50:08.447594+00:00
2025-10-31,276.989990234375,277.32000732421875,269.1600036621094,270.3699951171875,269.85565185546875,86167100,2026-03-09 06:50:08.447594+00:00
2025-11-03,270.4200134277344,270.8500061035156,266.25,269.04998779296875,268.53814697265625,50194600,2026-03-09 06:50:08.447594+00:00
2025-11-04,268.3299865722656,271.489990234375,267.6199951171875,270.0400085449219,269.5262756347656,49274800,2026-03-09 06:50:08.447594+00:00
2025-11-05,268.6099853515625,271.70001220703125,266.92999267578125,270.1400146484375,269.6260986328125,43683100,2026-03-09 06:50:08.447594+00:00
2025-11-06,267.8900146484375,273.3999938964844,267.8900146484375,269.7699890136719,269.25677490234375,51204000,2026-03-09 06:50:08.447594+00:00
2025-11-07,269.79998779296875,272.2900085449219,266.7699890136719,268.4700012207031,267.9592590332031,48227400,2026-03-09 06:50:08.447594+00:00
2025-11-10,268.9599914550781,273.7300109863281,267.4599914550781,269.42999267578125,269.1781311035156,41312400,2026-03-09 06:50:08.447594+00:00
2025-11-11,269.80999755859375,275.9100036621094,269.79998779296875,275.25,274.99267578125,46208300,2026-03-09 06:50:08.447594+00:00
2025-11-12,275.0,275.7300109863281,271.70001220703125,273.4700012207031,273.21435546875,48398000,2026-03-09 06:50:08.447594+00:00
2025-11-13,274.1099853515625,276.70001220703125,272.0899963378906,272.95001220703125,272.6948547363281,49602800,2026-03-09 06:50:08.447594+00:00
2025-11-14,271.04998779296875,275.9599914550781,269.6000061035156,272.4100036621094,272.15533447265625,47431300,2026-03-09 06:50:08.447594+00:00
2025-11-17,268.82000732421875,270.489990234375,265.7300109863281,267.4599914550781,267.2099609375,45018300,2026-03-09 06:50:08.447594+00:00
2025-11-18,269.989990234375,270.7099914550781,265.32000732421875,267.44000244140625,267.19000244140625,45677300,2026-03-09 06:50:08.447594+00:00
2025-11-19,265.5299987792969,272.2099914550781,265.5,268.55999755859375,268.3089294433594,40424500,2026-03-09 06:50:08.447594+00:00
2025-11-20,270.8299865722656,275.42999267578125,265.9200134277344,266.25,266.0010986328125,45823600,2026-03-09 06:50:08.447594+00:00
2025-11-21,265.95001220703125,273.3299865722656,265.6700134277344,271.489990234375,271.2361755371094,59030800,2026-03-09 06:50:08.447594+00:00
2025-11-24,270.8999938964844,277.0,270.8999938964844,275.9200134277344,275.6620788574219,65585800,2026-03-09 06:50:08.447594+00:00
2025-11-25,275.2699890136719,280.3800048828125,275.25,276.9700012207031,276.7110900878906,46914200,2026-03-09 06:50:08.447594+00:00
2025-11-26,276.9599914550781,279.5299987792969,276.6300048828125,277.54998779296875,277.29052734375,33431400,2026-03-09 06:50:08.447594+00:00
2025-11-28,277.260009765625,279.0,275.989990234375,278.8500061035156,278.5893249511719,20135600,2026-03-09 06:50:08.447594+00:00
2025-12-01,278.010009765625,283.4200134277344,276.1400146484375,283.1000061035156,282.8353576660156,46587700,2026-03-09 06:50:08.447594+00:00
2025-12-02,283.0,287.3999938964844,282.6300048828125,286.19000244140625,285.9224548339844,53669500,2026-03-09 06:50:08.447594+00:00
2025-12-03,286.20001220703125,288.6199951171875,283.29998779296875,284.1499938964844,283.8843688964844,43538700,2026-03-09 06:50:08.447594+00:00
2025-12-04,284.1000061035156,284.7300109863281,278.5899963378906,280.70001220703125,280.4375915527344,43989100,2026-03-09 06:50:08.447594+00:00
2025-12-05,280.5400085449219,281.1400146484375,278.04998779296875,278.7799987792969,278.5193786621094,47265800,2026-03-09 06:50:08.447594+00:00
2025-12-08,278.1300048828125,279.6700134277344,276.1499938964844,277.8900146484375,277.6302185058594,38211800,2026-03-09 06:50:08.447594+00:00
2025-12-09,278.1600036621094,280.0299987792969,276.9200134277344,277.17999267578125,276.9208679199219,32193300,2026-03-09 06:50:08.447594+00:00
2025-12-10,277.75,279.75,276.44000244140625,278.7799987792969,278.5193786621094,33038300,2026-03-09 06:50:08.447594+00:00
2025-12-11,279.1000061035156,279.5899963378906,273.80999755859375,278.0299987792969,277.77008056640625,33248000,2026-03-09 06:50:08.447594+00:00
2025-12-12,277.8999938964844,279.2200012207031,276.82000732421875,278.2799987792969,278.0198669433594,39532900,2026-03-09 06:50:08.447594+00:00
2025-12-15,280.1499938964844,280.1499938964844,272.8399963378906,274.1099853515625,273.8537292480469,50409100,2026-03-09 06:50:08.447594+00:00
2025-12-16,272.82000732421875,275.5,271.7900085449219,274.6099853515625,274.353271484375,37648600,2026-03-09 06:50:08.447594+00:00
2025-12-17,275.010009765625,276.1600036621094,271.6400146484375,271.8399963378906,271.58587646484375,50138700,2026-03-09 06:50:08.447594+00:00
2025-12-18,273.6099853515625,273.6300048828125,266.95001220703125,272.19000244140625,271.935546875,51630700,2026-03-09 06:50:08.447594+00:00
2025-12-19,272.1499938964844,274.6000061035156,269.8999938964844,273.6700134277344,273.4141845703125,144632000,2026-03-09 06:50:08.447594+00:00
2025-12-22,272.8599853515625,273.8800048828125,270.510009765625,270.9700012207031,270.7166748046875,36571800,2026-03-09 06:50:08.447594+00:00
2025-12-23,270.8399963378906,272.5,269.55999755859375,272.3599853515625,272.1053771972656,29642000,2026-03-09 06:50:08.447594+00:00
2025-12-24,272.3399963378906,275.42999267578125,272.20001220703125,273.80999755859375,273.55401611328125,17910600,2026-03-09 06:50:08.447594+00:00
2025-12-26,274.1600036621094,275.3699951171875,272.8599853515625,273.3999938964844,273.1444091796875,21521800,2026-03-09 06:50:08.447594+00:00
2025-12-29,272.69000244140625,274.3599853515625,272.3500061035156,273.760009765625,273.50408935546875,23715200,2026-03-09 06:50:08.447594+00:00
2025-12-30,272.80999755859375,274.0799865722656,272.2799987792969,273.0799865722656,272.82470703125,22139600,2026-03-09 06:50:08.447594+00:00
2025-12-31,273.05999755859375,273.67999267578125,271.75,271.8599853515625,271.6058349609375,27293600,2026-03-09 06:50:08.447594+00:00
2026-01-02,272.260009765625,277.8399963378906,269.0,271.010009765625,270.75665283203125,37838100,2026-03-09 06:50:08.447594+00:00
2026-01-05,270.6400146484375,271.510009765625,266.1400146484375,267.260009765625,267.0101623535156,45647200,2026-03-09 06:50:08.447594+00:00
2026-01-06,267.0,267.54998779296875,262.1199951171875,262.3599853515625,262.1147155761719,52352100,2026-03-09 06:50:08.447594+00:00
2026-01-07,263.20001220703125,263.67999267578125,259.80999755859375,260.3299865722656,260.08660888671875,48309800,2026-03-09 06:50:08.447594+00:00
2026-01-08,257.0199890136719,259.2900085449219,255.6999969482422,259.0400085449219,258.7978515625,50419300,2026-03-09 06:50:08.447594+00:00
2026-01-09,259.0799865722656,260.2099914550781,256.2200012207031,259.3699951171875,259.1275329589844,39997000,2026-03-09 06:50:08.447594+00:00
2026-01-12,259.1600036621094,261.29998779296875,256.79998779296875,260.25,260.0067138671875,45263800,2026-03-09 06:50:08.447594+00:00
2026-01-13,258.7200012207031,261.80999755859375,258.3900146484375,261.04998779296875,260.8059387207031,45730800,2026-03-09 06:50:08.447594+00:00
2026-01-14,259.489990234375,261.82000732421875,256.7099914550781,259.9599914550781,259.71697998046875,40019400,2026-03-09 06:50:08.447594+00:00
2026-01-15,260.6499938964844,261.0400085449219,257.04998779296875,258.2099914550781,257.9685974121094,39388600,2026-03-09 06:50:08.447594+00:00
2026-01-16,257.8999938964844,258.8999938964844,254.92999267578125,255.52999877929688,255.29112243652344,72142800,2026-03-09 06:50:08.447594+00:00
2026-01-20,252.72999572753906,254.7899932861328,243.4199981689453,246.6999969482422,246.46937561035156,80267500,2026-03-09 06:50:08.447594+00:00
2026-01-21,248.6999969482422,251.55999755859375,245.17999267578125,247.64999389648438,247.41848754882812,54641700,2026-03-09 06:50:08.447594+00:00
2026-01-22,249.1999969482422,251.0,248.14999389648438,248.35000610351562,248.1178436279297,39708300,2026-03-09 06:50:08.447594+00:00
2026-01-23,247.32000732421875,249.41000366210938,244.67999267578125,248.0399932861328,247.80812072753906,41689000,2026-03-09 06:50:08.447594+00:00
2026-01-26,251.47999572753906,256.55999755859375,249.8000030517578,255.41000366210938,255.17123413085938,55969200,2026-03-09 06:50:08.447594+00:00
2026-01-27,259.1700134277344,261.95001220703125,258.2099914550781,258.2699890136719,258.0285339355469,49648300,2026-03-09 06:50:08.447594+00:00
2026-01-28,257.6499938964844,258.8599853515625,254.50999450683594,256.44000244140625,256.2002868652344,41288000,2026-03-09 06:50:08.447594+00:00
2026-01-29,258.0,259.6499938964844,254.41000366210938,258.2799987792969,258.0385437011719,67253000,2026-03-09 06:50:08.447594+00:00
2026-01-30,255.1699981689453,261.8999938964844,252.17999267578125,259.4800109863281,259.2374267578125,92443400,2026-03-09 06:50:08.447594+00:00
2026-02-02,260.0299987792969,270.489990234375,259.2099914550781,270.010009765625,269.7575988769531,73913400,2026-03-09 06:50:08.447594+00:00
2026-02-03,269.20001220703125,271.8800048828125,267.6099853515625,269.4800109863281,269.22808837890625,64394700,2026-03-09 06:50:08.447594+00:00
2026-02-04,272.2900085449219,278.95001220703125,272.2900085449219,276.489990234375,276.23150634765625,90545700,2026-03-09 06:50:08.447594+00:00
2026-02-05,278.1300048828125,279.5,273.2300109863281,275.9100036621094,275.6520690917969,52977400,2026-03-09 06:50:08.447594+00:00
2026-02-06,277.1199951171875,280.9100036621094,276.92999267578125,278.1199951171875,277.8599853515625,50453400,2026-03-09 06:50:08.447594+00:00
2026-02-09,277.9100036621094,278.20001220703125,271.70001220703125,274.6199951171875,274.6199951171875,44623400,2026-03-09 06:50:08.447594+00:00
2026-02-10,274.8900146484375,275.3699951171875,272.94000244140625,273.67999267578125,273.67999267578125,34376900,2026-03-09 06:50:08.447594+00:00
2026-02-11,274.70001220703125,280.17999267578125,274.45001220703125,275.5,275.5,51931300,2026-03-09 06:50:08.447594+00:00
2026-02-12,275.5899963378906,275.7200012207031,260.17999267578125,261.7300109863281,261.7300109863281,81077200,2026-03-09 06:50:08.447594+00:00
2026-02-13,262.010009765625,262.2300109863281,255.4499969482422,255.77999877929688,255.77999877929688,56290700,2026-03-09 06:50:08.447594+00:00
2026-02-17,258.04998779296875,266.2900085449219,255.5399932861328,263.8800048828125,263.8800048828125,58469100,2026-03-09 06:50:08.447594+00:00
2026-02-18,263.6000061035156,266.82000732421875,262.45001220703125,264.3500061035156,264.3500061035156,34203300,2026-03-09 06:50:08.447594+00:00
2026-02-19,262.6000061035156,264.4800109863281,260.04998779296875,260.5799865722656,260.5799865722656,30845300,2026-03-09 06:50:08.447594+00:00
2026-02-20,258.9700012207031,264.75,258.1600036621094,264.5799865722656,264.5799865722656,42070500,2026-03-09 06:50:08.447594+00:00
2026-02-23,263.489990234375,269.42999267578125,263.3800048828125,266.17999267578125,266.17999267578125,37308200,2026-03-09 06:50:08.447594+00:00
2026-02-24,267.8599853515625,274.8900146484375,267.7099914550781,272.1400146484375,272.1400146484375,47014600,2026-03-09 06:50:08.447594+00:00
2026-02-25,271.7799987792969,274.94000244140625,271.04998779296875,274.2300109863281,274.2300109863281,33714300,2026-03-09 06:50:08.447594+00:00
2026-02-26,274.95001220703125,276.1099853515625,270.79998779296875,272.95001220703125,272.95001220703125,32345100,2026-03-09 06:50:08.447594+00:00
2026-02-27,272.80999755859375,272.80999755859375,262.8900146484375,264.17999267578125,264.17999267578125,72366500,2026-03-09 06:50:08.447594+00:00
2026-03-02,262.4100036621094,266.5299987792969,260.20001220703125,264.7200012207031,264.7200012207031,41827900,2026-03-09 06:50:08.447594+00:00
2026-03-03,263.4800109863281,265.55999755859375,260.1300048828125,263.75,263.75,38568900,2026-03-09 06:50:08.447594+00:00
2026-03-04,264.6499938964844,266.1499938964844,261.4200134277344,262.5199890136719,262.5199890136719,39803100,2026-03-09 06:50:08.447594+00:00
2026-03-05,260.7900085449219,261.55999755859375,257.25,260.2900085449219,260.2900085449219,49658600,2026-03-09 06:50:08.447594+00:00
2026-03-06,258.6300048828125,258.7699890136719,254.3699951171875,257.4599914550781,257.4599914550781,41094000,2026-03-09 06:50:08.447594+00:00
